{"type": "FeatureCollection", "features": [{"type": "Feature", "geometry": {"type": "Polygon", "coordinates": [[[-117.15826225996614, 32.72296974664233], [-117.1574851821029, 32.72297271784965], [-117.15747507973254, 32.72199157288252], [-117.15838867135754, 32.72198484784557], [-117.15839405967222, 32.722823105082526], [-117.15839511410373, 32.72283681280769], [-117.15839448856138, 32.72285053741418], [-117.15839218689099, 32.722864134595014], [-117.15838823749031, 32.72287746166574], [-117.15838268040729, 32.72289036774044], [-117.15837557614259, 32.72290271981722], [-117.15836699802514, 32.72291438750503], [-117.15835704071756, 32.72292524025564], [-117.15834580762989, 32.72293516819638], [-117.15833342349671, 32.722944060395825], [-117.1583200164479, 32.72295182483412], [-117.15830573816417, 32.72295837743389], [-117.15829073189519, 32.72296364409867], [-117.15827516142723, 32.72296757673168], [-117.15826225996614, 32.72296974664233]]]}, "properties": {"block_id": "08TH_AV_DATE_ST", "neighborhood": "Cortez", "latest_count_date": "2025-01-31", "latest_individuals": 0, "latest_tents": 0.0, "latest_vehicles": 0, "history": [{"date": "2018-01-24", "individuals": 0, "tents": 0.0, "vehicles": 0}, {"date": "2018-02-21", "individuals": 0, "tents": 0.0, "vehicles": 0}, {"date": "2019-01-31", "individuals": 0, "tents": 0.0, "vehicles": 0}, {"date": "2020-01-31", "individuals": 0, "tents": 0.0, "vehicles": 0}, {"date": "2020-02-26", "individuals": 1, "tents": 0.0, "vehicles": 0}, {"date": "2021-01-28", "individuals": 0, "tents": 0.0, "vehicles": 0}, {"date": "2021-02-25", "individuals": 0, "tents": 0.0, "vehicles": 0}, {"date": "2022-01-27", "individuals": 0, "tents": 0.0, "vehicles": 0}, {"date": "2022-03-01", "individuals": 0, "tents": 0.0, "vehicles": 0}, {"date": "2023-01-31", "individuals": 0, "tents": 0.0, "vehicles": 1}, {"date": "2024-01-25", "individuals": 0, "tents": 0.0, "vehicles": 0}, {"date": "2025-01-31", "individuals": 0, "tents": 0.0, "vehicles": 0}], "has_panel_data": true}}, {"type": "Feature", "geometry": {"type": "Polygon", "coordinates": [[[-117.15929762564186, 32.72197842255417], [-117.15838867135754, 32.72198484784557], [-117.15837787923272, 32.72093774378003], [-117.15930127008015, 32.720936436750506], [-117.15929762564186, 32.72197842255417]]]}, "properties": {"block_id": "07TH_AV_CEDAR_ST", "neighborhood": "Cortez", "latest_count_date": "2025-01-31", "latest_individuals": 2, "latest_tents": 0.0, "latest_vehicles": 0, "history": [{"date": "2018-01-24", "individuals": 0, "tents": 0.0, "vehicles": 0}, {"date": "2018-02-21", "individuals": 0, "tents": 0.0, "vehicles": 0}, {"date": "2019-01-31", "individuals": 0, "tents": 0.0, "vehicles": 0}, {"date": "2020-01-31", "individuals": 0, "tents": 0.0, "vehicles": 0}, {"date": "2020-02-26", "individuals": 1, "tents": 0.0, "vehicles": 0}, {"date": "2021-01-28", "individuals": 0, "tents": 0.0, "vehicles": 0}, {"date": "2021-02-25", "individuals": 0, "tents": 0.0, "vehicles": 0}, {"date": "2022-01-27", "individuals": 0, "tents": 0.0, "vehicles": 0}, {"date": "2022-03-01", "individuals": 0, "tents": 0.0, "vehicles": 0}, {"date": "2023-01-31", "individuals": 0, "tents": 0.0, "vehicles": 0}, {"date": "2024-01-25", "individuals": 0, "tents": 0.0, "vehicles": 0}, {"date": "2025-01-31", "individuals": 2, "tents": 0.0, "vehicles": 0}], "has_panel_data": true}}, {"type": "Feature", "geometry": {"type": "Polygon", "coordinates": [[[-117.15838867135754, 32.72198484784557], [-117.15929762564186, 32.72197842255417], [-117.15930711150797, 32.72244807619924], [-117.15930707043269, 32.72245774317343], [-117.1593070548808, 32.72246181916072], [-117.15930706009279, 32.72247555896102], [-117.1593071271999, 32.72248930101027], [-117.15930725830755, 32.72250304258775], [-117.15930744912116, 32.7225167810198], [-117.15930770185783, 32.72253052440574], [-117.15930788005502, 32.72253838718171], [-117.15930789084595, 32.72253881272423], [-117.15930801536727, 32.72254426463849], [-117.15930839498273, 32.72255800167869], [-117.15930883222676, 32.72257174099924], [-117.15930933128239, 32.722585474453666], [-117.15930989329995, 32.722599210149156], [-117.1593105192625, 32.72261293996282], [-117.15931120392038, 32.722626672048946], [-117.15931195038995, 32.72264039826892], [-117.15931243265909, 32.72264867901483], [-117.15931676138992, 32.7227530904373], [-117.15932109013099, 32.72285750185986], [-117.15830573816417, 32.72295837743389], [-117.1583200164479, 32.72295182483412], [-117.15833342349671, 32.722944060395825], [-117.15834580762989, 32.72293516819638], [-117.15835704071756, 32.72292524025564], [-117.15836699802514, 32.72291438750503], [-117.15837557614259, 32.72290271981722], [-117.15838268040729, 32.72289036774044], [-117.15838823749031, 32.72287746166574], [-117.15839218689099, 32.722864134595014], [-117.15839448856138, 32.72285053741418], [-117.15839511410373, 32.72283681280769], [-117.15839405967222, 32.722823105082526], [-117.15838867135754, 32.72198484784557]]]}, "properties": {"block_id": "07TH_AV_I-5_SB", "neighborhood": "Cortez", "latest_count_date": "2025-01-31", "latest_individuals": 6, "latest_tents": 0.0, "latest_vehicles": 0, "history": [{"date": "2018-01-24", "individuals": 1, "tents": 0.0, "vehicles": 0}, {"date": "2018-02-21", "individuals": 1, "tents": 0.0, "vehicles": 0}, {"date": "2019-01-31", "individuals": 1, "tents": 0.0, "vehicles": 0}, {"date": "2020-01-31", "individuals": 0, "tents": 0.0, "vehicles": 0}, {"date": "2020-02-26", "individuals": 0, "tents": 0.0, "vehicles": 0}, {"date": "2021-01-28", "individuals": 1, "tents": 0.0, "vehicles": 0}, {"date": "2021-02-25", "individuals": 0, "tents": 0.0, "vehicles": 0}, {"date": "2022-01-27", "individuals": 0, "tents": 0.0, "vehicles": 0}, {"date": "2022-03-01", "individuals": 0, "tents": 0.0, "vehicles": 0}, {"date": "2023-01-31", "individuals": 0, "tents": 0.0, "vehicles": 0}, {"date": "2024-01-25", "individuals": 0, "tents": 1.0, "vehicles": 0}, {"date": "2025-01-31", "individuals": 6, "tents": 0.0, "vehicles": 0}], "has_panel_data": true}}, {"type": "Feature", "geometry": {"type": "Polygon", "coordinates": [[[-117.1638673535855, 32.7232361790832], [-117.16303041945469, 32.722797117714734], [-117.16295849581863, 32.722759170963826], [-117.16295806892661, 32.722717960004886], [-117.16295806810469, 32.72271788065767], [-117.16295032532148, 32.721970407373014], [-117.1629693958959, 32.721973935403376], [-117.16297095413259, 32.72197431973417], [-117.1629725155693, 32.72197470404118], [-117.16297407697796, 32.721975085643194], [-117.16297564155866, 32.721975464516476], [-117.16297720293936, 32.72197584341344], [-117.16297876748268, 32.72197621867994], [-117.16298033310208, 32.72197659484028], [-117.16298189759875, 32.721976965598394], [-117.16298346212345, 32.721977339061546], [-117.1629850265828, 32.721977706212954], [-117.16298659425149, 32.72197807424232], [-117.16298816188288, 32.72197843866498], [-117.16298972949554, 32.72197880128433], [-117.16299129709893, 32.72197916300191], [-117.16299286788359, 32.72197952289246], [-117.16299443543096, 32.721979879200006], [-117.16299600618763, 32.721980236385484], [-117.16299757797368, 32.72198058995641], [-117.16299915190238, 32.72198094441316], [-117.16300071936574, 32.72198129260554], [-117.16300229322907, 32.72198164075056], [-117.16300386709241, 32.72198198889553], [-117.16300544093716, 32.721982335237136], [-117.16300701581115, 32.72198267796416], [-117.16300858959052, 32.72198301799403], [-117.16301016336983, 32.72198335802389], [-117.16301174032118, 32.721983695324994], [-117.16301331724449, 32.72198402992108], [-117.16301489523454, 32.72198436450925], [-117.16301647212988, 32.721984696400305], [-117.1630180489972, 32.721985025586264], [-117.16301962586454, 32.72198535477221], [-117.16302120697055, 32.72198568122157], [-117.16302278698187, 32.721986004973736], [-117.16302436699323, 32.72198632872596], [-117.16302594697653, 32.721986649773065], [-117.16302752798917, 32.72198696720562], [-117.16302911114448, 32.721987285523994], [-117.16303069107185, 32.72198760116101], [-117.16303227523781, 32.72198791406146], [-117.16303385829977, 32.72198822336307], [-117.1630354413711, 32.72198853356633], [-117.16303702869973, 32.721988842836325], [-117.16303861171502, 32.721989147629486], [-117.163040197921, 32.72198945149728], [-117.16304178517495, 32.72198975355379], [-117.16304337135293, 32.72199005471656], [-117.16304495857887, 32.721990354068055], [-117.16304654470082, 32.721990649820675], [-117.16304813080409, 32.72199094377001], [-117.1630497211647, 32.72199123678601], [-117.16305131043065, 32.721991527104855], [-117.16305289759126, 32.721991820144545], [-117.1630544867825, 32.721992103249995], [-117.16305608348713, 32.721992390808495], [-117.16305766946901, 32.72199267303593], [-117.16305925545093, 32.72199295526337], [-117.16306085207151, 32.72199323470675], [-117.16306244439738, 32.72199351147666], [-117.16306403778997, 32.72199378823869], [-117.16306563008787, 32.721994062303565], [-117.1630672234244, 32.721994333655566], [-117.16306881569432, 32.72199460501538], [-117.16307041220288, 32.72199487363858], [-117.16307200441669, 32.72199513958836], [-117.16307360089723, 32.721995405506505], [-117.16307519628313, 32.72199566872748], [-117.1630767926983, 32.72199592833387], [-117.16307838805614, 32.721996188849836], [-117.16307998765265, 32.72199644662909], [-117.16308158294517, 32.72199670083333], [-117.16308318248561, 32.72199695320257], [-117.16308477775945, 32.72199720560337], [-117.16308637723458, 32.72199745166084], [-117.16308797677512, 32.72199770403002], [-117.16308957515552, 32.72199794739034], [-117.16309117784003, 32.72199819432577], [-117.16309277619244, 32.72199843498104], [-117.1630943787929, 32.721998673801345], [-117.16309597821203, 32.72199891444863], [-117.16309757970842, 32.72199914967012], [-117.16309918228087, 32.72199938578535], [-117.16310078374929, 32.72199961830176], [-117.16310238625634, 32.72199984810525], [-117.16310320033791, 32.721999965617265], [-117.16310398876345, 32.722000077908696], [-117.16310559337583, 32.722000304991326], [-117.16310719583622, 32.72200053028638], [-117.16310880148725, 32.722000754656094], [-117.16311040604366, 32.72200097632858], [-117.16311200843863, 32.722001195311876], [-117.16311361400565, 32.72200141156643], [-117.16311521850598, 32.722001627828845], [-117.16311682404499, 32.72200184137832], [-117.16311843278397, 32.72200205490413], [-117.16312003722832, 32.72200226575645], [-117.16312164590194, 32.72200247297047], [-117.16312325455694, 32.72200267838113], [-117.1631248589452, 32.72200288382334], [-117.16312646757213, 32.72200308652893], [-117.16312807616173, 32.72200328562784], [-117.16312968476065, 32.72200348562838], [-117.1631312922649, 32.72200368293179], [-117.16313290399847, 32.722003876596894], [-117.16313451254136, 32.72200407118729], [-117.1631361231896, 32.72200426305689], [-117.16313773486716, 32.72200445131193], [-117.163139346554, 32.72200464046855], [-117.16314095817555, 32.72200482331345], [-117.16314256982504, 32.722005008863405], [-117.16314418033318, 32.722005187207785], [-117.16314579195473, 32.72200537005265], [-117.16314740032017, 32.722005547511145], [-117.16314901186695, 32.722005723142544], [-117.16315062233778, 32.7220058978802], [-117.16315223384719, 32.722006069904914], [-117.1631538517006, 32.72200623647215], [-117.16315546321937, 32.72200640939845], [-117.16315707677808, 32.72200657329227], [-117.16315869143152, 32.72200673988315], [-117.16316030605691, 32.722006903768985], [-117.16316192065426, 32.72200706494977], [-117.16316353522366, 32.72200722342556], [-117.16316514979302, 32.72200738190132], [-117.16316676643967, 32.72200753495121], [-117.163168380953, 32.72200768801684], [-117.16316999542893, 32.72200783747579], [-117.1631716131423, 32.72200799051774], [-117.1631732339996, 32.722008138125915], [-117.16317484522884, 32.7220082831001], [-117.16317646179145, 32.722008428034826], [-117.16317807938334, 32.72200856935491], [-117.16317969695656, 32.72200870887167], [-117.1631813145205, 32.72200884748672], [-117.16318293209373, 32.72200898700338], [-117.16318454958288, 32.722009118405026], [-117.16318617026272, 32.722009248881236], [-117.16318778668523, 32.72200938029071], [-117.16318940413703, 32.72200950808555], [-117.16319102479818, 32.72200963675838], [-117.16319264219395, 32.72200975914317], [-117.16319426281778, 32.72200988420921], [-117.16319588339489, 32.72201000476691], [-117.16319750076262, 32.72201012444664], [-117.16319912130236, 32.72201024139759], [-117.16320074181405, 32.72201035564352], [-117.16320236126845, 32.72201047079896], [-117.16320398492412, 32.72201057961114], [-117.1632056022078, 32.72201069117566], [-117.16320722263544, 32.72201079730645], [-117.16320884306309, 32.72201090343723], [-117.1632104634627, 32.722011006862914], [-117.16321208706233, 32.722011110264965], [-117.16321370740592, 32.72201120828058], [-117.16321532777751, 32.72201130900124], [-117.16321694809311, 32.72201140431177], [-117.16321857158066, 32.72201149689363], [-117.16322019505884, 32.722011588573814], [-117.16322181534636, 32.72201168117928], [-117.16322343771115, 32.72201176835894], [-117.16322506114267, 32.72201185553065], [-117.16322668133677, 32.72201193911936], [-117.16322830474024, 32.72201202358603], [-117.16322992811568, 32.722012105347645], [-117.16323155145378, 32.722012183502564], [-117.16323317477315, 32.722012259854154], [-117.16323479808321, 32.72201233530397], [-117.16323642137458, 32.72201240895045], [-117.16323804465661, 32.72201248169527], [-117.16323966789193, 32.72201254993164], [-117.1632412911179, 32.72201261726637], [-117.16324291431587, 32.72201268189603], [-117.16324454072317, 32.72201274740364], [-117.16324616389312, 32.722012809328234], [-117.163247787035, 32.7220128685478], [-117.16324941338627, 32.722012928645384], [-117.1632510364721, 32.722012982454864], [-117.16325265955795, 32.72201303626431], [-117.16325428584383, 32.722013090050076], [-117.16325590890165, 32.72201314115447], [-117.16325753513145, 32.722013189530145], [-117.16325915813323, 32.72201323522446], [-117.16326078433501, 32.72201328089508], [-117.16326241048071, 32.72201332115565], [-117.16326403345447, 32.722013364144864], [-117.16326565957213, 32.72201340170034], [-117.16326728568981, 32.72201343925585], [-117.16326890857947, 32.72201347413], [-117.1632705346598, 32.722013508078696], [-117.16327216069342, 32.72201353751909], [-117.16327378352703, 32.722013566983065], [-117.16327540529397, 32.72201359645497], [-117.16327703555689, 32.722013622256995], [-117.16327866153446, 32.7220136462872], [-117.16328028317987, 32.72201366403733], [-117.16328191339613, 32.722013685330886], [-117.16328353931759, 32.722013703951], [-117.1632851652017, 32.72201371896439], [-117.16328678681919, 32.72201373400941], [-117.16328841268461, 32.72201374721939], [-117.16329004277935, 32.722013756791156], [-117.16329166432207, 32.72201376462265], [-117.16329329009407, 32.72201376881586], [-117.1632949126941, 32.72201377573782], [-117.16329654270473, 32.72201377719438], [-117.16353286361571, 32.72201082688944], [-117.16382771171051, 32.72200694115495], [-117.16385765022069, 32.72200654350019], [-117.16385765115562, 32.72200663366745], [-117.16386122669442, 32.722645293952375], [-117.16386424046075, 32.72293594637991], [-117.1638673535855, 32.7232361790832]]]}, "properties": {"block_id": "02ND_AV_I-5_SB", "neighborhood": "Cortez", "latest_count_date": "2025-01-31", "latest_individuals": 2, "latest_tents": 0.0, "latest_vehicles": 0, "history": [{"date": "2018-01-24", "individuals": 0, "tents": 0.0, "vehicles": 0}, {"date": "2018-02-21", "individuals": 0, "tents": 0.0, "vehicles": 0}, {"date": "2019-01-31", "individuals": 0, "tents": 2.0, "vehicles": 0}, {"date": "2020-01-31", "individuals": 0, "tents": 0.0, "vehicles": 0}, {"date": "2020-02-26", "individuals": 2, "tents": 0.0, "vehicles": 0}, {"date": "2021-01-28", "individuals": 7, "tents": 0.0, "vehicles": 0}, {"date": "2021-02-25", "individuals": 1, "tents": 4.0, "vehicles": 0}, {"date": "2022-01-27", "individuals": 4, "tents": 13.0, "vehicles": 1}, {"date": "2022-03-01", "individuals": 3, "tents": 9.0, "vehicles": 1}, {"date": "2023-01-31", "individuals": 2, "tents": 25.0, "vehicles": 0}, {"date": "2024-01-25", "individuals": 8, "tents": 24.0, "vehicles": 1}, {"date": "2025-01-31", "individuals": 2, "tents": 0.0, "vehicles": 0}], "has_panel_data": true}}, {"type": "Feature", "geometry": {"type": "Polygon", "coordinates": [[[-117.16295032532148, 32.721970407373014], [-117.16203676050138, 32.721979914512104], [-117.16203240213392, 32.72093001436293], [-117.1629427554403, 32.72092602796601], [-117.16295032532148, 32.721970407373014]]]}, "properties": {"block_id": "03RD_AV_CEDAR_ST", "neighborhood": "Cortez", "latest_count_date": "2025-01-31", "latest_individuals": 3, "latest_tents": 1.0, "latest_vehicles": 0, "history": [{"date": "2018-01-24", "individuals": 1, "tents": 0.0, "vehicles": 0}, {"date": "2018-02-21", "individuals": 3, "tents": 0.0, "vehicles": 0}, {"date": "2019-01-31", "individuals": 0, "tents": 0.0, "vehicles": 0}, {"date": "2020-01-31", "individuals": 0, "tents": 0.0, "vehicles": 0}, {"date": "2020-02-26", "individuals": 4, "tents": 0.0, "vehicles": 0}, {"date": "2021-01-28", "individuals": 2, "tents": 0.0, "vehicles": 0}, {"date": "2021-02-25", "individuals": 0, "tents": 0.0, "vehicles": 0}, {"date": "2022-01-27", "individuals": 0, "tents": 0.0, "vehicles": 0}, {"date": "2022-03-01", "individuals": 0, "tents": 0.0, "vehicles": 0}, {"date": "2023-01-31", "individuals": 0, "tents": 1.0, "vehicles": 0}, {"date": "2024-01-25", "individuals": 0, "tents": 0.0, "vehicles": 0}, {"date": "2025-01-31", "individuals": 3, "tents": 1.0, "vehicles": 0}], "has_panel_data": true}}, {"type": "Feature", "geometry": {"type": "Polygon", "coordinates": [[[-117.16203676050138, 32.721979914512104], [-117.16295032532148, 32.721970407373014], [-117.16295806810469, 32.72271788065767], [-117.16295806892661, 32.722717960004886], [-117.16295849581863, 32.722759170963826], [-117.16247959340433, 32.72266172597917], [-117.16204615479285, 32.7225735248836], [-117.16203676050138, 32.721979914512104]]]}, "properties": {"block_id": "03RD_AV_I-5_SB", "neighborhood": "Cortez", "latest_count_date": "2025-01-31", "latest_individuals": 0, "latest_tents": 0.0, "latest_vehicles": 0, "history": [{"date": "2018-01-24", "individuals": 0, "tents": 0.0, "vehicles": 0}, {"date": "2018-02-21", "individuals": 0, "tents": 0.0, "vehicles": 0}, {"date": "2019-01-31", "individuals": 0, "tents": 0.0, "vehicles": 0}, {"date": "2020-01-31", "individuals": 1, "tents": 0.0, "vehicles": 0}, {"date": "2020-02-26", "individuals": 0, "tents": 0.0, "vehicles": 0}, {"date": "2021-01-28", "individuals": 0, "tents": 2.0, "vehicles": 0}, {"date": "2021-02-25", "individuals": 2, "tents": 3.0, "vehicles": 0}, {"date": "2022-01-27", "individuals": 2, "tents": 10.0, "vehicles": 1}, {"date": "2022-03-01", "individuals": 3, "tents": 11.0, "vehicles": 0}, {"date": "2023-01-31", "individuals": 0, "tents": 16.0, "vehicles": 1}, {"date": "2024-01-25", "individuals": 6, "tents": 16.0, "vehicles": 1}, {"date": "2025-01-31", "individuals": 0, "tents": 0.0, "vehicles": 0}], "has_panel_data": true}}, {"type": "Feature", "geometry": {"type": "Polygon", "coordinates": [[[-117.16295032532148, 32.721970407373014], [-117.1629427554403, 32.72092602796601], [-117.1638563608981, 32.720922010753654], [-117.16385740767338, 32.721961546564785], [-117.16385765022069, 32.72200654350019], [-117.16382771171051, 32.72200694115495], [-117.16353286361571, 32.72201082688944], [-117.16329654270473, 32.72201377719438], [-117.1632949126941, 32.72201377573782], [-117.16329329009407, 32.72201376881586], [-117.16329166432207, 32.72201376462265], [-117.16329004277935, 32.722013756791156], [-117.16328841268461, 32.72201374721939], [-117.16328678681919, 32.72201373400941], [-117.1632851652017, 32.72201371896439], [-117.16328353931759, 32.722013703951], [-117.16328191339613, 32.722013685330886], [-117.16328028317987, 32.72201366403733], [-117.16327866153446, 32.7220136462872], [-117.16327703555689, 32.722013622256995], [-117.16327540529397, 32.72201359645497], [-117.16327378352703, 32.722013566983065], [-117.16327216069342, 32.72201353751909], [-117.1632705346598, 32.722013508078696], [-117.16326890857947, 32.72201347413], [-117.16326728568981, 32.72201343925585], [-117.16326565957213, 32.72201340170034], [-117.16326403345447, 32.722013364144864], [-117.16326241048071, 32.72201332115565], [-117.16326078433501, 32.72201328089508], [-117.16325915813323, 32.72201323522446], [-117.16325753513145, 32.722013189530145], [-117.16325590890165, 32.72201314115447], [-117.16325428584383, 32.722013090050076], [-117.16325265955795, 32.72201303626431], [-117.1632510364721, 32.722012982454864], [-117.16324941338627, 32.722012928645384], [-117.163247787035, 32.7220128685478], [-117.16324616389312, 32.722012809328234], [-117.16324454072317, 32.72201274740364], [-117.16324291431587, 32.72201268189603], [-117.1632412911179, 32.72201261726637], [-117.16323966789193, 32.72201254993164], [-117.16323804465661, 32.72201248169527], [-117.16323642137458, 32.72201240895045], [-117.16323479808321, 32.72201233530397], [-117.16323317477315, 32.722012259854154], [-117.16323155145378, 32.722012183502564], [-117.16322992811568, 32.722012105347645], [-117.16322830474024, 32.72201202358603], [-117.16322668133677, 32.72201193911936], [-117.16322506114267, 32.72201185553065], [-117.16322343771115, 32.72201176835894], [-117.16322181534636, 32.72201168117928], [-117.16322019505884, 32.722011588573814], [-117.16321857158066, 32.72201149689363], [-117.16321694809311, 32.72201140431177], [-117.16321532777751, 32.72201130900124], [-117.16321370740592, 32.72201120828058], [-117.16321208706233, 32.722011110264965], [-117.1632104634627, 32.722011006862914], [-117.16320884306309, 32.72201090343723], [-117.16320722263544, 32.72201079730645], [-117.1632056022078, 32.72201069117566], [-117.16320398492412, 32.72201057961114], [-117.16320236126845, 32.72201047079896], [-117.16320074181405, 32.72201035564352], [-117.16319912130236, 32.72201024139759], [-117.16319750076262, 32.72201012444664], [-117.16319588339489, 32.72201000476691], [-117.16319426281778, 32.72200988420921], [-117.16319264219395, 32.72200975914317], [-117.16319102479818, 32.72200963675838], [-117.16318940413703, 32.72200950808555], [-117.16318778668523, 32.72200938029071], [-117.16318617026272, 32.722009248881236], [-117.16318454958288, 32.722009118405026], [-117.16318293209373, 32.72200898700338], [-117.1631813145205, 32.72200884748672], [-117.16317969695656, 32.72200870887167], [-117.16317807938334, 32.72200856935491], [-117.16317646179145, 32.722008428034826], [-117.16317484522884, 32.7220082831001], [-117.1631732339996, 32.722008138125915], [-117.1631716131423, 32.72200799051774], [-117.16316999542893, 32.72200783747579], [-117.163168380953, 32.72200768801684], [-117.16316676643967, 32.72200753495121], [-117.16316514979302, 32.72200738190132], [-117.16316353522366, 32.72200722342556], [-117.16316192065426, 32.72200706494977], [-117.16316030605691, 32.722006903768985], [-117.16315869143152, 32.72200673988315], [-117.16315707677808, 32.72200657329227], [-117.16315546321937, 32.72200640939845], [-117.1631538517006, 32.72200623647215], [-117.16315223384719, 32.722006069904914], [-117.16315062233778, 32.7220058978802], [-117.16314901186695, 32.722005723142544], [-117.16314740032017, 32.722005547511145], [-117.16314579195473, 32.72200537005265], [-117.16314418033318, 32.722005187207785], [-117.16314256982504, 32.722005008863405], [-117.16314095817555, 32.72200482331345], [-117.163139346554, 32.72200464046855], [-117.16313773486716, 32.72200445131193], [-117.1631361231896, 32.72200426305689], [-117.16313451254136, 32.72200407118729], [-117.16313290399847, 32.722003876596894], [-117.1631312922649, 32.72200368293179], [-117.16312968476065, 32.72200348562838], [-117.16312807616173, 32.72200328562784], [-117.16312646757213, 32.72200308652893], [-117.1631248589452, 32.72200288382334], [-117.16312325455694, 32.72200267838113], [-117.16312164590194, 32.72200247297047], [-117.16312003722832, 32.72200226575645], [-117.16311843278397, 32.72200205490413], [-117.16311682404499, 32.72200184137832], [-117.16311521850598, 32.722001627828845], [-117.16311361400565, 32.72200141156643], [-117.16311200843863, 32.722001195311876], [-117.16311040604366, 32.72200097632858], [-117.16310880148725, 32.722000754656094], [-117.16310719583622, 32.72200053028638], [-117.16310559337583, 32.722000304991326], [-117.16310398876345, 32.722000077908696], [-117.16310320033791, 32.721999965617265], [-117.16310238625634, 32.72199984810525], [-117.16310078374929, 32.72199961830176], [-117.16309918228087, 32.72199938578535], [-117.16309757970842, 32.72199914967012], [-117.16309597821203, 32.72199891444863], [-117.1630943787929, 32.721998673801345], [-117.16309277619244, 32.72199843498104], [-117.16309117784003, 32.72199819432577], [-117.16308957515552, 32.72199794739034], [-117.16308797677512, 32.72199770403002], [-117.16308637723458, 32.72199745166084], [-117.16308477775945, 32.72199720560337], [-117.16308318248561, 32.72199695320257], [-117.16308158294517, 32.72199670083333], [-117.16307998765265, 32.72199644662909], [-117.16307838805614, 32.721996188849836], [-117.1630767926983, 32.72199592833387], [-117.16307519628313, 32.72199566872748], [-117.16307360089723, 32.721995405506505], [-117.16307200441669, 32.72199513958836], [-117.16307041220288, 32.72199487363858], [-117.16306881569432, 32.72199460501538], [-117.1630672234244, 32.721994333655566], [-117.16306563008787, 32.721994062303565], [-117.16306403778997, 32.72199378823869], [-117.16306244439738, 32.72199351147666], [-117.16306085207151, 32.72199323470675], [-117.16305925545093, 32.72199295526337], [-117.16305766946901, 32.72199267303593], [-117.16305608348713, 32.721992390808495], [-117.1630544867825, 32.721992103249995], [-117.16305289759126, 32.721991820144545], [-117.16305131043065, 32.721991527104855], [-117.1630497211647, 32.72199123678601], [-117.16304813080409, 32.72199094377001], [-117.16304654470082, 32.721990649820675], [-117.16304495857887, 32.721990354068055], [-117.16304337135293, 32.72199005471656], [-117.16304178517495, 32.72198975355379], [-117.163040197921, 32.72198945149728], [-117.16303861171502, 32.721989147629486], [-117.16303702869973, 32.721988842836325], [-117.1630354413711, 32.72198853356633], [-117.16303385829977, 32.72198822336307], [-117.16303227523781, 32.72198791406146], [-117.16303069107185, 32.72198760116101], [-117.16302911114448, 32.721987285523994], [-117.16302752798917, 32.72198696720562], [-117.16302594697653, 32.721986649773065], [-117.16302436699323, 32.72198632872596], [-117.16302278698187, 32.721986004973736], [-117.16302120697055, 32.72198568122157], [-117.16301962586454, 32.72198535477221], [-117.1630180489972, 32.721985025586264], [-117.16301647212988, 32.721984696400305], [-117.16301489523454, 32.72198436450925], [-117.16301331724449, 32.72198402992108], [-117.16301174032118, 32.721983695324994], [-117.16301016336983, 32.72198335802389], [-117.16300858959052, 32.72198301799403], [-117.16300701581115, 32.72198267796416], [-117.16300544093716, 32.721982335237136], [-117.16300386709241, 32.72198198889553], [-117.16300229322907, 32.72198164075056], [-117.16300071936574, 32.72198129260554], [-117.16299915190238, 32.72198094441316], [-117.16299757797368, 32.72198058995641], [-117.16299600618763, 32.721980236385484], [-117.16299443543096, 32.721979879200006], [-117.16299286788359, 32.72197952289246], [-117.16299129709893, 32.72197916300191], [-117.16298972949554, 32.72197880128433], [-117.16298816188288, 32.72197843866498], [-117.16298659425149, 32.72197807424232], [-117.1629850265828, 32.721977706212954], [-117.16298346212345, 32.721977339061546], [-117.16298189759875, 32.721976965598394], [-117.16298033310208, 32.72197659484028], [-117.16297876748268, 32.72197621867994], [-117.16297720293936, 32.72197584341344], [-117.16297564155866, 32.721975464516476], [-117.16297407697796, 32.721975085643194], [-117.1629725155693, 32.72197470404118], [-117.16297095413259, 32.72197431973417], [-117.1629693958959, 32.721973935403376], [-117.16295032532148, 32.721970407373014]]]}, "properties": {"block_id": "02ND_AV_CEDAR_ST", "neighborhood": "Cortez", "latest_count_date": "2025-01-31", "latest_individuals": 1, "latest_tents": 0.0, "latest_vehicles": 0, "history": [{"date": "2018-01-24", "individuals": 1, "tents": 1.0, "vehicles": 0}, {"date": "2018-02-21", "individuals": 0, "tents": 0.0, "vehicles": 0}, {"date": "2019-01-31", "individuals": 0, "tents": 0.0, "vehicles": 0}, {"date": "2020-01-31", "individuals": 0, "tents": 0.0, "vehicles": 0}, {"date": "2020-02-26", "individuals": 2, "tents": 0.0, "vehicles": 0}, {"date": "2021-01-28", "individuals": 0, "tents": 0.0, "vehicles": 0}, {"date": "2021-02-25", "individuals": 4, "tents": 0.0, "vehicles": 0}, {"date": "2022-01-27", "individuals": 0, "tents": 0.0, "vehicles": 0}, {"date": "2022-03-01", "individuals": 1, "tents": 0.0, "vehicles": 0}, {"date": "2023-01-31", "individuals": 0, "tents": 0.0, "vehicles": 1}, {"date": "2024-01-25", "individuals": 0, "tents": 0.0, "vehicles": 0}, {"date": "2025-01-31", "individuals": 1, "tents": 0.0, "vehicles": 0}], "has_panel_data": true}}, {"type": "Feature", "geometry": {"type": "Polygon", "coordinates": [[[-117.16021277221309, 32.721987891268896], [-117.15929762564186, 32.72197842255417], [-117.15930127008015, 32.720936436750506], [-117.16020190165264, 32.72093529076417], [-117.16021277221309, 32.721987891268896]]]}, "properties": {"block_id": "06TH_AV_CEDAR_ST", "neighborhood": "Cortez", "latest_count_date": "2025-01-31", "latest_individuals": 2, "latest_tents": 0.0, "latest_vehicles": 0, "history": [{"date": "2018-01-24", "individuals": 7, "tents": 0.0, "vehicles": 0}, {"date": "2018-02-21", "individuals": 0, "tents": 0.0, "vehicles": 0}, {"date": "2019-01-31", "individuals": 4, "tents": 1.0, "vehicles": 0}, {"date": "2020-01-31", "individuals": 0, "tents": 0.0, "vehicles": 0}, {"date": "2020-02-26", "individuals": 2, "tents": 2.0, "vehicles": 0}, {"date": "2021-01-28", "individuals": 0, "tents": 0.0, "vehicles": 0}, {"date": "2021-02-25", "individuals": 3, "tents": 0.0, "vehicles": 0}, {"date": "2022-01-27", "individuals": 0, "tents": 0.0, "vehicles": 0}, {"date": "2022-03-01", "individuals": 0, "tents": 0.0, "vehicles": 0}, {"date": "2023-01-31", "individuals": 0, "tents": 0.0, "vehicles": 0}, {"date": "2024-01-25", "individuals": 0, "tents": 0.0, "vehicles": 0}, {"date": "2025-01-31", "individuals": 2, "tents": 0.0, "vehicles": 0}], "has_panel_data": true}}, {"type": "Feature", "geometry": {"type": "Polygon", "coordinates": [[[-117.15929762564186, 32.72197842255417], [-117.16021277221309, 32.721987891268896], [-117.16021651878783, 32.72235066770839], [-117.16021927197474, 32.72261725366638], [-117.15932109013099, 32.72285750185986], [-117.15931676138992, 32.7227530904373], [-117.15931243265909, 32.72264867901483], [-117.15931195038995, 32.72264039826892], [-117.15931120392038, 32.722626672048946], [-117.1593105192625, 32.72261293996282], [-117.15930989329995, 32.722599210149156], [-117.15930933128239, 32.722585474453666], [-117.15930883222676, 32.72257174099924], [-117.15930839498273, 32.72255800167869], [-117.15930801536727, 32.72254426463849], [-117.15930789084595, 32.72253881272423], [-117.15930788005502, 32.72253838718171], [-117.15930770185783, 32.72253052440574], [-117.15930744912116, 32.7225167810198], [-117.15930725830755, 32.72250304258775], [-117.1593071271999, 32.72248930101027], [-117.15930706009279, 32.72247555896102], [-117.1593070548808, 32.72246181916072], [-117.15930707043269, 32.72245774317343], [-117.15930711150797, 32.72244807619924], [-117.15929762564186, 32.72197842255417]]]}, "properties": {"block_id": "06TH_AV_I-5_SB", "neighborhood": "Cortez", "latest_count_date": "2025-01-31", "latest_individuals": 2, "latest_tents": 0.0, "latest_vehicles": 1, "history": [{"date": "2018-01-24", "individuals": 2, "tents": 0.0, "vehicles": 0}, {"date": "2018-02-21", "individuals": 0, "tents": 0.0, "vehicles": 0}, {"date": "2019-01-31", "individuals": 0, "tents": 0.0, "vehicles": 0}, {"date": "2020-01-31", "individuals": 0, "tents": 0.0, "vehicles": 0}, {"date": "2020-02-26", "individuals": 0, "tents": 0.0, "vehicles": 0}, {"date": "2021-01-28", "individuals": 0, "tents": 0.0, "vehicles": 0}, {"date": "2021-02-25", "individuals": 0, "tents": 0.0, "vehicles": 0}, {"date": "2022-01-27", "individuals": 0, "tents": 0.0, "vehicles": 0}, {"date": "2022-03-01", "individuals": 0, "tents": 0.0, "vehicles": 0}, {"date": "2023-01-31", "individuals": 0, "tents": 0.0, "vehicles": 0}, {"date": "2024-01-25", "individuals": 0, "tents": 0.0, "vehicles": 1}, {"date": "2025-01-31", "individuals": 2, "tents": 0.0, "vehicles": 1}], "has_panel_data": true}}, {"type": "Feature", "geometry": {"type": "Polygon", "coordinates": [[[-117.16021277221309, 32.721987891268896], [-117.16020190165264, 32.72093529076417], [-117.16112854361549, 32.72093394606274], [-117.16113942524238, 32.72198654648572], [-117.16021277221309, 32.721987891268896]]]}, "properties": {"block_id": "05TH_AV_CEDAR_ST", "neighborhood": "Cortez", "latest_count_date": "2025-01-31", "latest_individuals": 13, "latest_tents": 0.0, "latest_vehicles": 0, "history": [{"date": "2018-01-24", "individuals": 0, "tents": 0.0, "vehicles": 0}, {"date": "2018-02-21", "individuals": 2, "tents": 0.0, "vehicles": 0}, {"date": "2019-01-31", "individuals": 7, "tents": 0.0, "vehicles": 0}, {"date": "2020-01-31", "individuals": 19, "tents": 0.0, "vehicles": 0}, {"date": "2020-02-26", "individuals": 21, "tents": 1.0, "vehicles": 0}, {"date": "2021-01-28", "individuals": 11, "tents": 0.0, "vehicles": 0}, {"date": "2021-02-25", "individuals": 12, "tents": 0.0, "vehicles": 0}, {"date": "2022-01-27", "individuals": 14, "tents": 0.0, "vehicles": 0}, {"date": "2022-03-01", "individuals": 10, "tents": 0.0, "vehicles": 0}, {"date": "2023-01-31", "individuals": 10, "tents": 0.0, "vehicles": 0}, {"date": "2024-01-25", "individuals": 11, "tents": 0.0, "vehicles": 0}, {"date": "2025-01-31", "individuals": 13, "tents": 0.0, "vehicles": 0}], "has_panel_data": true}}, {"type": "Feature", "geometry": {"type": "Polygon", "coordinates": [[[-117.16019445277195, 32.719899156090925], [-117.16020190165264, 32.72093529076417], [-117.15930127008015, 32.720936436750506], [-117.15929702621011, 32.719894781455295], [-117.16019445277195, 32.719899156090925]]]}, "properties": {"block_id": "06TH_AV_BEECH_ST", "neighborhood": "Cortez", "latest_count_date": "2025-01-31", "latest_individuals": 0, "latest_tents": 0.0, "latest_vehicles": 0, "history": [{"date": "2018-01-24", "individuals": 0, "tents": 0.0, "vehicles": 0}, {"date": "2018-02-21", "individuals": 0, "tents": 0.0, "vehicles": 0}, {"date": "2019-01-31", "individuals": 2, "tents": 0.0, "vehicles": 0}, {"date": "2020-01-31", "individuals": 0, "tents": 0.0, "vehicles": 0}, {"date": "2020-02-26", "individuals": 0, "tents": 0.0, "vehicles": 0}, {"date": "2021-01-28", "individuals": 0, "tents": 0.0, "vehicles": 0}, {"date": "2021-02-25", "individuals": 0, "tents": 0.0, "vehicles": 0}, {"date": "2022-01-27", "individuals": 1, "tents": 0.0, "vehicles": 0}, {"date": "2022-03-01", "individuals": 0, "tents": 0.0, "vehicles": 0}, {"date": "2023-01-31", "individuals": 0, "tents": 0.0, "vehicles": 0}, {"date": "2024-01-25", "individuals": 0, "tents": 0.0, "vehicles": 0}, {"date": "2025-01-31", "individuals": 0, "tents": 0.0, "vehicles": 0}], "has_panel_data": true}}, {"type": "Feature", "geometry": {"type": "Polygon", "coordinates": [[[-117.16020190165264, 32.72093529076417], [-117.16019445277195, 32.719899156090925], [-117.16111788953248, 32.719903332060284], [-117.16112854361549, 32.72093394606274], [-117.16020190165264, 32.72093529076417]]]}, "properties": {"block_id": "05TH_AV_BEECH_ST", "neighborhood": "Cortez", "latest_count_date": "2025-01-31", "latest_individuals": 0, "latest_tents": 0.0, "latest_vehicles": 0, "history": [{"date": "2018-01-24", "individuals": 0, "tents": 0.0, "vehicles": 0}, {"date": "2018-02-21", "individuals": 0, "tents": 0.0, "vehicles": 0}, {"date": "2019-01-31", "individuals": 0, "tents": 0.0, "vehicles": 0}, {"date": "2020-01-31", "individuals": 0, "tents": 0.0, "vehicles": 0}, {"date": "2020-02-26", "individuals": 0, "tents": 0.0, "vehicles": 0}, {"date": "2021-01-28", "individuals": 1, "tents": 0.0, "vehicles": 0}, {"date": "2021-02-25", "individuals": 0, "tents": 0.0, "vehicles": 0}, {"date": "2022-01-27", "individuals": 1, "tents": 0.0, "vehicles": 0}, {"date": "2022-03-01", "individuals": 4, "tents": 7.0, "vehicles": 0}, {"date": "2023-01-31", "individuals": 0, "tents": 0.0, "vehicles": 0}, {"date": "2024-01-25", "individuals": 0, "tents": 0.0, "vehicles": 0}, {"date": "2025-01-31", "individuals": 0, "tents": 0.0, "vehicles": 0}], "has_panel_data": true}}, {"type": "Feature", "geometry": {"type": "Polygon", "coordinates": [[[-117.16203676050138, 32.721979914512104], [-117.16113942524238, 32.72198654648572], [-117.16112854361549, 32.72093394606274], [-117.16203240213392, 32.72093001436293], [-117.16203676050138, 32.721979914512104]]]}, "properties": {"block_id": "04TH_AV_CEDAR_ST", "neighborhood": "Cortez", "latest_count_date": "2025-01-31", "latest_individuals": 6, "latest_tents": 0.0, "latest_vehicles": 0, "history": [{"date": "2018-01-24", "individuals": 0, "tents": 0.0, "vehicles": 0}, {"date": "2018-02-21", "individuals": 0, "tents": 0.0, "vehicles": 0}, {"date": "2019-01-31", "individuals": 0, "tents": 0.0, "vehicles": 0}, {"date": "2020-01-31", "individuals": 2, "tents": 0.0, "vehicles": 1}, {"date": "2020-02-26", "individuals": 4, "tents": 0.0, "vehicles": 0}, {"date": "2021-01-28", "individuals": 0, "tents": 0.0, "vehicles": 0}, {"date": "2021-02-25", "individuals": 1, "tents": 0.0, "vehicles": 0}, {"date": "2022-01-27", "individuals": 3, "tents": 0.0, "vehicles": 0}, {"date": "2022-03-01", "individuals": 6, "tents": 0.0, "vehicles": 1}, {"date": "2023-01-31", "individuals": 2, "tents": 0.0, "vehicles": 0}, {"date": "2024-01-25", "individuals": 3, "tents": 0.0, "vehicles": 0}, {"date": "2025-01-31", "individuals": 6, "tents": 0.0, "vehicles": 0}], "has_panel_data": true}}, {"type": "Feature", "geometry": {"type": "Polygon", "coordinates": [[[-117.16113942524238, 32.72198654648572], [-117.16203676050138, 32.721979914512104], [-117.16204615479285, 32.7225735248836], [-117.16204565636586, 32.722573500615155], [-117.16114231577713, 32.72253350732035], [-117.1611418312174, 32.72253348294584], [-117.16113942524238, 32.72198654648572]]]}, "properties": {"block_id": "04TH_AV_I-5_SB", "neighborhood": "Cortez", "latest_count_date": "2025-01-31", "latest_individuals": 0, "latest_tents": 0.0, "latest_vehicles": 0, "history": [{"date": "2018-01-24", "individuals": 0, "tents": 0.0, "vehicles": 0}, {"date": "2018-02-21", "individuals": 0, "tents": 0.0, "vehicles": 0}, {"date": "2019-01-31", "individuals": 0, "tents": 0.0, "vehicles": 0}, {"date": "2020-01-31", "individuals": 0, "tents": 0.0, "vehicles": 0}, {"date": "2020-02-26", "individuals": 0, "tents": 0.0, "vehicles": 0}, {"date": "2021-01-28", "individuals": 0, "tents": 0.0, "vehicles": 0}, {"date": "2021-02-25", "individuals": 0, "tents": 0.0, "vehicles": 0}, {"date": "2022-01-27", "individuals": 0, "tents": 0.0, "vehicles": 0}, {"date": "2022-03-01", "individuals": 0, "tents": 0.0, "vehicles": 0}, {"date": "2023-01-31", "individuals": 0, "tents": 1.0, "vehicles": 1}, {"date": "2024-01-25", "individuals": 0, "tents": 0.0, "vehicles": 0}, {"date": "2025-01-31", "individuals": 0, "tents": 0.0, "vehicles": 0}], "has_panel_data": true}}, {"type": "Feature", "geometry": {"type": "Polygon", "coordinates": [[[-117.16293857920394, 32.71989536601567], [-117.1629427554403, 32.72092602796601], [-117.16203240213392, 32.72093001436293], [-117.1620314844727, 32.71989932836487], [-117.16293857920394, 32.71989536601567]]]}, "properties": {"block_id": "03RD_AV_BEECH_ST", "neighborhood": "Cortez", "latest_count_date": "2025-01-31", "latest_individuals": 0, "latest_tents": 0.0, "latest_vehicles": 0, "history": [{"date": "2018-01-24", "individuals": 1, "tents": 0.0, "vehicles": 0}, {"date": "2018-02-21", "individuals": 0, "tents": 0.0, "vehicles": 0}, {"date": "2019-01-31", "individuals": 0, "tents": 0.0, "vehicles": 0}, {"date": "2020-01-31", "individuals": 0, "tents": 0.0, "vehicles": 0}, {"date": "2020-02-26", "individuals": 0, "tents": 0.0, "vehicles": 0}, {"date": "2021-01-28", "individuals": 0, "tents": 1.0, "vehicles": 0}, {"date": "2021-02-25", "individuals": 1, "tents": 0.0, "vehicles": 0}, {"date": "2022-01-27", "individuals": 0, "tents": 0.0, "vehicles": 0}, {"date": "2022-03-01", "individuals": 1, "tents": 0.0, "vehicles": 0}, {"date": "2023-01-31", "individuals": 0, "tents": 0.0, "vehicles": 0}, {"date": "2024-01-25", "individuals": 2, "tents": 0.0, "vehicles": 0}, {"date": "2025-01-31", "individuals": 0, "tents": 0.0, "vehicles": 0}], "has_panel_data": true}}, {"type": "Feature", "geometry": {"type": "Polygon", "coordinates": [[[-117.1629427554403, 32.72092602796601], [-117.16293857920394, 32.71989536601567], [-117.16385218037854, 32.719891348786966], [-117.1638563608981, 32.720922010753654], [-117.1629427554403, 32.72092602796601]]]}, "properties": {"block_id": "02ND_AV_BEECH_ST", "neighborhood": "Cortez", "latest_count_date": "2025-01-31", "latest_individuals": 0, "latest_tents": 0.0, "latest_vehicles": 0, "history": [{"date": "2018-01-24", "individuals": 2, "tents": 0.0, "vehicles": 0}, {"date": "2018-02-21", "individuals": 0, "tents": 0.0, "vehicles": 0}, {"date": "2019-01-31", "individuals": 1, "tents": 0.0, "vehicles": 0}, {"date": "2020-01-31", "individuals": 1, "tents": 0.0, "vehicles": 0}, {"date": "2020-02-26", "individuals": 2, "tents": 0.0, "vehicles": 0}, {"date": "2021-01-28", "individuals": 1, "tents": 0.0, "vehicles": 0}, {"date": "2021-02-25", "individuals": 0, "tents": 0.0, "vehicles": 0}, {"date": "2022-01-27", "individuals": 1, "tents": 0.0, "vehicles": 0}, {"date": "2022-03-01", "individuals": 1, "tents": 0.0, "vehicles": 0}, {"date": "2023-01-31", "individuals": 0, "tents": 1.0, "vehicles": 0}, {"date": "2024-01-25", "individuals": 0, "tents": 0.0, "vehicles": 0}, {"date": "2025-01-31", "individuals": 0, "tents": 0.0, "vehicles": 0}], "has_panel_data": true}}, {"type": "Feature", "geometry": {"type": "Polygon", "coordinates": [[[-117.16293857920394, 32.71989536601567], [-117.1620314844727, 32.71989932836487], [-117.16202704094609, 32.718841182473206], [-117.16293084523045, 32.71883449592246], [-117.16293857920394, 32.71989536601567]]]}, "properties": {"block_id": "03RD_AV_ASH_ST", "neighborhood": "Cortez", "latest_count_date": "2025-01-31", "latest_individuals": 3, "latest_tents": 0.0, "latest_vehicles": 0, "history": [{"date": "2018-01-24", "individuals": 15, "tents": 0.0, "vehicles": 0}, {"date": "2018-02-21", "individuals": 9, "tents": 0.0, "vehicles": 0}, {"date": "2019-01-31", "individuals": 4, "tents": 0.0, "vehicles": 0}, {"date": "2020-01-31", "individuals": 3, "tents": 0.0, "vehicles": 0}, {"date": "2020-02-26", "individuals": 0, "tents": 0.0, "vehicles": 0}, {"date": "2021-01-28", "individuals": 3, "tents": 1.0, "vehicles": 0}, {"date": "2021-02-25", "individuals": 2, "tents": 0.0, "vehicles": 0}, {"date": "2022-01-27", "individuals": 3, "tents": 0.0, "vehicles": 1}, {"date": "2022-03-01", "individuals": 1, "tents": 0.0, "vehicles": 0}, {"date": "2023-01-31", "individuals": 1, "tents": 1.0, "vehicles": 1}, {"date": "2024-01-25", "individuals": 2, "tents": 1.0, "vehicles": 0}, {"date": "2025-01-31", "individuals": 3, "tents": 0.0, "vehicles": 0}], "has_panel_data": true}}, {"type": "Feature", "geometry": {"type": "Polygon", "coordinates": [[[-117.15929702621011, 32.719894781455295], [-117.15930127008015, 32.720936436750506], [-117.15837787923272, 32.72093774378003], [-117.15837033849499, 32.71989061579751], [-117.15929702621011, 32.719894781455295]]]}, "properties": {"block_id": "07TH_AV_BEECH_ST", "neighborhood": "Cortez", "latest_count_date": "2025-01-31", "latest_individuals": 0, "latest_tents": 0.0, "latest_vehicles": 0, "history": [{"date": "2018-01-24", "individuals": 0, "tents": 0.0, "vehicles": 0}, {"date": "2018-02-21", "individuals": 1, "tents": 0.0, "vehicles": 0}, {"date": "2019-01-31", "individuals": 1, "tents": 0.0, "vehicles": 0}, {"date": "2020-01-31", "individuals": 0, "tents": 0.0, "vehicles": 0}, {"date": "2020-02-26", "individuals": 0, "tents": 0.0, "vehicles": 0}, {"date": "2021-01-28", "individuals": 2, "tents": 0.0, "vehicles": 0}, {"date": "2021-02-25", "individuals": 0, "tents": 0.0, "vehicles": 0}, {"date": "2022-01-27", "individuals": 1, "tents": 0.0, "vehicles": 0}, {"date": "2022-03-01", "individuals": 0, "tents": 0.0, "vehicles": 0}, {"date": "2023-01-31", "individuals": 0, "tents": 0.0, "vehicles": 0}, {"date": "2024-01-25", "individuals": 0, "tents": 0.0, "vehicles": 0}, {"date": "2025-01-31", "individuals": 0, "tents": 0.0, "vehicles": 0}], "has_panel_data": true}}, {"type": "Feature", "geometry": {"type": "Polygon", "coordinates": [[[-117.15747507973254, 32.72199157288252], [-117.1574851821029, 32.72297271784965], [-117.15657805438934, 32.72297664010094], [-117.15657735472992, 32.72287636887945], [-117.15657446049723, 32.722461322132986], [-117.15657388927953, 32.72237934450077], [-117.15657121332539, 32.7219954711629], [-117.15747507973254, 32.72199157288252]]]}, "properties": {"block_id": "09TH_AV_DATE_ST", "neighborhood": "Cortez", "latest_count_date": "2025-01-31", "latest_individuals": 0, "latest_tents": 0.0, "latest_vehicles": 0, "history": [{"date": "2018-01-24", "individuals": 0, "tents": 0.0, "vehicles": 0}, {"date": "2018-02-21", "individuals": 0, "tents": 0.0, "vehicles": 0}, {"date": "2019-01-31", "individuals": 2, "tents": 0.0, "vehicles": 0}, {"date": "2020-01-31", "individuals": 0, "tents": 0.0, "vehicles": 0}, {"date": "2020-02-26", "individuals": 0, "tents": 0.0, "vehicles": 0}, {"date": "2021-01-28", "individuals": 0, "tents": 0.0, "vehicles": 0}, {"date": "2021-02-25", "individuals": 0, "tents": 0.0, "vehicles": 0}, {"date": "2022-01-27", "individuals": 0, "tents": 0.0, "vehicles": 0}, {"date": "2022-03-01", "individuals": 0, "tents": 0.0, "vehicles": 0}, {"date": "2023-01-31", "individuals": 0, "tents": 0.0, "vehicles": 0}, {"date": "2024-01-25", "individuals": 0, "tents": 0.0, "vehicles": 0}, {"date": "2025-01-31", "individuals": 0, "tents": 0.0, "vehicles": 0}], "has_panel_data": true}}, {"type": "Feature", "geometry": {"type": "Polygon", "coordinates": [[[-117.1638673535855, 32.7232361790832], [-117.16386424046075, 32.72293594637991], [-117.16386122669442, 32.722645293952375], [-117.16385765115562, 32.72200663366745], [-117.16385765022069, 32.72200654350019], [-117.16385785813704, 32.72200653384404], [-117.16386306731081, 32.72200624726934], [-117.16391195756067, 32.72200357115258], [-117.16395847446216, 32.7219992660218], [-117.16408662667887, 32.721989825548995], [-117.16447604932036, 32.721961133769085], [-117.16447678425492, 32.72196112832018], [-117.16447850159106, 32.72196111558754], [-117.16448012690371, 32.72196107558313], [-117.16448170627478, 32.72196102870544], [-117.16448337422612, 32.72196098567966], [-117.16448499951072, 32.721960942970156], [-117.1644866247766, 32.72196089845739], [-117.16448825006118, 32.721960855747845], [-117.16448987535513, 32.721960813940036], [-117.16449150061166, 32.721960768525456], [-117.16449312590555, 32.721960726717576], [-117.16449474692347, 32.721960684039594], [-117.16449637221741, 32.72196064223166], [-117.16449799750198, 32.72196059952202], [-117.16449962279593, 32.72196055771406], [-117.16450124808051, 32.721960515004376], [-117.1645028744411, 32.72196047318847], [-117.16450449972565, 32.721960430478745], [-117.16450612501961, 32.72196038867068], [-117.16450774603747, 32.72196034599256], [-117.16450937132203, 32.72196030328277], [-117.16451099664401, 32.721960264179664], [-117.16451262192858, 32.721960221469864], [-117.16451424725057, 32.72196018236671], [-117.16451587250707, 32.72196013695183], [-117.16451749782905, 32.721960097848616], [-117.16451912311362, 32.72196005513869], [-117.16452074523559, 32.721960016059185], [-117.16452237052015, 32.721959973349236], [-117.16452399581402, 32.721959931540944], [-117.16452562112664, 32.72195989153599], [-117.16452724644861, 32.72195985243265], [-117.16452887173317, 32.721959809722634], [-117.16453049705514, 32.72195977061926], [-117.16453212236776, 32.721959730614174], [-117.16453374766166, 32.72195968880577], [-117.16453537297429, 32.72195964880064], [-117.16453699509623, 32.721959609720926], [-117.16453862040886, 32.72195956971577], [-117.16454024570271, 32.72195952790725], [-117.16454187101532, 32.721959487902105], [-117.16454349633727, 32.72195944879854], [-117.16454512164988, 32.72195940879331], [-117.16454674697184, 32.72195936968977], [-117.16454837229381, 32.721959330586124], [-117.1645499976064, 32.72195929058082], [-117.16455162292837, 32.72195925147718], [-117.16455324506902, 32.721959214200595], [-117.16455487039099, 32.7219591750969], [-117.16455649570351, 32.721959135091524], [-117.1645581209974, 32.721959093282784], [-117.16455974633807, 32.72195905598234], [-117.16456137168808, 32.721959019583586], [-117.16456299697259, 32.721958976873125], [-117.16456462235068, 32.72195894317933], [-117.16456624766327, 32.72195890317384], [-117.16456787295715, 32.72195886136496], [-117.16456949512585, 32.72195882679314], [-117.16457112044777, 32.72195878768925], [-117.16457274579776, 32.721958751290344], [-117.1645743711384, 32.721958713989764], [-117.16457599646034, 32.7219586748858], [-117.16457762180097, 32.72195863758514], [-117.16457924715098, 32.721958601186145], [-117.16458087246356, 32.721958561180465], [-117.16458249781357, 32.72195852478142], [-117.1645841231542, 32.72195848748065], [-117.16458574847611, 32.72195844837659], [-117.16458737385413, 32.721958414682504], [-117.16458899599478, 32.721958377405485], [-117.16459062134476, 32.721958341006314], [-117.1645922466854, 32.72195830370547], [-117.16459387203538, 32.72195826730627], [-117.16459549737603, 32.721958230005406], [-117.164597122726, 32.72195819360621], [-117.16459874807597, 32.72195815720695], [-117.16460037341662, 32.721958119905985], [-117.16460199879467, 32.721958086211714], [-117.16460362413525, 32.721958048910764], [-117.16460524948523, 32.72195801251142], [-117.16460687482585, 32.72195797521038], [-117.1646085002039, 32.721957941516024], [-117.16461012235388, 32.72195790514035], [-117.16461174772256, 32.72195787054428], [-117.16461337307254, 32.72195783414484], [-117.16461499844121, 32.721957799548726], [-117.16461662379119, 32.72195776314925], [-117.16461824914114, 32.72195772674977], [-117.16461987450978, 32.72195769215355], [-117.16462149988782, 32.72195765845904], [-117.1646231252565, 32.721957623862785], [-117.16462424722324, 32.72195759931165], [-117.1647677218135, 32.72195419348792], [-117.16478506074802, 32.722998501420065], [-117.16478572074942, 32.72337504240997], [-117.16476518757707, 32.72390291044295], [-117.16454558278494, 32.72373413038369], [-117.16449971203774, 32.723700452264566], [-117.16386770080773, 32.72323643531056], [-117.1638673535855, 32.7232361790832]]]}, "properties": {"block_id": "01ST_AV_I-5_SB", "neighborhood": "Cortez", "latest_count_date": "2025-01-31", "latest_individuals": 0, "latest_tents": 0.0, "latest_vehicles": 0, "history": [{"date": "2018-01-24", "individuals": 0, "tents": 0.0, "vehicles": 0}, {"date": "2018-02-21", "individuals": 0, "tents": 0.0, "vehicles": 0}, {"date": "2019-01-31", "individuals": 0, "tents": 0.0, "vehicles": 0}, {"date": "2020-01-31", "individuals": 1, "tents": 0.0, "vehicles": 0}, {"date": "2020-02-26", "individuals": 0, "tents": 0.0, "vehicles": 0}, {"date": "2021-01-28", "individuals": 0, "tents": 0.0, "vehicles": 0}, {"date": "2021-02-25", "individuals": 0, "tents": 0.0, "vehicles": 0}, {"date": "2022-01-27", "individuals": 0, "tents": 0.0, "vehicles": 0}, {"date": "2022-03-01", "individuals": 0, "tents": 0.0, "vehicles": 0}, {"date": "2023-01-31", "individuals": 0, "tents": 0.0, "vehicles": 0}, {"date": "2024-01-25", "individuals": 0, "tents": 10.0, "vehicles": 0}, {"date": "2025-01-31", "individuals": 0, "tents": 0.0, "vehicles": 0}], "has_panel_data": true}}, {"type": "Feature", "geometry": {"type": "Polygon", "coordinates": [[[-117.15562876475924, 32.71887733492674], [-117.15565238731146, 32.71991060308793], [-117.15514156912572, 32.7198792417564], [-117.1550849498506, 32.71987169036756], [-117.15502816701125, 32.71984820908848], [-117.15498067060251, 32.719811381504854], [-117.15495199242346, 32.719771761106536], [-117.15484466146322, 32.71941407211549], [-117.15484679306924, 32.71931580725144], [-117.15484668684923, 32.71928438135124], [-117.15484952573391, 32.71925304708754], [-117.15485529187897, 32.719222001382725], [-117.1548639490436, 32.719191439345586], [-117.15487544281845, 32.719161553044934], [-117.15488970096742, 32.71913253030277], [-117.15490663388188, 32.719104553513816], [-117.15492613514373, 32.719077798499264], [-117.15494808219442, 32.71905243340188], [-117.1549723371051, 32.71902861762932], [-117.15499874744336, 32.7190065008523], [-117.15502714723148, 32.71898622206411], [-117.1550573579893, 32.71896790870703], [-117.15508918985601, 32.71895167587147], [-117.1551224427833, 32.71893762557282], [-117.15515690779239, 32.718925846110146], [-117.15533861954287, 32.71887946502962], [-117.15533941631693, 32.71887945918102], [-117.15562876475924, 32.71887733492674]]]}, "properties": {"block_id": "SR-163_NB_ON_RA_ASH_ST", "neighborhood": "Cortez", "latest_count_date": "2025-01-31", "latest_individuals": 1, "latest_tents": 1.0, "latest_vehicles": 0, "history": [{"date": "2018-01-24", "individuals": 0, "tents": 0.0, "vehicles": 0}, {"date": "2018-02-21", "individuals": 0, "tents": 0.0, "vehicles": 0}, {"date": "2019-01-31", "individuals": 0, "tents": 0.0, "vehicles": 0}, {"date": "2020-01-31", "individuals": 0, "tents": 0.0, "vehicles": 0}, {"date": "2020-02-26", "individuals": 0, "tents": 0.0, "vehicles": 0}, {"date": "2021-01-28", "individuals": 0, "tents": 0.0, "vehicles": 0}, {"date": "2021-02-25", "individuals": 0, "tents": 0.0, "vehicles": 0}, {"date": "2022-01-27", "individuals": 0, "tents": 0.0, "vehicles": 0}, {"date": "2022-03-01", "individuals": 0, "tents": 0.0, "vehicles": 0}, {"date": "2023-01-31", "individuals": 0, "tents": 0.0, "vehicles": 0}, {"date": "2024-01-25", "individuals": 2, "tents": 1.0, "vehicles": 0}, {"date": "2025-01-31", "individuals": 1, "tents": 1.0, "vehicles": 0}], "has_panel_data": true}}, {"type": "Feature", "geometry": {"type": "Polygon", "coordinates": [[[-117.15565238731146, 32.71991060308793], [-117.15562876475924, 32.71887733492674], [-117.15655210472727, 32.71887330018584], [-117.15655942590733, 32.71990119105209], [-117.15565238731146, 32.71991060308793]]]}, "properties": {"block_id": "10TH_AV_ASH_ST", "neighborhood": "Cortez", "latest_count_date": "2025-01-31", "latest_individuals": 0, "latest_tents": 0.0, "latest_vehicles": 0, "history": [{"date": "2018-01-24", "individuals": 4, "tents": 0.0, "vehicles": 0}, {"date": "2018-02-21", "individuals": 1, "tents": 0.0, "vehicles": 0}, {"date": "2019-01-31", "individuals": 0, "tents": 0.0, "vehicles": 0}, {"date": "2020-01-31", "individuals": 0, "tents": 0.0, "vehicles": 0}, {"date": "2020-02-26", "individuals": 0, "tents": 0.0, "vehicles": 0}, {"date": "2021-01-28", "individuals": 0, "tents": 0.0, "vehicles": 0}, {"date": "2021-02-25", "individuals": 0, "tents": 0.0, "vehicles": 0}, {"date": "2022-01-27", "individuals": 0, "tents": 0.0, "vehicles": 0}, {"date": "2022-03-01", "individuals": 0, "tents": 0.0, "vehicles": 0}, {"date": "2023-01-31", "individuals": 0, "tents": 0.0, "vehicles": 0}, {"date": "2024-01-25", "individuals": 0, "tents": 0.0, "vehicles": 0}, {"date": "2025-01-31", "individuals": 0, "tents": 0.0, "vehicles": 0}], "has_panel_data": true}}, {"type": "Feature", "geometry": {"type": "Polygon", "coordinates": [[[-117.16021651878783, 32.72235066770839], [-117.16021277221309, 32.721987891268896], [-117.16113942524238, 32.72198654648572], [-117.1611418312174, 32.72253348294584], [-117.16021927197474, 32.72261725366638], [-117.16021651878783, 32.72235066770839]]]}, "properties": {"block_id": "05TH_AV_I-5_SB", "neighborhood": "Cortez", "latest_count_date": "2025-01-31", "latest_individuals": 1, "latest_tents": 0.0, "latest_vehicles": 0, "history": [{"date": "2018-01-24", "individuals": 1, "tents": 0.0, "vehicles": 0}, {"date": "2018-02-21", "individuals": 4, "tents": 0.0, "vehicles": 0}, {"date": "2019-01-31", "individuals": 0, "tents": 0.0, "vehicles": 0}, {"date": "2020-01-31", "individuals": 0, "tents": 0.0, "vehicles": 0}, {"date": "2020-02-26", "individuals": 0, "tents": 0.0, "vehicles": 0}, {"date": "2021-01-28", "individuals": 0, "tents": 0.0, "vehicles": 0}, {"date": "2021-02-25", "individuals": 0, "tents": 0.0, "vehicles": 0}, {"date": "2022-01-27", "individuals": 0, "tents": 1.0, "vehicles": 0}, {"date": "2022-03-01", "individuals": 0, "tents": 0.0, "vehicles": 0}, {"date": "2023-01-31", "individuals": 0, "tents": 0.0, "vehicles": 0}, {"date": "2024-01-25", "individuals": 0, "tents": 0.0, "vehicles": 0}, {"date": "2025-01-31", "individuals": 1, "tents": 0.0, "vehicles": 0}], "has_panel_data": true}}, {"type": "Feature", "geometry": {"type": "Polygon", "coordinates": [[[-117.16293857920394, 32.71989536601567], [-117.16293084523045, 32.71883449592246], [-117.16384768329934, 32.71883045468653], [-117.16385218037854, 32.719891348786966], [-117.16293857920394, 32.71989536601567]]]}, "properties": {"block_id": "02ND_AV_ASH_ST", "neighborhood": "Cortez", "latest_count_date": "2025-01-31", "latest_individuals": 0, "latest_tents": 0.0, "latest_vehicles": 0, "history": [{"date": "2018-01-24", "individuals": 0, "tents": 0.0, "vehicles": 0}, {"date": "2018-02-21", "individuals": 0, "tents": 0.0, "vehicles": 0}, {"date": "2019-01-31", "individuals": 0, "tents": 0.0, "vehicles": 0}, {"date": "2020-01-31", "individuals": 1, "tents": 0.0, "vehicles": 0}, {"date": "2020-02-26", "individuals": 0, "tents": 0.0, "vehicles": 0}, {"date": "2021-01-28", "individuals": 0, "tents": 0.0, "vehicles": 0}, {"date": "2021-02-25", "individuals": 1, "tents": 0.0, "vehicles": 0}, {"date": "2022-01-27", "individuals": 0, "tents": 0.0, "vehicles": 0}, {"date": "2022-03-01", "individuals": 1, "tents": 0.0, "vehicles": 0}, {"date": "2023-01-31", "individuals": 1, "tents": 0.0, "vehicles": 0}, {"date": "2024-01-25", "individuals": 0, "tents": 0.0, "vehicles": 0}, {"date": "2025-01-31", "individuals": 0, "tents": 0.0, "vehicles": 0}], "has_panel_data": true}}, {"type": "Feature", "geometry": {"type": "Polygon", "coordinates": [[[-117.16385218037854, 32.719891348786966], [-117.16384768329934, 32.71883045468653], [-117.16444913599756, 32.71882599685991], [-117.16473523295409, 32.718823875346715], [-117.16473866224341, 32.71915429960398], [-117.16474627149701, 32.71988746948892], [-117.1644601619577, 32.7198887109952], [-117.16385218037854, 32.719891348786966]]]}, "properties": {"block_id": "01ST_AV_W_ASH_ST", "neighborhood": "Cortez", "latest_count_date": "2025-01-31", "latest_individuals": 0, "latest_tents": 0.0, "latest_vehicles": 0, "history": [{"date": "2018-01-24", "individuals": 0, "tents": 0.0, "vehicles": 0}, {"date": "2018-02-21", "individuals": 0, "tents": 0.0, "vehicles": 0}, {"date": "2019-01-31", "individuals": 0, "tents": 0.0, "vehicles": 0}, {"date": "2020-01-31", "individuals": 0, "tents": 0.0, "vehicles": 0}, {"date": "2020-02-26", "individuals": 1, "tents": 0.0, "vehicles": 0}, {"date": "2021-01-28", "individuals": 0, "tents": 0.0, "vehicles": 0}, {"date": "2021-02-25", "individuals": 1, "tents": 0.0, "vehicles": 0}, {"date": "2022-01-27", "individuals": 0, "tents": 0.0, "vehicles": 0}, {"date": "2022-03-01", "individuals": 0, "tents": 0.0, "vehicles": 0}, {"date": "2023-01-31", "individuals": 0, "tents": 0.0, "vehicles": 0}, {"date": "2024-01-25", "individuals": 0, "tents": 0.0, "vehicles": 0}, {"date": "2025-01-31", "individuals": 0, "tents": 0.0, "vehicles": 0}], "has_panel_data": true}}, {"type": "Feature", "geometry": {"type": "Polygon", "coordinates": [[[-117.15657121332539, 32.7219954711629], [-117.15657388927953, 32.72237934450077], [-117.15657446049723, 32.722461322132986], [-117.15657735472992, 32.72287636887945], [-117.15657805438934, 32.72297664010094], [-117.15598665542146, 32.722984634835925], [-117.1556872686151, 32.72298868120956], [-117.15568723834899, 32.72291016319512], [-117.15568711938162, 32.72260729886802], [-117.155686883402, 32.72200196787436], [-117.15643390628586, 32.72199648030209], [-117.15657121332539, 32.7219954711629]]]}, "properties": {"block_id": "10TH_AV_DATE_ST", "neighborhood": "Cortez", "latest_count_date": "2025-01-31", "latest_individuals": 0, "latest_tents": 0.0, "latest_vehicles": 0, "history": [{"date": "2018-01-24", "individuals": 0, "tents": 0.0, "vehicles": 0}, {"date": "2018-02-21", "individuals": 0, "tents": 0.0, "vehicles": 0}, {"date": "2019-01-31", "individuals": 0, "tents": 0.0, "vehicles": 0}, {"date": "2020-01-31", "individuals": 0, "tents": 0.0, "vehicles": 1}, {"date": "2020-02-26", "individuals": 0, "tents": 0.0, "vehicles": 0}, {"date": "2021-01-28", "individuals": 0, "tents": 0.0, "vehicles": 0}, {"date": "2021-02-25", "individuals": 0, "tents": 0.0, "vehicles": 0}, {"date": "2022-01-27", "individuals": 0, "tents": 0.0, "vehicles": 0}, {"date": "2022-03-01", "individuals": 0, "tents": 0.0, "vehicles": 0}, {"date": "2023-01-31", "individuals": 1, "tents": 0.0, "vehicles": 0}, {"date": "2024-01-25", "individuals": 0, "tents": 0.0, "vehicles": 0}, {"date": "2025-01-31", "individuals": 0, "tents": 0.0, "vehicles": 0}], "has_panel_data": true}}, {"type": "Feature", "geometry": {"type": "Polygon", "coordinates": [[[-117.15656694513143, 32.720948319145414], [-117.15656698425646, 32.72095793052041], [-117.15657020037483, 32.72174692889014], [-117.15657121332539, 32.7219954711629], [-117.15643390628586, 32.72199648030209], [-117.155686883402, 32.72200196787436], [-117.1556854902535, 32.72161382891021], [-117.1556840045951, 32.72119997296368], [-117.1556833914317, 32.72102901991582], [-117.15564729351253, 32.72036414517822], [-117.15568287585823, 32.72101933268659], [-117.15568522620381, 32.72100576495967], [-117.15569106524286, 32.7209929687547], [-117.15569113583796, 32.72099288347265], [-117.15570010404228, 32.72098158192053], [-117.15571189392224, 32.720972164125534], [-117.1557120435519, 32.72097208818229], [-117.15572585936545, 32.72096518128691], [-117.1557404265188, 32.72096121576354], [-117.1557412988055, 32.720960978512146], [-117.15575745912602, 32.720959763321495], [-117.15656694513143, 32.720948319145414]]]}, "properties": {"block_id": "10TH_AV_CEDAR_ST", "neighborhood": "Cortez", "latest_count_date": "2025-01-31", "latest_individuals": 0, "latest_tents": 0.0, "latest_vehicles": 0, "history": [{"date": "2018-01-24", "individuals": 0, "tents": 0.0, "vehicles": 0}, {"date": "2018-02-21", "individuals": 0, "tents": 0.0, "vehicles": 0}, {"date": "2019-01-31", "individuals": 0, "tents": 0.0, "vehicles": 0}, {"date": "2020-01-31", "individuals": 0, "tents": 1.0, "vehicles": 0}, {"date": "2020-02-26", "individuals": 0, "tents": 0.0, "vehicles": 0}, {"date": "2021-01-28", "individuals": 0, "tents": 0.0, "vehicles": 0}, {"date": "2021-02-25", "individuals": 0, "tents": 0.0, "vehicles": 0}, {"date": "2022-01-27", "individuals": 0, "tents": 0.0, "vehicles": 0}, {"date": "2022-03-01", "individuals": 0, "tents": 0.0, "vehicles": 0}, {"date": "2023-01-31", "individuals": 0, "tents": 0.0, "vehicles": 0}, {"date": "2024-01-25", "individuals": 1, "tents": 0.0, "vehicles": 0}, {"date": "2025-01-31", "individuals": 0, "tents": 0.0, "vehicles": 0}], "has_panel_data": true}}, {"type": "Feature", "geometry": {"type": "Polygon", "coordinates": [[[-117.15657121332539, 32.7219954711629], [-117.15657020037483, 32.72174692889014], [-117.15656698425646, 32.72095793052041], [-117.15656694513143, 32.720948319145414], [-117.15746427016366, 32.72094172043681], [-117.15747507973254, 32.72199157288252], [-117.15657121332539, 32.7219954711629]]]}, "properties": {"block_id": "09TH_AV_CEDAR_ST", "neighborhood": "Cortez", "latest_count_date": "2025-01-31", "latest_individuals": 0, "latest_tents": 0.0, "latest_vehicles": 0, "history": [{"date": "2018-01-24", "individuals": 0, "tents": 0.0, "vehicles": 0}, {"date": "2018-02-21", "individuals": 0, "tents": 0.0, "vehicles": 0}, {"date": "2019-01-31", "individuals": 0, "tents": 0.0, "vehicles": 0}, {"date": "2020-01-31", "individuals": 0, "tents": 0.0, "vehicles": 0}, {"date": "2020-02-26", "individuals": 0, "tents": 0.0, "vehicles": 0}, {"date": "2021-01-28", "individuals": 0, "tents": 0.0, "vehicles": 0}, {"date": "2021-02-25", "individuals": 0, "tents": 0.0, "vehicles": 0}, {"date": "2022-01-27", "individuals": 0, "tents": 0.0, "vehicles": 0}, {"date": "2022-03-01", "individuals": 0, "tents": 0.0, "vehicles": 0}, {"date": "2023-01-31", "individuals": 0, "tents": 0.0, "vehicles": 0}, {"date": "2024-01-25", "individuals": 0, "tents": 0.0, "vehicles": 0}, {"date": "2025-01-31", "individuals": 0, "tents": 0.0, "vehicles": 0}], "has_panel_data": true}}, {"type": "Feature", "geometry": {"type": "Polygon", "coordinates": [[[-117.15575745912602, 32.720959763321495], [-117.1557412988055, 32.720960978512146], [-117.1557404265188, 32.72096121576354], [-117.15572585936545, 32.72096518128691], [-117.1557120435519, 32.72097208818229], [-117.15571189392224, 32.720972164125534], [-117.15570010404228, 32.72098158192053], [-117.15569113583796, 32.72099288347265], [-117.15569106524286, 32.7209929687547], [-117.15568522620381, 32.72100576495967], [-117.15568287585823, 32.72101933268659], [-117.15564729351253, 32.72036414517822], [-117.15576948145255, 32.72023131864944], [-117.15586944775191, 32.72015087775773], [-117.15601801140076, 32.72005358605745], [-117.15616357901455, 32.719981058169346], [-117.15626721969082, 32.7199418175744], [-117.15655942590733, 32.71990119105209], [-117.15656694513143, 32.720948319145414], [-117.15575745912602, 32.720959763321495]]]}, "properties": {"block_id": "10TH_AV_BEECH_ST", "neighborhood": "Cortez", "latest_count_date": "2025-01-31", "latest_individuals": 0, "latest_tents": 0.0, "latest_vehicles": 0, "history": [{"date": "2018-01-24", "individuals": 0, "tents": 0.0, "vehicles": 0}, {"date": "2018-02-21", "individuals": 0, "tents": 0.0, "vehicles": 0}, {"date": "2019-01-31", "individuals": 0, "tents": 0.0, "vehicles": 0}, {"date": "2020-01-31", "individuals": 0, "tents": 0.0, "vehicles": 0}, {"date": "2020-02-26", "individuals": 0, "tents": 0.0, "vehicles": 0}, {"date": "2021-01-28", "individuals": 0, "tents": 0.0, "vehicles": 0}, {"date": "2021-02-25", "individuals": 0, "tents": 0.0, "vehicles": 0}, {"date": "2022-01-27", "individuals": 0, "tents": 0.0, "vehicles": 0}, {"date": "2022-03-01", "individuals": 0, "tents": 0.0, "vehicles": 0}, {"date": "2023-01-31", "individuals": 0, "tents": 0.0, "vehicles": 0}, {"date": "2024-01-25", "individuals": 1, "tents": 0.0, "vehicles": 0}, {"date": "2025-01-31", "individuals": 0, "tents": 0.0, "vehicles": 0}], "has_panel_data": true}}, {"type": "Feature", "geometry": {"type": "Polygon", "coordinates": [[[-117.16112854361549, 32.72093394606274], [-117.16111788953248, 32.719903332060284], [-117.1620314844727, 32.71989932836487], [-117.16203240213392, 32.72093001436293], [-117.16112854361549, 32.72093394606274]]]}, "properties": {"block_id": "04TH_AV_BEECH_ST", "neighborhood": "Cortez", "latest_count_date": "2025-01-31", "latest_individuals": 0, "latest_tents": 0.0, "latest_vehicles": 0, "history": [{"date": "2018-01-24", "individuals": 1, "tents": 0.0, "vehicles": 0}, {"date": "2018-02-21", "individuals": 4, "tents": 1.0, "vehicles": 0}, {"date": "2019-01-31", "individuals": 1, "tents": 0.0, "vehicles": 0}, {"date": "2020-01-31", "individuals": 0, "tents": 0.0, "vehicles": 0}, {"date": "2020-02-26", "individuals": 0, "tents": 0.0, "vehicles": 0}, {"date": "2021-01-28", "individuals": 1, "tents": 0.0, "vehicles": 0}, {"date": "2021-02-25", "individuals": 0, "tents": 0.0, "vehicles": 0}, {"date": "2022-01-27", "individuals": 2, "tents": 2.0, "vehicles": 0}, {"date": "2022-03-01", "individuals": 2, "tents": 8.0, "vehicles": 0}, {"date": "2023-01-31", "individuals": 0, "tents": 4.0, "vehicles": 0}, {"date": "2024-01-25", "individuals": 2, "tents": 7.0, "vehicles": 0}, {"date": "2025-01-31", "individuals": 0, "tents": 0.0, "vehicles": 0}], "has_panel_data": true}}, {"type": "Feature", "geometry": {"type": "Polygon", "coordinates": [[[-117.16202704094609, 32.718841182473206], [-117.1620314844727, 32.71989932836487], [-117.16111788953248, 32.719903332060284], [-117.16111023109225, 32.71884795847468], [-117.16202704094609, 32.718841182473206]]]}, "properties": {"block_id": "04TH_AV_ASH_ST", "neighborhood": "Cortez", "latest_count_date": "2025-01-31", "latest_individuals": 0, "latest_tents": 0.0, "latest_vehicles": 0, "history": [{"date": "2018-01-24", "individuals": 0, "tents": 0.0, "vehicles": 0}, {"date": "2018-02-21", "individuals": 6, "tents": 0.0, "vehicles": 0}, {"date": "2019-01-31", "individuals": 2, "tents": 1.0, "vehicles": 0}, {"date": "2020-01-31", "individuals": 1, "tents": 0.0, "vehicles": 0}, {"date": "2020-02-26", "individuals": 0, "tents": 0.0, "vehicles": 0}, {"date": "2021-01-28", "individuals": 0, "tents": 0.0, "vehicles": 0}, {"date": "2021-02-25", "individuals": 0, "tents": 0.0, "vehicles": 0}, {"date": "2022-01-27", "individuals": 0, "tents": 0.0, "vehicles": 0}, {"date": "2022-03-01", "individuals": 1, "tents": 0.0, "vehicles": 0}, {"date": "2023-01-31", "individuals": 0, "tents": 0.0, "vehicles": 0}, {"date": "2024-01-25", "individuals": 0, "tents": 0.0, "vehicles": 0}, {"date": "2025-01-31", "individuals": 0, "tents": 0.0, "vehicles": 0}], "has_panel_data": true}}, {"type": "Feature", "geometry": {"type": "Polygon", "coordinates": [[[-117.15929702621011, 32.719894781455295], [-117.15837033849499, 32.71989061579751], [-117.15835974510426, 32.718862748983], [-117.15929283913766, 32.718858621885246], [-117.15929702621011, 32.719894781455295]]]}, "properties": {"block_id": "07TH_AV_ASH_ST", "neighborhood": "Cortez", "latest_count_date": "2025-01-31", "latest_individuals": 0, "latest_tents": 0.0, "latest_vehicles": 0, "history": [{"date": "2018-01-24", "individuals": 4, "tents": 0.0, "vehicles": 0}, {"date": "2018-02-21", "individuals": 4, "tents": 0.0, "vehicles": 0}, {"date": "2019-01-31", "individuals": 0, "tents": 0.0, "vehicles": 0}, {"date": "2020-01-31", "individuals": 0, "tents": 0.0, "vehicles": 0}, {"date": "2020-02-26", "individuals": 0, "tents": 0.0, "vehicles": 0}, {"date": "2021-01-28", "individuals": 0, "tents": 0.0, "vehicles": 0}, {"date": "2021-02-25", "individuals": 2, "tents": 0.0, "vehicles": 0}, {"date": "2022-01-27", "individuals": 0, "tents": 0.0, "vehicles": 0}, {"date": "2022-03-01", "individuals": 5, "tents": 0.0, "vehicles": 0}, {"date": "2023-01-31", "individuals": 2, "tents": 0.0, "vehicles": 0}, {"date": "2024-01-25", "individuals": 0, "tents": 0.0, "vehicles": 0}, {"date": "2025-01-31", "individuals": 0, "tents": 0.0, "vehicles": 0}], "has_panel_data": true}}, {"type": "Feature", "geometry": {"type": "Polygon", "coordinates": [[[-117.15745676857588, 32.719897340698374], [-117.15746427016366, 32.72094172043681], [-117.15656694513143, 32.720948319145414], [-117.15655942590733, 32.71990119105209], [-117.15745676857588, 32.719897340698374]]]}, "properties": {"block_id": "09TH_AV_BEECH_ST", "neighborhood": "Cortez", "latest_count_date": "2025-01-31", "latest_individuals": 0, "latest_tents": 0.0, "latest_vehicles": 0, "history": [{"date": "2018-01-24", "individuals": 0, "tents": 0.0, "vehicles": 0}, {"date": "2018-02-21", "individuals": 0, "tents": 0.0, "vehicles": 0}, {"date": "2019-01-31", "individuals": 0, "tents": 0.0, "vehicles": 0}, {"date": "2020-01-31", "individuals": 1, "tents": 0.0, "vehicles": 0}, {"date": "2020-02-26", "individuals": 0, "tents": 0.0, "vehicles": 0}, {"date": "2021-01-28", "individuals": 0, "tents": 0.0, "vehicles": 0}, {"date": "2021-02-25", "individuals": 0, "tents": 0.0, "vehicles": 0}, {"date": "2022-01-27", "individuals": 0, "tents": 0.0, "vehicles": 0}, {"date": "2022-03-01", "individuals": 0, "tents": 0.0, "vehicles": 0}, {"date": "2023-01-31", "individuals": 0, "tents": 0.0, "vehicles": 0}, {"date": "2024-01-25", "individuals": 0, "tents": 0.0, "vehicles": 0}, {"date": "2025-01-31", "individuals": 0, "tents": 0.0, "vehicles": 0}], "has_panel_data": true}}, {"type": "Feature", "geometry": {"type": "Polygon", "coordinates": [[[-117.15746427016366, 32.72094172043681], [-117.15745676857588, 32.719897340698374], [-117.15837033849499, 32.71989061579751], [-117.15837787923272, 32.72093774378003], [-117.15746427016366, 32.72094172043681]]]}, "properties": {"block_id": "08TH_AV_BEECH_ST", "neighborhood": "Cortez", "latest_count_date": "2025-01-31", "latest_individuals": 0, "latest_tents": 0.0, "latest_vehicles": 0, "history": [{"date": "2018-01-24", "individuals": 0, "tents": 0.0, "vehicles": 0}, {"date": "2018-02-21", "individuals": 0, "tents": 0.0, "vehicles": 0}, {"date": "2019-01-31", "individuals": 2, "tents": 0.0, "vehicles": 0}, {"date": "2020-01-31", "individuals": 0, "tents": 0.0, "vehicles": 0}, {"date": "2020-02-26", "individuals": 0, "tents": 0.0, "vehicles": 0}, {"date": "2021-01-28", "individuals": 1, "tents": 0.0, "vehicles": 0}, {"date": "2021-02-25", "individuals": 0, "tents": 0.0, "vehicles": 0}, {"date": "2022-01-27", "individuals": 0, "tents": 0.0, "vehicles": 0}, {"date": "2022-03-01", "individuals": 0, "tents": 0.0, "vehicles": 0}, {"date": "2023-01-31", "individuals": 3, "tents": 0.0, "vehicles": 0}, {"date": "2024-01-25", "individuals": 2, "tents": 0.0, "vehicles": 0}, {"date": "2025-01-31", "individuals": 0, "tents": 0.0, "vehicles": 0}], "has_panel_data": true}}, {"type": "Feature", "geometry": {"type": "Polygon", "coordinates": [[[-117.16111023109225, 32.71884795847468], [-117.16111788953248, 32.719903332060284], [-117.16019445277195, 32.719899156090925], [-117.16018366782167, 32.71885479963718], [-117.16111023109225, 32.71884795847468]]]}, "properties": {"block_id": "05TH_AV_ASH_ST", "neighborhood": "Cortez", "latest_count_date": "2025-01-31", "latest_individuals": 0, "latest_tents": 0.0, "latest_vehicles": 0, "history": [{"date": "2018-01-24", "individuals": 2, "tents": 1.0, "vehicles": 0}, {"date": "2018-02-21", "individuals": 3, "tents": 0.0, "vehicles": 0}, {"date": "2019-01-31", "individuals": 3, "tents": 0.0, "vehicles": 0}, {"date": "2020-01-31", "individuals": 3, "tents": 1.0, "vehicles": 0}, {"date": "2020-02-26", "individuals": 0, "tents": 0.0, "vehicles": 0}, {"date": "2021-01-28", "individuals": 3, "tents": 0.0, "vehicles": 0}, {"date": "2021-02-25", "individuals": 4, "tents": 0.0, "vehicles": 0}, {"date": "2022-01-27", "individuals": 2, "tents": 1.0, "vehicles": 0}, {"date": "2022-03-01", "individuals": 1, "tents": 1.0, "vehicles": 0}, {"date": "2023-01-31", "individuals": 2, "tents": 2.0, "vehicles": 0}, {"date": "2024-01-25", "individuals": 6, "tents": 0.0, "vehicles": 0}, {"date": "2025-01-31", "individuals": 0, "tents": 0.0, "vehicles": 0}], "has_panel_data": true}}, {"type": "Feature", "geometry": {"type": "Polygon", "coordinates": [[[-117.16474627149701, 32.71988746948892], [-117.16473866224341, 32.71915429960398], [-117.16473523295409, 32.718823875346715], [-117.16486509096217, 32.718823325181134], [-117.16560005233589, 32.71882020687028], [-117.16559932217447, 32.71921806001573], [-117.16559809680052, 32.719883897473764], [-117.16474627149701, 32.71988746948892]]]}, "properties": {"block_id": "FRONT_ST_W_ASH_ST", "neighborhood": "Cortez", "latest_count_date": "2025-01-31", "latest_individuals": 1, "latest_tents": 0.0, "latest_vehicles": 0, "history": [{"date": "2018-01-24", "individuals": 8, "tents": 1.0, "vehicles": 0}, {"date": "2018-02-21", "individuals": 10, "tents": 0.0, "vehicles": 0}, {"date": "2019-01-31", "individuals": 11, "tents": 0.0, "vehicles": 0}, {"date": "2020-01-31", "individuals": 3, "tents": 2.0, "vehicles": 0}, {"date": "2020-02-26", "individuals": 2, "tents": 1.0, "vehicles": 0}, {"date": "2021-01-28", "individuals": 0, "tents": 0.0, "vehicles": 0}, {"date": "2021-02-25", "individuals": 0, "tents": 0.0, "vehicles": 0}, {"date": "2022-01-27", "individuals": 2, "tents": 0.0, "vehicles": 0}, {"date": "2022-03-01", "individuals": 0, "tents": 0.0, "vehicles": 0}, {"date": "2023-01-31", "individuals": 0, "tents": 0.0, "vehicles": 0}, {"date": "2024-01-25", "individuals": 0, "tents": 0.0, "vehicles": 0}, {"date": "2025-01-31", "individuals": 1, "tents": 0.0, "vehicles": 0}], "has_panel_data": true}}, {"type": "Feature", "geometry": {"type": "Polygon", "coordinates": [[[-117.15747507973254, 32.72199157288252], [-117.15746427016366, 32.72094172043681], [-117.15837787923272, 32.72093774378003], [-117.15838867135754, 32.72198484784557], [-117.15747507973254, 32.72199157288252]]]}, "properties": {"block_id": "08TH_AV_CEDAR_ST", "neighborhood": "Cortez", "latest_count_date": "2025-01-31", "latest_individuals": 0, "latest_tents": 0.0, "latest_vehicles": 0, "history": [{"date": "2018-01-24", "individuals": 0, "tents": 0.0, "vehicles": 0}, {"date": "2018-02-21", "individuals": 0, "tents": 0.0, "vehicles": 0}, {"date": "2019-01-31", "individuals": 0, "tents": 0.0, "vehicles": 0}, {"date": "2020-01-31", "individuals": 1, "tents": 0.0, "vehicles": 0}, {"date": "2020-02-26", "individuals": 0, "tents": 0.0, "vehicles": 0}, {"date": "2021-01-28", "individuals": 0, "tents": 0.0, "vehicles": 0}, {"date": "2021-02-25", "individuals": 0, "tents": 0.0, "vehicles": 0}, {"date": "2022-01-27", "individuals": 0, "tents": 0.0, "vehicles": 0}, {"date": "2022-03-01", "individuals": 0, "tents": 0.0, "vehicles": 0}, {"date": "2023-01-31", "individuals": 0, "tents": 0.0, "vehicles": 0}, {"date": "2024-01-25", "individuals": 0, "tents": 0.0, "vehicles": 0}, {"date": "2025-01-31", "individuals": 0, "tents": 0.0, "vehicles": 0}], "has_panel_data": true}}, {"type": "Feature", "geometry": {"type": "Polygon", "coordinates": [[[-117.15837033849499, 32.71989061579751], [-117.15745676857588, 32.719897340698374], [-117.15744618583807, 32.71886947380527], [-117.15835974510426, 32.718862748983], [-117.15837033849499, 32.71989061579751]]]}, "properties": {"block_id": "08TH_AV_ASH_ST", "neighborhood": "Cortez", "latest_count_date": "2025-01-31", "latest_individuals": 1, "latest_tents": 0.0, "latest_vehicles": 0, "history": [{"date": "2018-01-24", "individuals": 1, "tents": 0.0, "vehicles": 0}, {"date": "2018-02-21", "individuals": 0, "tents": 0.0, "vehicles": 0}, {"date": "2019-01-31", "individuals": 0, "tents": 0.0, "vehicles": 0}, {"date": "2020-01-31", "individuals": 0, "tents": 0.0, "vehicles": 0}, {"date": "2020-02-26", "individuals": 0, "tents": 0.0, "vehicles": 0}, {"date": "2021-01-28", "individuals": 0, "tents": 0.0, "vehicles": 0}, {"date": "2021-02-25", "individuals": 0, "tents": 0.0, "vehicles": 0}, {"date": "2022-01-27", "individuals": 0, "tents": 1.0, "vehicles": 0}, {"date": "2022-03-01", "individuals": 0, "tents": 0.0, "vehicles": 0}, {"date": "2023-01-31", "individuals": 5, "tents": 0.0, "vehicles": 0}, {"date": "2024-01-25", "individuals": 0, "tents": 0.0, "vehicles": 0}, {"date": "2025-01-31", "individuals": 1, "tents": 0.0, "vehicles": 0}], "has_panel_data": true}}, {"type": "Feature", "geometry": {"type": "Polygon", "coordinates": [[[-117.16476021920012, 32.72091806176952], [-117.1647677218135, 32.72195419348792], [-117.16462424722324, 32.72195759931165], [-117.1646231252565, 32.721957623862785], [-117.16462149988782, 32.72195765845904], [-117.16461987450978, 32.72195769215355], [-117.16461824914114, 32.72195772674977], [-117.16461662379119, 32.72195776314925], [-117.16461499844121, 32.721957799548726], [-117.16461337307254, 32.72195783414484], [-117.16461174772256, 32.72195787054428], [-117.16461012235388, 32.72195790514035], [-117.1646085002039, 32.721957941516024], [-117.16460687482585, 32.72195797521038], [-117.16460524948523, 32.72195801251142], [-117.16460362413525, 32.721958048910764], [-117.16460199879467, 32.721958086211714], [-117.16460037341662, 32.721958119905985], [-117.16459874807597, 32.72195815720695], [-117.164597122726, 32.72195819360621], [-117.16459549737603, 32.721958230005406], [-117.16459387203538, 32.72195826730627], [-117.1645922466854, 32.72195830370547], [-117.16459062134476, 32.721958341006314], [-117.16458899599478, 32.721958377405485], [-117.16458737385413, 32.721958414682504], [-117.16458574847611, 32.72195844837659], [-117.1645841231542, 32.72195848748065], [-117.16458249781357, 32.72195852478142], [-117.16458087246356, 32.721958561180465], [-117.16457924715098, 32.721958601186145], [-117.16457762180097, 32.72195863758514], [-117.16457599646034, 32.7219586748858], [-117.1645743711384, 32.721958713989764], [-117.16457274579776, 32.721958751290344], [-117.16457112044777, 32.72195878768925], [-117.16456949512585, 32.72195882679314], [-117.16456787295715, 32.72195886136496], [-117.16456624766327, 32.72195890317384], [-117.16456462235068, 32.72195894317933], [-117.16456299697259, 32.721958976873125], [-117.16456137168808, 32.721959019583586], [-117.16455974633807, 32.72195905598234], [-117.1645581209974, 32.721959093282784], [-117.16455649570351, 32.721959135091524], [-117.16455487039099, 32.7219591750969], [-117.16455324506902, 32.721959214200595], [-117.16455162292837, 32.72195925147718], [-117.1645499976064, 32.72195929058082], [-117.16454837229381, 32.721959330586124], [-117.16454674697184, 32.72195936968977], [-117.16454512164988, 32.72195940879331], [-117.16454349633727, 32.72195944879854], [-117.16454187101532, 32.721959487902105], [-117.16454024570271, 32.72195952790725], [-117.16453862040886, 32.72195956971577], [-117.16453699509623, 32.721959609720926], [-117.16453537297429, 32.72195964880064], [-117.16453374766166, 32.72195968880577], [-117.16453212236776, 32.721959730614174], [-117.16453049705514, 32.72195977061926], [-117.16452887173317, 32.721959809722634], [-117.16452724644861, 32.72195985243265], [-117.16452562112664, 32.72195989153599], [-117.16452399581402, 32.721959931540944], [-117.16452237052015, 32.721959973349236], [-117.16452074523559, 32.721960016059185], [-117.16451912311362, 32.72196005513869], [-117.16451749782905, 32.721960097848616], [-117.16451587250707, 32.72196013695183], [-117.16451424725057, 32.72196018236671], [-117.16451262192858, 32.721960221469864], [-117.16451099664401, 32.721960264179664], [-117.16450937132203, 32.72196030328277], [-117.16450774603747, 32.72196034599256], [-117.16450612501961, 32.72196038867068], [-117.16450449972565, 32.721960430478745], [-117.1645028744411, 32.72196047318847], [-117.16450124808051, 32.721960515004376], [-117.16449962279593, 32.72196055771406], [-117.16449799750198, 32.72196059952202], [-117.16449637221741, 32.72196064223166], [-117.16449474692347, 32.721960684039594], [-117.16449312590555, 32.721960726717576], [-117.16449150061166, 32.721960768525456], [-117.16448987535513, 32.721960813940036], [-117.16448825006118, 32.721960855747845], [-117.1644866247766, 32.72196089845739], [-117.16448499951072, 32.721960942970156], [-117.16448337422612, 32.72196098567966], [-117.16448170627478, 32.72196102870544], [-117.16448012690371, 32.72196107558313], [-117.16447850159106, 32.72196111558754], [-117.16447678425492, 32.72196112832018], [-117.16447604932036, 32.721961133769085], [-117.16408662667887, 32.721989825548995], [-117.16395847446216, 32.7219992660218], [-117.16391195756067, 32.72200357115258], [-117.16386306731081, 32.72200624726934], [-117.16385785813704, 32.72200653384404], [-117.16385765022069, 32.72200654350019], [-117.16385740767338, 32.721961546564785], [-117.1638563608981, 32.720922010753654], [-117.16447085515793, 32.72091932831475], [-117.16476021920012, 32.72091806176952]]]}, "properties": {"block_id": "01ST_AV_W_CEDAR_ST", "neighborhood": "Cortez", "latest_count_date": "2025-01-31", "latest_individuals": 0, "latest_tents": 0.0, "latest_vehicles": 0, "history": [{"date": "2018-01-24", "individuals": 0, "tents": 0.0, "vehicles": 0}, {"date": "2018-02-21", "individuals": 0, "tents": 0.0, "vehicles": 0}, {"date": "2019-01-31", "individuals": 0, "tents": 0.0, "vehicles": 0}, {"date": "2020-01-31", "individuals": 0, "tents": 0.0, "vehicles": 0}, {"date": "2020-02-26", "individuals": 0, "tents": 0.0, "vehicles": 0}, {"date": "2021-01-28", "individuals": 0, "tents": 0.0, "vehicles": 0}, {"date": "2021-02-25", "individuals": 0, "tents": 0.0, "vehicles": 0}, {"date": "2022-01-27", "individuals": 0, "tents": 0.0, "vehicles": 0}, {"date": "2022-03-01", "individuals": 0, "tents": 0.0, "vehicles": 0}, {"date": "2023-01-31", "individuals": 0, "tents": 0.0, "vehicles": 0}, {"date": "2024-01-25", "individuals": 1, "tents": 0.0, "vehicles": 0}, {"date": "2025-01-31", "individuals": 0, "tents": 0.0, "vehicles": 0}], "has_panel_data": true}}, {"type": "Feature", "geometry": {"type": "Polygon", "coordinates": [[[-117.16018366782167, 32.71885479963718], [-117.16019445277195, 32.719899156090925], [-117.15929702621011, 32.719894781455295], [-117.15929283913766, 32.718858621885246], [-117.16018366782167, 32.71885479963718]]]}, "properties": {"block_id": "06TH_AV_ASH_ST", "neighborhood": "Cortez", "latest_count_date": "2025-01-31", "latest_individuals": 0, "latest_tents": 0.0, "latest_vehicles": 0, "history": [{"date": "2018-01-24", "individuals": 0, "tents": 0.0, "vehicles": 0}, {"date": "2018-02-21", "individuals": 2, "tents": 0.0, "vehicles": 0}, {"date": "2019-01-31", "individuals": 6, "tents": 0.0, "vehicles": 0}, {"date": "2020-01-31", "individuals": 0, "tents": 0.0, "vehicles": 0}, {"date": "2020-02-26", "individuals": 0, "tents": 0.0, "vehicles": 0}, {"date": "2021-01-28", "individuals": 1, "tents": 0.0, "vehicles": 0}, {"date": "2021-02-25", "individuals": 0, "tents": 0.0, "vehicles": 0}, {"date": "2022-01-27", "individuals": 1, "tents": 0.0, "vehicles": 0}, {"date": "2022-03-01", "individuals": 2, "tents": 0.0, "vehicles": 0}, {"date": "2023-01-31", "individuals": 1, "tents": 0.0, "vehicles": 0}, {"date": "2024-01-25", "individuals": 0, "tents": 0.0, "vehicles": 0}, {"date": "2025-01-31", "individuals": 0, "tents": 0.0, "vehicles": 0}], "has_panel_data": true}}, {"type": "Feature", "geometry": {"type": "Polygon", "coordinates": [[[-117.16385218037854, 32.719891348786966], [-117.1644601619577, 32.7198887109952], [-117.16474627149701, 32.71988746948892], [-117.16476021920012, 32.72091806176952], [-117.16447085515793, 32.72091932831475], [-117.1638563608981, 32.720922010753654], [-117.16385218037854, 32.719891348786966]]]}, "properties": {"block_id": "01ST_AV_W_BEECH_ST", "neighborhood": "Cortez", "latest_count_date": "2025-01-31", "latest_individuals": 0, "latest_tents": 0.0, "latest_vehicles": 0, "history": [{"date": "2018-01-24", "individuals": 5, "tents": 0.0, "vehicles": 0}, {"date": "2018-02-21", "individuals": 2, "tents": 0.0, "vehicles": 0}, {"date": "2019-01-31", "individuals": 0, "tents": 0.0, "vehicles": 0}, {"date": "2020-01-31", "individuals": 0, "tents": 0.0, "vehicles": 0}, {"date": "2020-02-26", "individuals": 0, "tents": 0.0, "vehicles": 0}, {"date": "2021-01-28", "individuals": 0, "tents": 0.0, "vehicles": 0}, {"date": "2021-02-25", "individuals": 0, "tents": 0.0, "vehicles": 0}, {"date": "2022-01-27", "individuals": 0, "tents": 0.0, "vehicles": 0}, {"date": "2022-03-01", "individuals": 1, "tents": 3.0, "vehicles": 0}, {"date": "2023-01-31", "individuals": 0, "tents": 0.0, "vehicles": 0}, {"date": "2024-01-25", "individuals": 0, "tents": 0.0, "vehicles": 0}, {"date": "2025-01-31", "individuals": 0, "tents": 0.0, "vehicles": 0}], "has_panel_data": true}}, {"type": "Feature", "geometry": {"type": "Polygon", "coordinates": [[[-117.15655942590733, 32.71990119105209], [-117.15655210472727, 32.71887330018584], [-117.15744618583807, 32.71886947380527], [-117.15745676857588, 32.719897340698374], [-117.15655942590733, 32.71990119105209]]]}, "properties": {"block_id": "09TH_AV_ASH_ST", "neighborhood": "Cortez", "latest_count_date": "2025-01-31", "latest_individuals": 0, "latest_tents": 0.0, "latest_vehicles": 0, "history": [{"date": "2018-01-24", "individuals": 0, "tents": 0.0, "vehicles": 0}, {"date": "2018-02-21", "individuals": 1, "tents": 0.0, "vehicles": 0}, {"date": "2019-01-31", "individuals": 0, "tents": 0.0, "vehicles": 0}, {"date": "2020-01-31", "individuals": 0, "tents": 0.0, "vehicles": 0}, {"date": "2020-02-26", "individuals": 0, "tents": 0.0, "vehicles": 0}, {"date": "2021-01-28", "individuals": 0, "tents": 0.0, "vehicles": 0}, {"date": "2021-02-25", "individuals": 1, "tents": 0.0, "vehicles": 0}, {"date": "2022-01-27", "individuals": 0, "tents": 0.0, "vehicles": 0}, {"date": "2022-03-01", "individuals": 0, "tents": 0.0, "vehicles": 0}, {"date": "2023-01-31", "individuals": 0, "tents": 0.0, "vehicles": 0}, {"date": "2024-01-25", "individuals": 0, "tents": 0.0, "vehicles": 0}, {"date": "2025-01-31", "individuals": 0, "tents": 0.0, "vehicles": 0}], "has_panel_data": true}}, {"type": "Feature", "geometry": {"type": "Polygon", "coordinates": [[[-117.1619018554914, 32.7083125503579], [-117.16099818314659, 32.7083219776968], [-117.1605602319516, 32.70683826659281], [-117.16173334924724, 32.707490404312445], [-117.16182887811676, 32.70754350583807], [-117.16290592173833, 32.7081422149284], [-117.16335298880047, 32.70839072595105], [-117.16421582732602, 32.7088767638432], [-117.16388033010195, 32.709409915579016], [-117.16346015450785, 32.70935919544554], [-117.16300320962311, 32.709360692736425], [-117.16294696448755, 32.70936087647242], [-117.16293850879305, 32.709360904801926], [-117.1628411530384, 32.709361223286884], [-117.16232904759646, 32.70936793895878], [-117.16191283009006, 32.70937339524532], [-117.1619018554914, 32.7083125503579]]]}, "properties": {"block_id": "03RD_AV_J_ST", "neighborhood": "Marina", "latest_count_date": "2025-01-31", "latest_individuals": 0, "latest_tents": 0.0, "latest_vehicles": 0, "history": [{"date": "2018-01-24", "individuals": 6, "tents": 0.0, "vehicles": 0}, {"date": "2018-02-21", "individuals": 13, "tents": 0.0, "vehicles": 0}, {"date": "2019-01-31", "individuals": 7, "tents": 0.0, "vehicles": 0}, {"date": "2020-01-31", "individuals": 3, "tents": 2.0, "vehicles": 0}, {"date": "2020-02-26", "individuals": 0, "tents": 0.0, "vehicles": 1}, {"date": "2021-01-28", "individuals": 1, "tents": 4.0, "vehicles": 0}, {"date": "2021-02-25", "individuals": 3, "tents": 0.0, "vehicles": 0}, {"date": "2022-01-27", "individuals": 0, "tents": 0.0, "vehicles": 0}, {"date": "2022-03-01", "individuals": 0, "tents": 0.0, "vehicles": 0}, {"date": "2023-01-31", "individuals": 0, "tents": 1.0, "vehicles": 0}, {"date": "2024-01-25", "individuals": 3, "tents": 0.0, "vehicles": 0}, {"date": "2025-01-31", "individuals": 0, "tents": 0.0, "vehicles": 0}], "has_panel_data": true}}, {"type": "Feature", "geometry": {"type": "Polygon", "coordinates": [[[-117.16099818314659, 32.7083219776968], [-117.1619018554914, 32.7083125503579], [-117.16191283009006, 32.70937339524532], [-117.16102209303246, 32.70937723001322], [-117.16099818314659, 32.7083219776968]]]}, "properties": {"block_id": "04TH_AV_J_ST", "neighborhood": "Marina", "latest_count_date": "2025-01-31", "latest_individuals": 0, "latest_tents": 0.0, "latest_vehicles": 0, "history": [{"date": "2018-01-24", "individuals": 2, "tents": 0.0, "vehicles": 1}, {"date": "2018-02-21", "individuals": 1, "tents": 0.0, "vehicles": 0}, {"date": "2019-01-31", "individuals": 1, "tents": 0.0, "vehicles": 0}, {"date": "2020-01-31", "individuals": 0, "tents": 0.0, "vehicles": 0}, {"date": "2020-02-26", "individuals": 2, "tents": 0.0, "vehicles": 0}, {"date": "2021-01-28", "individuals": 1, "tents": 0.0, "vehicles": 0}, {"date": "2021-02-25", "individuals": 0, "tents": 0.0, "vehicles": 0}, {"date": "2022-01-27", "individuals": 0, "tents": 0.0, "vehicles": 0}, {"date": "2022-03-01", "individuals": 0, "tents": 0.0, "vehicles": 0}, {"date": "2023-01-31", "individuals": 2, "tents": 0.0, "vehicles": 0}, {"date": "2024-01-25", "individuals": 2, "tents": 0.0, "vehicles": 0}, {"date": "2025-01-31", "individuals": 0, "tents": 0.0, "vehicles": 0}], "has_panel_data": true}}, {"type": "Feature", "geometry": {"type": "Polygon", "coordinates": [[[-117.1610360523225, 32.710413317212804], [-117.1610373747259, 32.71148522750268], [-117.16012061932655, 32.711489247800706], [-117.1601193836012, 32.71042558246784], [-117.1610360523225, 32.710413317212804]]]}, "properties": {"block_id": "05TH_AV_MARKET_ST", "neighborhood": "Gaslamp", "latest_count_date": "2025-01-31", "latest_individuals": 3, "latest_tents": 0.0, "latest_vehicles": 0, "history": [{"date": "2018-01-24", "individuals": 2, "tents": 0.0, "vehicles": 0}, {"date": "2018-02-21", "individuals": 5, "tents": 0.0, "vehicles": 0}, {"date": "2019-01-31", "individuals": 1, "tents": 0.0, "vehicles": 0}, {"date": "2020-01-31", "individuals": 1, "tents": 0.0, "vehicles": 0}, {"date": "2020-02-26", "individuals": 6, "tents": 1.0, "vehicles": 0}, {"date": "2021-01-28", "individuals": 2, "tents": 0.0, "vehicles": 0}, {"date": "2021-02-25", "individuals": 0, "tents": 0.0, "vehicles": 0}, {"date": "2022-01-27", "individuals": 1, "tents": 0.0, "vehicles": 0}, {"date": "2022-03-01", "individuals": 4, "tents": 0.0, "vehicles": 1}, {"date": "2023-01-31", "individuals": 1, "tents": 1.0, "vehicles": 0}, {"date": "2024-01-25", "individuals": 3, "tents": 0.0, "vehicles": 0}, {"date": "2025-01-31", "individuals": 3, "tents": 0.0, "vehicles": 0}], "has_panel_data": true}}, {"type": "Feature", "geometry": {"type": "Polygon", "coordinates": [[[-117.1610373747259, 32.71148522750268], [-117.1610360523225, 32.710413317212804], [-117.16193660585544, 32.710414906850545], [-117.16194760956773, 32.71147850009752], [-117.1610373747259, 32.71148522750268]]]}, "properties": {"block_id": "04TH_AV_MARKET_ST", "neighborhood": "Marina", "latest_count_date": "2025-01-31", "latest_individuals": 0, "latest_tents": 0.0, "latest_vehicles": 0, "history": [{"date": "2018-01-24", "individuals": 0, "tents": 0.0, "vehicles": 0}, {"date": "2018-02-21", "individuals": 2, "tents": 0.0, "vehicles": 0}, {"date": "2019-01-31", "individuals": 0, "tents": 0.0, "vehicles": 0}, {"date": "2020-01-31", "individuals": 0, "tents": 0.0, "vehicles": 0}, {"date": "2020-02-26", "individuals": 0, "tents": 0.0, "vehicles": 0}, {"date": "2021-01-28", "individuals": 1, "tents": 0.0, "vehicles": 0}, {"date": "2021-02-25", "individuals": 0, "tents": 0.0, "vehicles": 0}, {"date": "2022-01-27", "individuals": 0, "tents": 0.0, "vehicles": 0}, {"date": "2022-03-01", "individuals": 1, "tents": 0.0, "vehicles": 0}, {"date": "2023-01-31", "individuals": 1, "tents": 0.0, "vehicles": 0}, {"date": "2024-01-25", "individuals": 0, "tents": 0.0, "vehicles": 0}, {"date": "2025-01-31", "individuals": 0, "tents": 0.0, "vehicles": 0}], "has_panel_data": true}}, {"type": "Feature", "geometry": {"type": "Polygon", "coordinates": [[[-117.16102209303246, 32.70937723001322], [-117.1610360523225, 32.710413317212804], [-117.1601193836012, 32.71042558246784], [-117.16010529640525, 32.70937575364751], [-117.16102209303246, 32.70937723001322]]]}, "properties": {"block_id": "05TH_AV_ISLAND_AV", "neighborhood": "Gaslamp", "latest_count_date": "2025-01-31", "latest_individuals": 1, "latest_tents": 0.0, "latest_vehicles": 0, "history": [{"date": "2018-01-24", "individuals": 3, "tents": 0.0, "vehicles": 0}, {"date": "2018-02-21", "individuals": 7, "tents": 0.0, "vehicles": 0}, {"date": "2019-01-31", "individuals": 6, "tents": 0.0, "vehicles": 0}, {"date": "2020-01-31", "individuals": 0, "tents": 0.0, "vehicles": 0}, {"date": "2020-02-26", "individuals": 0, "tents": 0.0, "vehicles": 0}, {"date": "2021-01-28", "individuals": 2, "tents": 0.0, "vehicles": 0}, {"date": "2021-02-25", "individuals": 1, "tents": 0.0, "vehicles": 0}, {"date": "2022-01-27", "individuals": 1, "tents": 0.0, "vehicles": 0}, {"date": "2022-03-01", "individuals": 0, "tents": 0.0, "vehicles": 0}, {"date": "2023-01-31", "individuals": 1, "tents": 0.0, "vehicles": 0}, {"date": "2024-01-25", "individuals": 0, "tents": 0.0, "vehicles": 0}, {"date": "2025-01-31", "individuals": 1, "tents": 0.0, "vehicles": 0}], "has_panel_data": true}}, {"type": "Feature", "geometry": {"type": "Polygon", "coordinates": [[[-117.1610360523225, 32.710413317212804], [-117.16102209303246, 32.70937723001322], [-117.16191283009006, 32.70937339524532], [-117.16193660585544, 32.710414906850545], [-117.1610360523225, 32.710413317212804]]]}, "properties": {"block_id": "04TH_AV_ISLAND_AV", "neighborhood": "Marina", "latest_count_date": "2025-01-31", "latest_individuals": 2, "latest_tents": 0.0, "latest_vehicles": 0, "history": [{"date": "2018-01-24", "individuals": 0, "tents": 0.0, "vehicles": 0}, {"date": "2018-02-21", "individuals": 0, "tents": 0.0, "vehicles": 0}, {"date": "2019-01-31", "individuals": 0, "tents": 0.0, "vehicles": 0}, {"date": "2020-01-31", "individuals": 0, "tents": 0.0, "vehicles": 0}, {"date": "2020-02-26", "individuals": 1, "tents": 0.0, "vehicles": 0}, {"date": "2021-01-28", "individuals": 0, "tents": 0.0, "vehicles": 0}, {"date": "2021-02-25", "individuals": 0, "tents": 0.0, "vehicles": 0}, {"date": "2022-01-27", "individuals": 3, "tents": 0.0, "vehicles": 0}, {"date": "2022-03-01", "individuals": 0, "tents": 0.0, "vehicles": 0}, {"date": "2023-01-31", "individuals": 0, "tents": 0.0, "vehicles": 0}, {"date": "2024-01-25", "individuals": 1, "tents": 0.0, "vehicles": 0}, {"date": "2025-01-31", "individuals": 2, "tents": 0.0, "vehicles": 0}], "has_panel_data": true}}, {"type": "Feature", "geometry": {"type": "Polygon", "coordinates": [[[-117.16010529640525, 32.70937575364751], [-117.1601193836012, 32.71042558246784], [-117.15920600122021, 32.71044056518738], [-117.15919508740198, 32.70938246742374], [-117.16010529640525, 32.70937575364751]]]}, "properties": {"block_id": "06TH_AV_ISLAND_AV", "neighborhood": "Gaslamp", "latest_count_date": "2025-01-31", "latest_individuals": 0, "latest_tents": 0.0, "latest_vehicles": 0, "history": [{"date": "2018-01-24", "individuals": 1, "tents": 0.0, "vehicles": 0}, {"date": "2018-02-21", "individuals": 1, "tents": 0.0, "vehicles": 0}, {"date": "2019-01-31", "individuals": 2, "tents": 0.0, "vehicles": 0}, {"date": "2020-01-31", "individuals": 0, "tents": 0.0, "vehicles": 0}, {"date": "2020-02-26", "individuals": 0, "tents": 0.0, "vehicles": 0}, {"date": "2021-01-28", "individuals": 0, "tents": 0.0, "vehicles": 0}, {"date": "2021-02-25", "individuals": 1, "tents": 0.0, "vehicles": 0}, {"date": "2022-01-27", "individuals": 1, "tents": 0.0, "vehicles": 0}, {"date": "2022-03-01", "individuals": 1, "tents": 0.0, "vehicles": 0}, {"date": "2023-01-31", "individuals": 0, "tents": 0.0, "vehicles": 0}, {"date": "2024-01-25", "individuals": 0, "tents": 0.0, "vehicles": 0}, {"date": "2025-01-31", "individuals": 0, "tents": 0.0, "vehicles": 0}], "has_panel_data": true}}, {"type": "Feature", "geometry": {"type": "Polygon", "coordinates": [[[-117.16102209303246, 32.70937723001322], [-117.16010529640525, 32.70937575364751], [-117.16009120635464, 32.7083259257828], [-117.16099818314659, 32.7083219776968], [-117.16102209303246, 32.70937723001322]]]}, "properties": {"block_id": "05TH_AV_J_ST", "neighborhood": "Gaslamp", "latest_count_date": "2025-01-31", "latest_individuals": 2, "latest_tents": 0.0, "latest_vehicles": 0, "history": [{"date": "2018-01-24", "individuals": 0, "tents": 0.0, "vehicles": 0}, {"date": "2018-02-21", "individuals": 1, "tents": 0.0, "vehicles": 0}, {"date": "2019-01-31", "individuals": 2, "tents": 0.0, "vehicles": 0}, {"date": "2020-01-31", "individuals": 0, "tents": 0.0, "vehicles": 0}, {"date": "2020-02-26", "individuals": 0, "tents": 0.0, "vehicles": 0}, {"date": "2021-01-28", "individuals": 0, "tents": 0.0, "vehicles": 0}, {"date": "2021-02-25", "individuals": 0, "tents": 0.0, "vehicles": 0}, {"date": "2022-01-27", "individuals": 1, "tents": 0.0, "vehicles": 0}, {"date": "2022-03-01", "individuals": 3, "tents": 0.0, "vehicles": 0}, {"date": "2023-01-31", "individuals": 0, "tents": 0.0, "vehicles": 0}, {"date": "2024-01-25", "individuals": 1, "tents": 0.0, "vehicles": 0}, {"date": "2025-01-31", "individuals": 2, "tents": 0.0, "vehicles": 0}], "has_panel_data": true}}, {"type": "Feature", "geometry": {"type": "Polygon", "coordinates": [[[-117.1610373747259, 32.71148522750268], [-117.16106793288924, 32.712554173346646], [-117.16055648898674, 32.712560956888744], [-117.1601420145818, 32.712566452831005], [-117.16013534903115, 32.712566542599625], [-117.16013415241217, 32.71256655684084], [-117.16013407633625, 32.7125605319652], [-117.16012061932655, 32.711489247800706], [-117.1610373747259, 32.71148522750268]]]}, "properties": {"block_id": "05TH_AV_G_ST", "neighborhood": "Gaslamp", "latest_count_date": "2025-01-31", "latest_individuals": 0, "latest_tents": 0.0, "latest_vehicles": 0, "history": [{"date": "2018-01-24", "individuals": 1, "tents": 0.0, "vehicles": 0}, {"date": "2018-02-21", "individuals": 1, "tents": 0.0, "vehicles": 0}, {"date": "2019-01-31", "individuals": 5, "tents": 0.0, "vehicles": 0}, {"date": "2020-01-31", "individuals": 5, "tents": 1.0, "vehicles": 0}, {"date": "2020-02-26", "individuals": 1, "tents": 0.0, "vehicles": 0}, {"date": "2021-01-28", "individuals": 3, "tents": 0.0, "vehicles": 0}, {"date": "2021-02-25", "individuals": 2, "tents": 0.0, "vehicles": 0}, {"date": "2022-01-27", "individuals": 4, "tents": 0.0, "vehicles": 0}, {"date": "2022-03-01", "individuals": 0, "tents": 0.0, "vehicles": 0}, {"date": "2023-01-31", "individuals": 1, "tents": 0.0, "vehicles": 0}, {"date": "2024-01-25", "individuals": 2, "tents": 0.0, "vehicles": 0}, {"date": "2025-01-31", "individuals": 0, "tents": 0.0, "vehicles": 0}], "has_panel_data": true}}, {"type": "Feature", "geometry": {"type": "Polygon", "coordinates": [[[-117.16106793288924, 32.712554173346646], [-117.1610373747259, 32.71148522750268], [-117.16194760956773, 32.71147850009752], [-117.1619476996658, 32.711484012679854], [-117.1619652290011, 32.712553038491976], [-117.1619164661151, 32.71255339906387], [-117.16115203957183, 32.7125540966475], [-117.16106793288924, 32.712554173346646]]]}, "properties": {"block_id": "04TH_AV_G_ST", "neighborhood": "Marina", "latest_count_date": "2025-01-31", "latest_individuals": 3, "latest_tents": 0.0, "latest_vehicles": 0, "history": [{"date": "2018-01-24", "individuals": 3, "tents": 0.0, "vehicles": 0}, {"date": "2018-02-21", "individuals": 0, "tents": 0.0, "vehicles": 0}, {"date": "2019-01-31", "individuals": 1, "tents": 0.0, "vehicles": 0}, {"date": "2020-01-31", "individuals": 13, "tents": 0.0, "vehicles": 0}, {"date": "2020-02-26", "individuals": 8, "tents": 0.0, "vehicles": 0}, {"date": "2021-01-28", "individuals": 3, "tents": 0.0, "vehicles": 0}, {"date": "2021-02-25", "individuals": 7, "tents": 0.0, "vehicles": 0}, {"date": "2022-01-27", "individuals": 3, "tents": 0.0, "vehicles": 0}, {"date": "2022-03-01", "individuals": 3, "tents": 0.0, "vehicles": 0}, {"date": "2023-01-31", "individuals": 1, "tents": 0.0, "vehicles": 0}, {"date": "2024-01-25", "individuals": 2, "tents": 0.0, "vehicles": 0}, {"date": "2025-01-31", "individuals": 3, "tents": 0.0, "vehicles": 0}], "has_panel_data": true}}, {"type": "Feature", "geometry": {"type": "Polygon", "coordinates": [[[-117.16107245300616, 32.71362056396623], [-117.16107651870256, 32.71464298093493], [-117.16015325376802, 32.714649797828976], [-117.16014591630328, 32.71362465654528], [-117.16107245300616, 32.71362056396623]]]}, "properties": {"block_id": "05TH_AV_E_ST", "neighborhood": "Gaslamp", "latest_count_date": "2025-01-31", "latest_individuals": 2, "latest_tents": 0.0, "latest_vehicles": 0, "history": [{"date": "2018-01-24", "individuals": 4, "tents": 0.0, "vehicles": 0}, {"date": "2018-02-21", "individuals": 3, "tents": 0.0, "vehicles": 0}, {"date": "2019-01-31", "individuals": 0, "tents": 0.0, "vehicles": 0}, {"date": "2020-01-31", "individuals": 1, "tents": 0.0, "vehicles": 0}, {"date": "2020-02-26", "individuals": 5, "tents": 0.0, "vehicles": 0}, {"date": "2021-01-28", "individuals": 2, "tents": 0.0, "vehicles": 0}, {"date": "2021-02-25", "individuals": 0, "tents": 0.0, "vehicles": 0}, {"date": "2022-01-27", "individuals": 7, "tents": 0.0, "vehicles": 0}, {"date": "2022-03-01", "individuals": 2, "tents": 0.0, "vehicles": 0}, {"date": "2023-01-31", "individuals": 5, "tents": 1.0, "vehicles": 0}, {"date": "2024-01-25", "individuals": 4, "tents": 0.0, "vehicles": 0}, {"date": "2025-01-31", "individuals": 2, "tents": 0.0, "vehicles": 0}], "has_panel_data": true}}, {"type": "Feature", "geometry": {"type": "Polygon", "coordinates": [[[-117.16107651870256, 32.71464298093493], [-117.16107245300616, 32.71362056396623], [-117.16106793288924, 32.712554173346646], [-117.16115203957183, 32.7125540966475], [-117.1619164661151, 32.71255339906387], [-117.1619652290011, 32.712553038491976], [-117.162878749854, 32.71254902850557], [-117.16377623521421, 32.71254772577751], [-117.1637780783327, 32.71254772294221], [-117.1638020527569, 32.71254768778167], [-117.163802199576, 32.71256771437992], [-117.16380745467309, 32.71328655936962], [-117.16380824280907, 32.71339437299994], [-117.16380935347497, 32.71354626048114], [-117.16380982835624, 32.71361130591505], [-117.16381039545331, 32.71397960284863], [-117.16381398278962, 32.714639219389234], [-117.16382515215061, 32.715716554084956], [-117.16290173065995, 32.71570965008645], [-117.16289795685071, 32.714717464430336], [-117.16246555354734, 32.714717915800115], [-117.1619973604088, 32.71471588180419], [-117.1619982988062, 32.714806575657455], [-117.1619880601065, 32.7157026670723], [-117.16108089378142, 32.71569562924324], [-117.1610782165371, 32.71505149975776], [-117.16107717785269, 32.71480148331672], [-117.16107712934048, 32.71478977275587], [-117.16107651870256, 32.71464298093493]]]}, "properties": {"block_id": "04TH_AV_BROADWAY", "neighborhood": "City Center", "latest_count_date": "2025-01-31", "latest_individuals": 3, "latest_tents": 0.0, "latest_vehicles": 0, "history": [{"date": "2018-01-24", "individuals": 8, "tents": 0.0, "vehicles": 0}, {"date": "2018-02-21", "individuals": 7, "tents": 0.0, "vehicles": 0}, {"date": "2019-01-31", "individuals": 26, "tents": 1.0, "vehicles": 0}, {"date": "2020-01-31", "individuals": 5, "tents": 1.0, "vehicles": 0}, {"date": "2020-02-26", "individuals": 2, "tents": 0.0, "vehicles": 0}, {"date": "2021-01-28", "individuals": 3, "tents": 0.0, "vehicles": 0}, {"date": "2021-02-25", "individuals": 1, "tents": 0.0, "vehicles": 0}, {"date": "2022-01-27", "individuals": 0, "tents": 0.0, "vehicles": 0}, {"date": "2022-03-01", "individuals": 1, "tents": 0.0, "vehicles": 0}, {"date": "2023-01-31", "individuals": 0, "tents": 0.0, "vehicles": 0}, {"date": "2024-01-25", "individuals": 2, "tents": 0.0, "vehicles": 0}, {"date": "2025-01-31", "individuals": 3, "tents": 0.0, "vehicles": 0}], "has_panel_data": true}}, {"type": "Feature", "geometry": {"type": "Polygon", "coordinates": [[[-117.16010529640525, 32.70937575364751], [-117.15919508740198, 32.70938246742374], [-117.15919401100702, 32.70833254359269], [-117.16009120635464, 32.7083259257828], [-117.16010529640525, 32.70937575364751]]]}, "properties": {"block_id": "06TH_AV_J_ST", "neighborhood": "Gaslamp", "latest_count_date": "2025-01-31", "latest_individuals": 2, "latest_tents": 0.0, "latest_vehicles": 0, "history": [{"date": "2018-01-24", "individuals": 2, "tents": 0.0, "vehicles": 0}, {"date": "2018-02-21", "individuals": 3, "tents": 0.0, "vehicles": 0}, {"date": "2019-01-31", "individuals": 0, "tents": 0.0, "vehicles": 0}, {"date": "2020-01-31", "individuals": 1, "tents": 0.0, "vehicles": 0}, {"date": "2020-02-26", "individuals": 0, "tents": 0.0, "vehicles": 0}, {"date": "2021-01-28", "individuals": 0, "tents": 0.0, "vehicles": 0}, {"date": "2021-02-25", "individuals": 0, "tents": 0.0, "vehicles": 0}, {"date": "2022-01-27", "individuals": 0, "tents": 0.0, "vehicles": 0}, {"date": "2022-03-01", "individuals": 0, "tents": 0.0, "vehicles": 0}, {"date": "2023-01-31", "individuals": 1, "tents": 0.0, "vehicles": 0}, {"date": "2024-01-25", "individuals": 5, "tents": 0.0, "vehicles": 0}, {"date": "2025-01-31", "individuals": 2, "tents": 0.0, "vehicles": 0}], "has_panel_data": true}}, {"type": "Feature", "geometry": {"type": "Polygon", "coordinates": [[[-117.1605602319516, 32.70683826659281], [-117.16099818314659, 32.7083219776968], [-117.16009120635464, 32.7083259257828], [-117.1600897404252, 32.70755635258848], [-117.16008973124762, 32.70755360414834], [-117.16009109588951, 32.70754063515158], [-117.16009119299585, 32.70753991664877], [-117.16009297397031, 32.70752698335439], [-117.16009530483045, 32.70751338502547], [-117.16009808105086, 32.70749984472822], [-117.16010130599837, 32.70748637866912], [-117.160104975444, 32.70747299048625], [-117.16010515396147, 32.70747240934909], [-117.16010908314689, 32.70745969555529], [-117.16011363239943, 32.707446502869324], [-117.16011861369611, 32.70743342151585], [-117.16012402611922, 32.707420465929424], [-117.16012986543986, 32.70740763974814], [-117.16013019347601, 32.70740697454724], [-117.16013612651152, 32.707394961044855], [-117.16014280401103, 32.70738243076042], [-117.16014989383972, 32.707370065156425], [-117.16015738754942, 32.7073578724108], [-117.16016528415724, 32.70734586064638], [-117.16016571613604, 32.70734524247057], [-117.1601658444047, 32.70734506297906], [-117.1601735752522, 32.70733404164785], [-117.1601822491772, 32.70732242271508], [-117.1601913081304, 32.70731101014393], [-117.16020073734833, 32.70729982027461], [-117.16021053685888, 32.70728885581211], [-117.16028473352107, 32.707192957118494], [-117.1605602319516, 32.70683826659281]]]}, "properties": {"block_id": "05TH_AV_K_ST", "neighborhood": "Gaslamp", "latest_count_date": "2025-01-31", "latest_individuals": 1, "latest_tents": 0.0, "latest_vehicles": 0, "history": [{"date": "2018-01-24", "individuals": 1, "tents": 0.0, "vehicles": 0}, {"date": "2018-02-21", "individuals": 0, "tents": 0.0, "vehicles": 0}, {"date": "2019-01-31", "individuals": 1, "tents": 0.0, "vehicles": 0}, {"date": "2020-01-31", "individuals": 1, "tents": 0.0, "vehicles": 0}, {"date": "2020-02-26", "individuals": 0, "tents": 0.0, "vehicles": 0}, {"date": "2021-01-28", "individuals": 0, "tents": 0.0, "vehicles": 0}, {"date": "2021-02-25", "individuals": 2, "tents": 0.0, "vehicles": 0}, {"date": "2022-01-27", "individuals": 1, "tents": 0.0, "vehicles": 0}, {"date": "2022-03-01", "individuals": 0, "tents": 0.0, "vehicles": 0}, {"date": "2023-01-31", "individuals": 0, "tents": 0.0, "vehicles": 0}, {"date": "2024-01-25", "individuals": 2, "tents": 0.0, "vehicles": 0}, {"date": "2025-01-31", "individuals": 1, "tents": 0.0, "vehicles": 0}], "has_panel_data": true}}, {"type": "Feature", "geometry": {"type": "Polygon", "coordinates": [[[-117.15920600122021, 32.71044056518738], [-117.1601193836012, 32.71042558246784], [-117.16012061932655, 32.711489247800706], [-117.15921044199763, 32.71150145831195], [-117.15920600122021, 32.71044056518738]]]}, "properties": {"block_id": "06TH_AV_MARKET_ST", "neighborhood": "Gaslamp", "latest_count_date": "2025-01-31", "latest_individuals": 3, "latest_tents": 0.0, "latest_vehicles": 0, "history": [{"date": "2018-01-24", "individuals": 4, "tents": 0.0, "vehicles": 0}, {"date": "2018-02-21", "individuals": 12, "tents": 0.0, "vehicles": 0}, {"date": "2019-01-31", "individuals": 11, "tents": 0.0, "vehicles": 0}, {"date": "2020-01-31", "individuals": 1, "tents": 0.0, "vehicles": 0}, {"date": "2020-02-26", "individuals": 3, "tents": 0.0, "vehicles": 0}, {"date": "2021-01-28", "individuals": 0, "tents": 0.0, "vehicles": 0}, {"date": "2021-02-25", "individuals": 1, "tents": 0.0, "vehicles": 0}, {"date": "2022-01-27", "individuals": 0, "tents": 0.0, "vehicles": 0}, {"date": "2022-03-01", "individuals": 2, "tents": 0.0, "vehicles": 0}, {"date": "2023-01-31", "individuals": 1, "tents": 0.0, "vehicles": 0}, {"date": "2024-01-25", "individuals": 3, "tents": 0.0, "vehicles": 0}, {"date": "2025-01-31", "individuals": 3, "tents": 0.0, "vehicles": 0}], "has_panel_data": true}}, {"type": "Feature", "geometry": {"type": "Polygon", "coordinates": [[[-117.16015758944194, 32.7156996978711], [-117.15970348317003, 32.715703048188836], [-117.15941435003224, 32.71570518049193], [-117.15932175374492, 32.715705863229], [-117.15926031904331, 32.715706316165054], [-117.1592598250325, 32.715637747771325], [-117.15925755026174, 32.71532241740159], [-117.15925276827006, 32.71465918838137], [-117.16015325376802, 32.714649797828976], [-117.1601558409861, 32.71527615461442], [-117.1601559264103, 32.71529692650413], [-117.16015700894229, 32.71555918916657], [-117.16015758944194, 32.7156996978711]]]}, "properties": {"block_id": "06TH_AV_BROADWAY", "neighborhood": "Gaslamp", "latest_count_date": "2025-01-31", "latest_individuals": 8, "latest_tents": 0.0, "latest_vehicles": 0, "history": [{"date": "2018-01-24", "individuals": 2, "tents": 0.0, "vehicles": 0}, {"date": "2018-02-21", "individuals": 6, "tents": 0.0, "vehicles": 0}, {"date": "2019-01-31", "individuals": 4, "tents": 0.0, "vehicles": 0}, {"date": "2020-01-31", "individuals": 3, "tents": 0.0, "vehicles": 0}, {"date": "2020-02-26", "individuals": 0, "tents": 0.0, "vehicles": 0}, {"date": "2021-01-28", "individuals": 1, "tents": 0.0, "vehicles": 0}, {"date": "2021-02-25", "individuals": 1, "tents": 0.0, "vehicles": 0}, {"date": "2022-01-27", "individuals": 13, "tents": 0.0, "vehicles": 0}, {"date": "2022-03-01", "individuals": 3, "tents": 0.0, "vehicles": 0}, {"date": "2023-01-31", "individuals": 9, "tents": 0.0, "vehicles": 0}, {"date": "2024-01-25", "individuals": 1, "tents": 0.0, "vehicles": 0}, {"date": "2025-01-31", "individuals": 8, "tents": 0.0, "vehicles": 0}], "has_panel_data": true}}, {"type": "Feature", "geometry": {"type": "Polygon", "coordinates": [[[-117.15926031904331, 32.715706316165054], [-117.15932175374492, 32.715705863229], [-117.15941435003224, 32.71570518049193], [-117.15970348317003, 32.715703048188836], [-117.16015758944194, 32.7156996978711], [-117.16016532134155, 32.716763316325505], [-117.15927123442759, 32.716764414109385], [-117.15926127818668, 32.71579929307757], [-117.15926117720846, 32.71578950451558], [-117.1592606391668, 32.71573734814282], [-117.1592603319353, 32.71570756588385], [-117.15926031904331, 32.715706316165054]]]}, "properties": {"block_id": "06TH_AV_C_ST", "neighborhood": "City Center", "latest_count_date": "2025-01-31", "latest_individuals": 16, "latest_tents": 0.0, "latest_vehicles": 0, "history": [{"date": "2018-01-24", "individuals": 3, "tents": 0.0, "vehicles": 0}, {"date": "2018-02-21", "individuals": 8, "tents": 0.0, "vehicles": 0}, {"date": "2019-01-31", "individuals": 3, "tents": 0.0, "vehicles": 0}, {"date": "2020-01-31", "individuals": 3, "tents": 0.0, "vehicles": 0}, {"date": "2020-02-26", "individuals": 0, "tents": 0.0, "vehicles": 1}, {"date": "2021-01-28", "individuals": 0, "tents": 0.0, "vehicles": 0}, {"date": "2021-02-25", "individuals": 0, "tents": 0.0, "vehicles": 0}, {"date": "2022-01-27", "individuals": 3, "tents": 0.0, "vehicles": 0}, {"date": "2022-03-01", "individuals": 2, "tents": 0.0, "vehicles": 0}, {"date": "2023-01-31", "individuals": 3, "tents": 0.0, "vehicles": 0}, {"date": "2024-01-25", "individuals": 9, "tents": 0.0, "vehicles": 0}, {"date": "2025-01-31", "individuals": 16, "tents": 0.0, "vehicles": 0}], "has_panel_data": true}}, {"type": "Feature", "geometry": {"type": "Polygon", "coordinates": [[[-117.15926031904331, 32.715706316165054], [-117.1592480187091, 32.715706369875925], [-117.15894893675208, 32.71570768080716], [-117.15865154113524, 32.71570898490124], [-117.15863415299229, 32.71570906070537], [-117.15834026228478, 32.7157103472444], [-117.15833600170103, 32.714665943760615], [-117.15925276827006, 32.71465918838137], [-117.15925755026174, 32.71532241740159], [-117.1592598250325, 32.715637747771325], [-117.15926031904331, 32.715706316165054]]]}, "properties": {"block_id": "07TH_AV_BROADWAY", "neighborhood": "City Center", "latest_count_date": "2025-01-31", "latest_individuals": 3, "latest_tents": 0.0, "latest_vehicles": 0, "history": [{"date": "2018-01-24", "individuals": 0, "tents": 0.0, "vehicles": 0}, {"date": "2018-02-21", "individuals": 2, "tents": 0.0, "vehicles": 0}, {"date": "2019-01-31", "individuals": 0, "tents": 1.0, "vehicles": 0}, {"date": "2020-01-31", "individuals": 0, "tents": 0.0, "vehicles": 0}, {"date": "2020-02-26", "individuals": 0, "tents": 0.0, "vehicles": 0}, {"date": "2021-01-28", "individuals": 0, "tents": 0.0, "vehicles": 0}, {"date": "2021-02-25", "individuals": 0, "tents": 0.0, "vehicles": 0}, {"date": "2022-01-27", "individuals": 0, "tents": 0.0, "vehicles": 0}, {"date": "2022-03-01", "individuals": 2, "tents": 0.0, "vehicles": 0}, {"date": "2023-01-31", "individuals": 4, "tents": 11.0, "vehicles": 0}, {"date": "2024-01-25", "individuals": 0, "tents": 0.0, "vehicles": 0}, {"date": "2025-01-31", "individuals": 3, "tents": 0.0, "vehicles": 0}], "has_panel_data": true}}, {"type": "Feature", "geometry": {"type": "Polygon", "coordinates": [[[-117.15834026228478, 32.7157103472444], [-117.15863415299229, 32.71570906070537], [-117.15865154113524, 32.71570898490124], [-117.15894893675208, 32.71570768080716], [-117.1592480187091, 32.715706369875925], [-117.15926031904331, 32.715706316165054], [-117.1592603319353, 32.71570756588385], [-117.1592606391668, 32.71573734814282], [-117.15926117720846, 32.71578950451558], [-117.15926127818668, 32.71579929307757], [-117.15927123442759, 32.716764414109385], [-117.15834785896311, 32.71676297261454], [-117.15834447605357, 32.71629415506098], [-117.15834122972055, 32.715844383091664], [-117.15834093152537, 32.71580302691386], [-117.15834026228478, 32.7157103472444]]]}, "properties": {"block_id": "07TH_AV_C_ST", "neighborhood": "City Center", "latest_count_date": "2025-01-31", "latest_individuals": 0, "latest_tents": 0.0, "latest_vehicles": 0, "history": [{"date": "2018-01-24", "individuals": 1, "tents": 0.0, "vehicles": 0}, {"date": "2018-02-21", "individuals": 2, "tents": 0.0, "vehicles": 0}, {"date": "2019-01-31", "individuals": 2, "tents": 0.0, "vehicles": 0}, {"date": "2020-01-31", "individuals": 0, "tents": 0.0, "vehicles": 0}, {"date": "2020-02-26", "individuals": 5, "tents": 0.0, "vehicles": 0}, {"date": "2021-01-28", "individuals": 0, "tents": 0.0, "vehicles": 0}, {"date": "2021-02-25", "individuals": 0, "tents": 0.0, "vehicles": 0}, {"date": "2022-01-27", "individuals": 2, "tents": 0.0, "vehicles": 0}, {"date": "2022-03-01", "individuals": 3, "tents": 0.0, "vehicles": 0}, {"date": "2023-01-31", "individuals": 3, "tents": 0.0, "vehicles": 0}, {"date": "2024-01-25", "individuals": 2, "tents": 0.0, "vehicles": 0}, {"date": "2025-01-31", "individuals": 0, "tents": 0.0, "vehicles": 0}], "has_panel_data": true}}, {"type": "Feature", "geometry": {"type": "Polygon", "coordinates": [[[-117.16108089378142, 32.71569562924324], [-117.16015758944194, 32.7156996978711], [-117.16015700894229, 32.71555918916657], [-117.1601559264103, 32.71529692650413], [-117.1601558409861, 32.71527615461442], [-117.16015325376802, 32.714649797828976], [-117.16107651870256, 32.71464298093493], [-117.16107712934048, 32.71478977275587], [-117.16107717785269, 32.71480148331672], [-117.1610782165371, 32.71505149975776], [-117.16108089378142, 32.71569562924324]]]}, "properties": {"block_id": "05TH_AV_BROADWAY", "neighborhood": "Gaslamp", "latest_count_date": "2025-01-31", "latest_individuals": 6, "latest_tents": 0.0, "latest_vehicles": 0, "history": [{"date": "2018-01-24", "individuals": 3, "tents": 0.0, "vehicles": 0}, {"date": "2018-02-21", "individuals": 3, "tents": 0.0, "vehicles": 0}, {"date": "2019-01-31", "individuals": 5, "tents": 2.0, "vehicles": 0}, {"date": "2020-01-31", "individuals": 15, "tents": 0.0, "vehicles": 0}, {"date": "2020-02-26", "individuals": 8, "tents": 0.0, "vehicles": 0}, {"date": "2021-01-28", "individuals": 4, "tents": 0.0, "vehicles": 0}, {"date": "2021-02-25", "individuals": 6, "tents": 0.0, "vehicles": 0}, {"date": "2022-01-27", "individuals": 20, "tents": 0.0, "vehicles": 0}, {"date": "2022-03-01", "individuals": 9, "tents": 0.0, "vehicles": 0}, {"date": "2023-01-31", "individuals": 7, "tents": 0.0, "vehicles": 0}, {"date": "2024-01-25", "individuals": 15, "tents": 0.0, "vehicles": 0}, {"date": "2025-01-31", "individuals": 6, "tents": 0.0, "vehicles": 0}], "has_panel_data": true}}, {"type": "Feature", "geometry": {"type": "Polygon", "coordinates": [[[-117.16015758944194, 32.7156996978711], [-117.16108089378142, 32.71569562924324], [-117.16108866843061, 32.716761995914915], [-117.16016532134155, 32.716763316325505], [-117.16015758944194, 32.7156996978711]]]}, "properties": {"block_id": "05TH_AV_C_ST", "neighborhood": "City Center", "latest_count_date": "2025-01-31", "latest_individuals": 1, "latest_tents": 0.0, "latest_vehicles": 0, "history": [{"date": "2018-01-24", "individuals": 5, "tents": 0.0, "vehicles": 0}, {"date": "2018-02-21", "individuals": 2, "tents": 0.0, "vehicles": 0}, {"date": "2019-01-31", "individuals": 0, "tents": 1.0, "vehicles": 0}, {"date": "2020-01-31", "individuals": 0, "tents": 0.0, "vehicles": 0}, {"date": "2020-02-26", "individuals": 2, "tents": 0.0, "vehicles": 0}, {"date": "2021-01-28", "individuals": 1, "tents": 0.0, "vehicles": 0}, {"date": "2021-02-25", "individuals": 1, "tents": 0.0, "vehicles": 0}, {"date": "2022-01-27", "individuals": 0, "tents": 0.0, "vehicles": 0}, {"date": "2022-03-01", "individuals": 2, "tents": 0.0, "vehicles": 0}, {"date": "2023-01-31", "individuals": 4, "tents": 0.0, "vehicles": 0}, {"date": "2024-01-25", "individuals": 2, "tents": 1.0, "vehicles": 0}, {"date": "2025-01-31", "individuals": 1, "tents": 0.0, "vehicles": 0}], "has_panel_data": true}}, {"type": "Feature", "geometry": {"type": "Polygon", "coordinates": [[[-117.16028473352107, 32.707192957118494], [-117.16021053685888, 32.70728885581211], [-117.15919293463772, 32.707282619793915], [-117.15918983570704, 32.70666697513421], [-117.15918951884015, 32.706578964811236], [-117.15918812577705, 32.70618599801628], [-117.15904933940294, 32.705932261201454], [-117.15955296141382, 32.70625751739468], [-117.1605602319516, 32.70683826659281], [-117.16028473352107, 32.707192957118494]]]}, "properties": {"block_id": "06TH_AV_L_ST", "neighborhood": "Gaslamp", "latest_count_date": "2025-01-31", "latest_individuals": 2, "latest_tents": 0.0, "latest_vehicles": 0, "history": [{"date": "2018-01-24", "individuals": 5, "tents": 0.0, "vehicles": 0}, {"date": "2018-02-21", "individuals": 5, "tents": 0.0, "vehicles": 0}, {"date": "2019-01-31", "individuals": 4, "tents": 0.0, "vehicles": 0}, {"date": "2020-01-31", "individuals": 1, "tents": 0.0, "vehicles": 0}, {"date": "2020-02-26", "individuals": 6, "tents": 0.0, "vehicles": 0}, {"date": "2021-01-28", "individuals": 0, "tents": 0.0, "vehicles": 0}, {"date": "2021-02-25", "individuals": 1, "tents": 0.0, "vehicles": 0}, {"date": "2022-01-27", "individuals": 1, "tents": 0.0, "vehicles": 0}, {"date": "2022-03-01", "individuals": 1, "tents": 0.0, "vehicles": 0}, {"date": "2023-01-31", "individuals": 1, "tents": 0.0, "vehicles": 0}, {"date": "2024-01-25", "individuals": 1, "tents": 0.0, "vehicles": 0}, {"date": "2025-01-31", "individuals": 2, "tents": 0.0, "vehicles": 0}], "has_panel_data": true}}, {"type": "Feature", "geometry": {"type": "Polygon", "coordinates": [[[-117.15919508740198, 32.70938246742374], [-117.15920600122021, 32.71044056518738], [-117.15828574454818, 32.710419861169164], [-117.15830443826476, 32.70939452473106], [-117.15919508740198, 32.70938246742374]]]}, "properties": {"block_id": "07TH_AV_ISLAND_AV", "neighborhood": "South East Village", "latest_count_date": "2025-01-31", "latest_individuals": 2, "latest_tents": 2.0, "latest_vehicles": 0, "history": [{"date": "2018-01-24", "individuals": 6, "tents": 4.0, "vehicles": 0}, {"date": "2018-02-21", "individuals": 6, "tents": 1.0, "vehicles": 0}, {"date": "2019-01-31", "individuals": 12, "tents": 4.0, "vehicles": 0}, {"date": "2020-01-31", "individuals": 2, "tents": 1.0, "vehicles": 0}, {"date": "2020-02-26", "individuals": 0, "tents": 0.0, "vehicles": 0}, {"date": "2021-01-28", "individuals": 2, "tents": 0.0, "vehicles": 0}, {"date": "2021-02-25", "individuals": 1, "tents": 0.0, "vehicles": 0}, {"date": "2022-01-27", "individuals": 1, "tents": 3.0, "vehicles": 0}, {"date": "2022-03-01", "individuals": 0, "tents": 3.0, "vehicles": 0}, {"date": "2023-01-31", "individuals": 0, "tents": 1.0, "vehicles": 0}, {"date": "2024-01-25", "individuals": 3, "tents": 4.0, "vehicles": 0}, {"date": "2025-01-31", "individuals": 2, "tents": 2.0, "vehicles": 0}], "has_panel_data": true}}, {"type": "Feature", "geometry": {"type": "Polygon", "coordinates": [[[-117.16021053685888, 32.70728885581211], [-117.16020073734833, 32.70729982027461], [-117.1601913081304, 32.70731101014393], [-117.1601822491772, 32.70732242271508], [-117.1601735752522, 32.70733404164785], [-117.1601658444047, 32.70734506297906], [-117.16016571613604, 32.70734524247057], [-117.16016528415724, 32.70734586064638], [-117.16015738754942, 32.7073578724108], [-117.16014989383972, 32.707370065156425], [-117.16014280401103, 32.70738243076042], [-117.16013612651152, 32.707394961044855], [-117.16013019347601, 32.70740697454724], [-117.16012986543986, 32.70740763974814], [-117.16012402611922, 32.707420465929424], [-117.16011861369611, 32.70743342151585], [-117.16011363239943, 32.707446502869324], [-117.16010908314689, 32.70745969555529], [-117.16010515396147, 32.70747240934909], [-117.160104975444, 32.70747299048625], [-117.16010130599837, 32.70748637866912], [-117.16009808105086, 32.70749984472822], [-117.16009530483045, 32.70751338502547], [-117.16009297397031, 32.70752698335439], [-117.16009119299585, 32.70753991664877], [-117.16009109588951, 32.70754063515158], [-117.16008973124762, 32.70755360414834], [-117.1600897404252, 32.70755635258848], [-117.16009120635464, 32.7083259257828], [-117.15919401100702, 32.70833254359269], [-117.1591932216022, 32.707562965457655], [-117.15919293463772, 32.707282619793915], [-117.16021053685888, 32.70728885581211]]]}, "properties": {"block_id": "06TH_AV_K_ST", "neighborhood": "Gaslamp", "latest_count_date": "2025-01-31", "latest_individuals": 2, "latest_tents": 0.0, "latest_vehicles": 0, "history": [{"date": "2018-01-24", "individuals": 3, "tents": 0.0, "vehicles": 0}, {"date": "2018-02-21", "individuals": 0, "tents": 0.0, "vehicles": 0}, {"date": "2019-01-31", "individuals": 5, "tents": 0.0, "vehicles": 0}, {"date": "2020-01-31", "individuals": 5, "tents": 0.0, "vehicles": 0}, {"date": "2020-02-26", "individuals": 4, "tents": 0.0, "vehicles": 0}, {"date": "2021-01-28", "individuals": 3, "tents": 0.0, "vehicles": 0}, {"date": "2021-02-25", "individuals": 3, "tents": 0.0, "vehicles": 0}, {"date": "2022-01-27", "individuals": 4, "tents": 0.0, "vehicles": 0}, {"date": "2022-03-01", "individuals": 5, "tents": 0.0, "vehicles": 0}, {"date": "2023-01-31", "individuals": 6, "tents": 0.0, "vehicles": 0}, {"date": "2024-01-25", "individuals": 4, "tents": 0.0, "vehicles": 0}, {"date": "2025-01-31", "individuals": 2, "tents": 0.0, "vehicles": 0}], "has_panel_data": true}}, {"type": "Feature", "geometry": {"type": "Polygon", "coordinates": [[[-117.15919401100702, 32.70833254359269], [-117.15827409104328, 32.708342070751144], [-117.15826852265161, 32.707569779359176], [-117.15826652109888, 32.707292194850346], [-117.15919293463772, 32.707282619793915], [-117.1591932216022, 32.707562965457655], [-117.15919401100702, 32.70833254359269]]]}, "properties": {"block_id": "TONY_GWYNN_DR_K_ST", "neighborhood": "South East Village", "latest_count_date": "2025-01-31", "latest_individuals": 0, "latest_tents": 0.0, "latest_vehicles": 0, "history": [{"date": "2018-01-24", "individuals": 0, "tents": 0.0, "vehicles": 0}, {"date": "2018-02-21", "individuals": 1, "tents": 0.0, "vehicles": 0}, {"date": "2019-01-31", "individuals": 0, "tents": 0.0, "vehicles": 0}, {"date": "2020-01-31", "individuals": 0, "tents": 0.0, "vehicles": 0}, {"date": "2020-02-26", "individuals": 0, "tents": 0.0, "vehicles": 0}, {"date": "2021-01-28", "individuals": 1, "tents": 0.0, "vehicles": 0}, {"date": "2021-02-25", "individuals": 1, "tents": 0.0, "vehicles": 0}, {"date": "2022-01-27", "individuals": 0, "tents": 0.0, "vehicles": 0}, {"date": "2022-03-01", "individuals": 0, "tents": 0.0, "vehicles": 0}, {"date": "2023-01-31", "individuals": 0, "tents": 0.0, "vehicles": 0}, {"date": "2024-01-25", "individuals": 0, "tents": 0.0, "vehicles": 0}, {"date": "2025-01-31", "individuals": 0, "tents": 0.0, "vehicles": 0}], "has_panel_data": true}}, {"type": "Feature", "geometry": {"type": "Polygon", "coordinates": [[[-117.15827409104328, 32.708342070751144], [-117.15919401100702, 32.70833254359269], [-117.15919508740198, 32.70938246742374], [-117.15830443826476, 32.70939452473106], [-117.15827409104328, 32.708342070751144]]]}, "properties": {"block_id": "07TH_AV_J_ST", "neighborhood": "South East Village", "latest_count_date": "2025-01-31", "latest_individuals": 0, "latest_tents": 0.0, "latest_vehicles": 0, "history": [{"date": "2018-01-24", "individuals": 0, "tents": 0.0, "vehicles": 0}, {"date": "2018-02-21", "individuals": 2, "tents": 0.0, "vehicles": 0}, {"date": "2019-01-31", "individuals": 0, "tents": 0.0, "vehicles": 0}, {"date": "2020-01-31", "individuals": 0, "tents": 0.0, "vehicles": 0}, {"date": "2020-02-26", "individuals": 1, "tents": 0.0, "vehicles": 0}, {"date": "2021-01-28", "individuals": 1, "tents": 0.0, "vehicles": 0}, {"date": "2021-02-25", "individuals": 1, "tents": 0.0, "vehicles": 0}, {"date": "2022-01-27", "individuals": 0, "tents": 0.0, "vehicles": 0}, {"date": "2022-03-01", "individuals": 2, "tents": 0.0, "vehicles": 0}, {"date": "2023-01-31", "individuals": 0, "tents": 0.0, "vehicles": 0}, {"date": "2024-01-25", "individuals": 1, "tents": 0.0, "vehicles": 0}, {"date": "2025-01-31", "individuals": 0, "tents": 0.0, "vehicles": 0}], "has_panel_data": true}}, {"type": "Feature", "geometry": {"type": "Polygon", "coordinates": [[[-117.16014591630328, 32.71362465654528], [-117.16015325376802, 32.714649797828976], [-117.15925276827006, 32.71465918838137], [-117.15924213687732, 32.71362857438902], [-117.16014591630328, 32.71362465654528]]]}, "properties": {"block_id": "06TH_AV_E_ST", "neighborhood": "Gaslamp", "latest_count_date": "2025-01-31", "latest_individuals": 0, "latest_tents": 0.0, "latest_vehicles": 0, "history": [{"date": "2018-01-24", "individuals": 2, "tents": 0.0, "vehicles": 0}, {"date": "2018-02-21", "individuals": 7, "tents": 0.0, "vehicles": 0}, {"date": "2019-01-31", "individuals": 2, "tents": 0.0, "vehicles": 0}, {"date": "2020-01-31", "individuals": 2, "tents": 0.0, "vehicles": 0}, {"date": "2020-02-26", "individuals": 2, "tents": 0.0, "vehicles": 0}, {"date": "2021-01-28", "individuals": 0, "tents": 0.0, "vehicles": 0}, {"date": "2021-02-25", "individuals": 0, "tents": 0.0, "vehicles": 0}, {"date": "2022-01-27", "individuals": 1, "tents": 0.0, "vehicles": 0}, {"date": "2022-03-01", "individuals": 2, "tents": 0.0, "vehicles": 0}, {"date": "2023-01-31", "individuals": 0, "tents": 0.0, "vehicles": 0}, {"date": "2024-01-25", "individuals": 2, "tents": 0.0, "vehicles": 0}, {"date": "2025-01-31", "individuals": 0, "tents": 0.0, "vehicles": 0}], "has_panel_data": true}}, {"type": "Feature", "geometry": {"type": "Polygon", "coordinates": [[[-117.15924213687732, 32.71362857438902], [-117.15925276827006, 32.71465918838137], [-117.15833600170103, 32.714665943760615], [-117.15832860680463, 32.71363255742332], [-117.15924213687732, 32.71362857438902]]]}, "properties": {"block_id": "07TH_AV_E_ST", "neighborhood": "East Village", "latest_count_date": "2025-01-31", "latest_individuals": 0, "latest_tents": 0.0, "latest_vehicles": 0, "history": [{"date": "2018-01-24", "individuals": 1, "tents": 0.0, "vehicles": 0}, {"date": "2018-02-21", "individuals": 0, "tents": 1.0, "vehicles": 0}, {"date": "2019-01-31", "individuals": 0, "tents": 0.0, "vehicles": 0}, {"date": "2020-01-31", "individuals": 9, "tents": 0.0, "vehicles": 0}, {"date": "2020-02-26", "individuals": 3, "tents": 2.0, "vehicles": 0}, {"date": "2021-01-28", "individuals": 0, "tents": 0.0, "vehicles": 0}, {"date": "2021-02-25", "individuals": 0, "tents": 0.0, "vehicles": 1}, {"date": "2022-01-27", "individuals": 0, "tents": 0.0, "vehicles": 0}, {"date": "2022-03-01", "individuals": 0, "tents": 0.0, "vehicles": 0}, {"date": "2023-01-31", "individuals": 0, "tents": 0.0, "vehicles": 0}, {"date": "2024-01-25", "individuals": 2, "tents": 0.0, "vehicles": 0}, {"date": "2025-01-31", "individuals": 0, "tents": 0.0, "vehicles": 0}], "has_panel_data": true}}, {"type": "Feature", "geometry": {"type": "Polygon", "coordinates": [[[-117.15919293463772, 32.707282619793915], [-117.15826652109888, 32.707292194850346], [-117.1582560781951, 32.70627866949409], [-117.15817787948065, 32.706238127808334], [-117.15734661735543, 32.705807129525674], [-117.15734024803297, 32.70580382732233], [-117.15722451834642, 32.70574382296073], [-117.1569818037906, 32.70561797676453], [-117.15698217066479, 32.70561766386731], [-117.15705645128759, 32.705550141607226], [-117.1571510207838, 32.70546417102254], [-117.15715146668619, 32.70546376466416], [-117.15716476587777, 32.70545167547886], [-117.15729993531471, 32.705328798122586], [-117.1573037318956, 32.70532534627858], [-117.15763846535455, 32.70502105044972], [-117.15904933940294, 32.705932261201454], [-117.15918812577705, 32.70618599801628], [-117.15918951884015, 32.706578964811236], [-117.15918983570704, 32.70666697513421], [-117.15919293463772, 32.707282619793915]]]}, "properties": {"block_id": "TONY_GWYNN_DR_L_ST", "neighborhood": "South East Village", "latest_count_date": "2025-01-31", "latest_individuals": 0, "latest_tents": 0.0, "latest_vehicles": 0, "history": [{"date": "2018-01-24", "individuals": 0, "tents": 0.0, "vehicles": 0}, {"date": "2018-02-21", "individuals": 0, "tents": 0.0, "vehicles": 0}, {"date": "2019-01-31", "individuals": 0, "tents": 0.0, "vehicles": 0}, {"date": "2020-01-31", "individuals": 0, "tents": 0.0, "vehicles": 0}, {"date": "2020-02-26", "individuals": 0, "tents": 0.0, "vehicles": 0}, {"date": "2021-01-28", "individuals": 0, "tents": 0.0, "vehicles": 0}, {"date": "2021-02-25", "individuals": 0, "tents": 0.0, "vehicles": 0}, {"date": "2022-01-27", "individuals": 0, "tents": 0.0, "vehicles": 0}, {"date": "2022-03-01", "individuals": 0, "tents": 0.0, "vehicles": 0}, {"date": "2023-01-31", "individuals": 0, "tents": 0.0, "vehicles": 0}, {"date": "2024-01-25", "individuals": 0, "tents": 0.0, "vehicles": 0}, {"date": "2025-01-31", "individuals": 0, "tents": 0.0, "vehicles": 0}], "has_panel_data": true}}, {"type": "Feature", "geometry": {"type": "Polygon", "coordinates": [[[-117.16107245300616, 32.71362056396623], [-117.16014591630328, 32.71362465654528], [-117.1601341650699, 32.71256767941564], [-117.16013415241217, 32.71256655684084], [-117.16013534903115, 32.712566542599625], [-117.1601420145818, 32.712566452831005], [-117.16055648898674, 32.712560956888744], [-117.16106793288924, 32.712554173346646], [-117.16107245300616, 32.71362056396623]]]}, "properties": {"block_id": "05TH_AV_F_ST", "neighborhood": "Gaslamp", "latest_count_date": "2025-01-31", "latest_individuals": 2, "latest_tents": 0.0, "latest_vehicles": 0, "history": [{"date": "2018-01-24", "individuals": 1, "tents": 0.0, "vehicles": 0}, {"date": "2018-02-21", "individuals": 6, "tents": 0.0, "vehicles": 0}, {"date": "2019-01-31", "individuals": 2, "tents": 0.0, "vehicles": 0}, {"date": "2020-01-31", "individuals": 6, "tents": 0.0, "vehicles": 0}, {"date": "2020-02-26", "individuals": 6, "tents": 0.0, "vehicles": 0}, {"date": "2021-01-28", "individuals": 4, "tents": 0.0, "vehicles": 0}, {"date": "2021-02-25", "individuals": 1, "tents": 0.0, "vehicles": 0}, {"date": "2022-01-27", "individuals": 2, "tents": 0.0, "vehicles": 0}, {"date": "2022-03-01", "individuals": 1, "tents": 0.0, "vehicles": 0}, {"date": "2023-01-31", "individuals": 4, "tents": 0.0, "vehicles": 0}, {"date": "2024-01-25", "individuals": 1, "tents": 0.0, "vehicles": 0}, {"date": "2025-01-31", "individuals": 2, "tents": 0.0, "vehicles": 0}], "has_panel_data": true}}, {"type": "Feature", "geometry": {"type": "Polygon", "coordinates": [[[-117.16013415241217, 32.71256655684084], [-117.1601341650699, 32.71256767941564], [-117.16014591630328, 32.71362465654528], [-117.15924213687732, 32.71362857438902], [-117.15923122223062, 32.71257047653296], [-117.16013415241217, 32.71256655684084]]]}, "properties": {"block_id": "06TH_AV_F_ST", "neighborhood": "Gaslamp", "latest_count_date": "2025-01-31", "latest_individuals": 4, "latest_tents": 0.0, "latest_vehicles": 0, "history": [{"date": "2018-01-24", "individuals": 8, "tents": 0.0, "vehicles": 0}, {"date": "2018-02-21", "individuals": 20, "tents": 0.0, "vehicles": 0}, {"date": "2019-01-31", "individuals": 2, "tents": 0.0, "vehicles": 0}, {"date": "2020-01-31", "individuals": 12, "tents": 0.0, "vehicles": 0}, {"date": "2020-02-26", "individuals": 7, "tents": 0.0, "vehicles": 0}, {"date": "2021-01-28", "individuals": 6, "tents": 1.0, "vehicles": 0}, {"date": "2021-02-25", "individuals": 10, "tents": 0.0, "vehicles": 0}, {"date": "2022-01-27", "individuals": 2, "tents": 1.0, "vehicles": 0}, {"date": "2022-03-01", "individuals": 1, "tents": 0.0, "vehicles": 0}, {"date": "2023-01-31", "individuals": 1, "tents": 0.0, "vehicles": 0}, {"date": "2024-01-25", "individuals": 0, "tents": 0.0, "vehicles": 0}, {"date": "2025-01-31", "individuals": 4, "tents": 0.0, "vehicles": 0}], "has_panel_data": true}}, {"type": "Feature", "geometry": {"type": "Polygon", "coordinates": [[[-117.15828574454818, 32.710419861169164], [-117.15920600122021, 32.71044056518738], [-117.15921044199763, 32.71150145831195], [-117.15866091625458, 32.71150215389947], [-117.15830990573387, 32.71150259706671], [-117.1583038003562, 32.711229018527824], [-117.15830154480979, 32.71112792378039], [-117.15828574454818, 32.710419861169164]]]}, "properties": {"block_id": "07TH_AV_MARKET_ST", "neighborhood": "South East Village", "latest_count_date": "2025-01-31", "latest_individuals": 0, "latest_tents": 0.0, "latest_vehicles": 0, "history": [{"date": "2018-01-24", "individuals": 1, "tents": 0.0, "vehicles": 0}, {"date": "2018-02-21", "individuals": 3, "tents": 0.0, "vehicles": 0}, {"date": "2019-01-31", "individuals": 0, "tents": 0.0, "vehicles": 0}, {"date": "2020-01-31", "individuals": 0, "tents": 0.0, "vehicles": 0}, {"date": "2020-02-26", "individuals": 0, "tents": 0.0, "vehicles": 0}, {"date": "2021-01-28", "individuals": 1, "tents": 0.0, "vehicles": 0}, {"date": "2021-02-25", "individuals": 0, "tents": 0.0, "vehicles": 0}, {"date": "2022-01-27", "individuals": 0, "tents": 0.0, "vehicles": 0}, {"date": "2022-03-01", "individuals": 3, "tents": 2.0, "vehicles": 0}, {"date": "2023-01-31", "individuals": 0, "tents": 0.0, "vehicles": 0}, {"date": "2024-01-25", "individuals": 0, "tents": 0.0, "vehicles": 0}, {"date": "2025-01-31", "individuals": 0, "tents": 0.0, "vehicles": 0}], "has_panel_data": true}}, {"type": "Feature", "geometry": {"type": "Polygon", "coordinates": [[[-117.16013415241217, 32.71256655684084], [-117.15923122223062, 32.71257047653296], [-117.15921044199763, 32.71150145831195], [-117.16012061932655, 32.711489247800706], [-117.16013407633625, 32.7125605319652], [-117.16013415241217, 32.71256655684084]]]}, "properties": {"block_id": "06TH_AV_G_ST", "neighborhood": "Gaslamp", "latest_count_date": "2025-01-31", "latest_individuals": 3, "latest_tents": 0.0, "latest_vehicles": 0, "history": [{"date": "2018-01-24", "individuals": 2, "tents": 0.0, "vehicles": 0}, {"date": "2018-02-21", "individuals": 4, "tents": 0.0, "vehicles": 0}, {"date": "2019-01-31", "individuals": 3, "tents": 0.0, "vehicles": 0}, {"date": "2020-01-31", "individuals": 3, "tents": 0.0, "vehicles": 0}, {"date": "2020-02-26", "individuals": 0, "tents": 1.0, "vehicles": 0}, {"date": "2021-01-28", "individuals": 2, "tents": 0.0, "vehicles": 0}, {"date": "2021-02-25", "individuals": 1, "tents": 1.0, "vehicles": 0}, {"date": "2022-01-27", "individuals": 2, "tents": 0.0, "vehicles": 0}, {"date": "2022-03-01", "individuals": 3, "tents": 1.0, "vehicles": 0}, {"date": "2023-01-31", "individuals": 4, "tents": 0.0, "vehicles": 0}, {"date": "2024-01-25", "individuals": 3, "tents": 0.0, "vehicles": 0}, {"date": "2025-01-31", "individuals": 3, "tents": 0.0, "vehicles": 0}], "has_panel_data": true}}, {"type": "Feature", "geometry": {"type": "Polygon", "coordinates": [[[-117.15921044199763, 32.71150145831195], [-117.15923122223062, 32.71257047653296], [-117.15922278923856, 32.71257056395298], [-117.15898591044513, 32.71257302786502], [-117.15832425828738, 32.712579908223034], [-117.15832407860604, 32.71256640506687], [-117.15830992801418, 32.71150424167892], [-117.15830990573387, 32.71150259706671], [-117.15866091625458, 32.71150215389947], [-117.15921044199763, 32.71150145831195]]]}, "properties": {"block_id": "07TH_AV_G_ST", "neighborhood": "East Village", "latest_count_date": "2025-01-31", "latest_individuals": 0, "latest_tents": 0.0, "latest_vehicles": 0, "history": [{"date": "2018-01-24", "individuals": 1, "tents": 0.0, "vehicles": 0}, {"date": "2018-02-21", "individuals": 7, "tents": 0.0, "vehicles": 0}, {"date": "2019-01-31", "individuals": 1, "tents": 0.0, "vehicles": 0}, {"date": "2020-01-31", "individuals": 1, "tents": 0.0, "vehicles": 0}, {"date": "2020-02-26", "individuals": 1, "tents": 0.0, "vehicles": 0}, {"date": "2021-01-28", "individuals": 2, "tents": 0.0, "vehicles": 0}, {"date": "2021-02-25", "individuals": 0, "tents": 0.0, "vehicles": 0}, {"date": "2022-01-27", "individuals": 1, "tents": 0.0, "vehicles": 0}, {"date": "2022-03-01", "individuals": 5, "tents": 0.0, "vehicles": 0}, {"date": "2023-01-31", "individuals": 0, "tents": 0.0, "vehicles": 0}, {"date": "2024-01-25", "individuals": 0, "tents": 0.0, "vehicles": 0}, {"date": "2025-01-31", "individuals": 0, "tents": 0.0, "vehicles": 0}], "has_panel_data": true}}, {"type": "Feature", "geometry": {"type": "Polygon", "coordinates": [[[-117.15923122223062, 32.71257047653296], [-117.15924213687732, 32.71362857438902], [-117.15832860680463, 32.71363255742332], [-117.15832856256542, 32.71362195056451], [-117.15832697193022, 32.71323687900716], [-117.15832454764582, 32.71264990827842], [-117.15832436427647, 32.71260561609032], [-117.15832428676421, 32.712586915445854], [-117.15832425828738, 32.712579908223034], [-117.15898591044513, 32.71257302786502], [-117.15922278923856, 32.71257056395298], [-117.15923122223062, 32.71257047653296]]]}, "properties": {"block_id": "07TH_AV_F_ST", "neighborhood": "East Village", "latest_count_date": "2025-01-31", "latest_individuals": 4, "latest_tents": 0.0, "latest_vehicles": 0, "history": [{"date": "2018-01-24", "individuals": 1, "tents": 0.0, "vehicles": 0}, {"date": "2018-02-21", "individuals": 0, "tents": 0.0, "vehicles": 0}, {"date": "2019-01-31", "individuals": 0, "tents": 0.0, "vehicles": 0}, {"date": "2020-01-31", "individuals": 0, "tents": 0.0, "vehicles": 0}, {"date": "2020-02-26", "individuals": 0, "tents": 0.0, "vehicles": 0}, {"date": "2021-01-28", "individuals": 1, "tents": 0.0, "vehicles": 0}, {"date": "2021-02-25", "individuals": 0, "tents": 0.0, "vehicles": 0}, {"date": "2022-01-27", "individuals": 0, "tents": 0.0, "vehicles": 0}, {"date": "2022-03-01", "individuals": 0, "tents": 0.0, "vehicles": 0}, {"date": "2023-01-31", "individuals": 5, "tents": 0.0, "vehicles": 0}, {"date": "2024-01-25", "individuals": 3, "tents": 0.0, "vehicles": 0}, {"date": "2025-01-31", "individuals": 4, "tents": 0.0, "vehicles": 0}], "has_panel_data": true}}, {"type": "Feature", "geometry": {"type": "Polygon", "coordinates": [[[-117.14492228309187, 32.71473377249719], [-117.14491179134141, 32.713700408974795], [-117.14518817416658, 32.7137039001826], [-117.14584064684256, 32.71392453993228], [-117.14584230126428, 32.71472709321818], [-117.14492228309187, 32.71473377249719]]]}, "properties": {"block_id": "21ST_ST_E_ST", "neighborhood": "Golden Hill", "latest_count_date": null, "latest_individuals": null, "latest_tents": null, "latest_vehicles": null, "history": [], "has_panel_data": false}}, {"type": "Feature", "geometry": {"type": "Polygon", "coordinates": [[[-117.14399968527091, 32.713204045881575], [-117.14399879328394, 32.7131161001993], [-117.1439979570478, 32.71303365112232], [-117.14399977180055, 32.7130336902684], [-117.14437013374557, 32.713042078378066], [-117.14488275922245, 32.71308242697023], [-117.14496733573297, 32.713087087531534], [-117.14569062472346, 32.71323850239744], [-117.1470734519011, 32.71366546502361], [-117.14708006559252, 32.7136764109386], [-117.14708665131461, 32.713684608551326], [-117.14755780831194, 32.71397801911923], [-117.14755377193246, 32.71407007744002], [-117.14754881532087, 32.71418311514198], [-117.14753405993939, 32.71451964843712], [-117.14753749269232, 32.71474268794526], [-117.14755324092977, 32.71576578029124], [-117.14755326048842, 32.71576696774139], [-117.14755326740685, 32.715767332896014], [-117.14751308278602, 32.71576714199849], [-117.14732566965196, 32.71576624051415], [-117.1471273597761, 32.71576768318105], [-117.14693880177231, 32.71576905460915], [-117.14675024482919, 32.71577042574123], [-117.14672061730212, 32.714775680397366], [-117.14672275741992, 32.71434689710012], [-117.14652596852436, 32.71417792043662], [-117.14645072531816, 32.71413174278676], [-117.14620494587047, 32.713941132762464], [-117.14602172126368, 32.713827026844484], [-117.14601735077622, 32.71382499180758], [-117.146003098247, 32.71381838640421], [-117.14598881416269, 32.71381182451202], [-117.14597450176886, 32.713805310616074], [-117.14596015995303, 32.7137988402158], [-117.14594579299079, 32.71379241418182], [-117.14593139663403, 32.71378603434847], [-117.14591696876795, 32.713779702534616], [-117.14590251574612, 32.71377341418535], [-117.1458880333115, 32.713767170233396], [-117.14587352471865, 32.7137609760655], [-117.14585898881859, 32.713754823574284], [-117.14584442676028, 32.71374872086716], [-117.14582983527987, 32.713742661655544], [-117.14581521868034, 32.71373664951522], [-117.14580057693412, 32.713730681741055], [-117.1457859058299, 32.71372476377418], [-117.14577120956983, 32.713718889271824], [-117.14575648819968, 32.71371306274233], [-117.14574174383421, 32.7137072823669], [-117.1457269700557, 32.71370154638862], [-117.14571906518798, 32.713698509026585], [-117.14571217225198, 32.7136958601788], [-117.14569734825321, 32.71369022014624], [-117.14568250124991, 32.71368462536597], [-117.14566763021216, 32.71367907945248], [-117.14565273192188, 32.71367358062564], [-117.14563781275099, 32.71366812613395], [-117.14562286741251, 32.713662720524475], [-117.14560790016343, 32.71365736286453], [-117.14559290671919, 32.713652051381835], [-117.14557789139182, 32.71364679055366], [-117.14556285089914, 32.71364157228821], [-117.14555749042752, 32.713639731985964], [-117.14554779065647, 32.71363640466183], [-117.14553968066879, 32.713633649219126], [-117.14553270529429, 32.713631284106505], [-117.14551759803054, 32.71362621240244], [-117.14550246776209, 32.71362118595051], [-117.14548731985829, 32.71361620831882], [-117.14547214472925, 32.713611280478695], [-117.14545695191912, 32.713606396950325], [-117.14544173294104, 32.71360156230408], [-117.14542649421283, 32.713596778296896], [-117.14541123782169, 32.71359204040478], [-117.145395958444, 32.71358734956819], [-117.14538065720123, 32.713582711189424], [-117.14536533617155, 32.71357811984294], [-117.14534999642149, 32.713573575520975], [-117.1453346347697, 32.71356908005005], [-117.14531925440659, 32.71356463250536], [-117.14530385427487, 32.71356023379622], [-117.14529911651293, 32.713558896642205], [-117.14528843545008, 32.71355588481662], [-117.14527906189242, 32.71355327288885], [-117.14527299790488, 32.71355158286147], [-117.14525754060004, 32.71354733064357], [-117.14524206459299, 32.71354312725356], [-117.14522656990206, 32.713538974494625], [-117.14521105541483, 32.71353486786624], [-117.14519552650074, 32.71353081093637], [-117.145179977827, 32.71352680374365], [-117.14516440939344, 32.71352284628818], [-117.14514882653302, 32.71351893853117], [-117.145133227085, 32.71351507778311], [-117.14511760896207, 32.71351126856779], [-117.14510197531814, 32.7135075063537], [-117.14508632195096, 32.71350379748348], [-117.14507065731982, 32.713500134681745], [-117.1450549718622, 32.71349652162494], [-117.14503927196836, 32.71349295736492], [-117.14502642062669, 32.71349008300199], [-117.14502355976221, 32.71348944098449], [-117.14502118438293, 32.71348891988388], [-117.1450078278785, 32.71348598245623], [-117.14499208363664, 32.71348256729921], [-117.14497632070137, 32.71347920187155], [-117.14496054763259, 32.71347588881638], [-117.14494475690941, 32.71347262277786], [-117.144928952853, 32.713469409134944], [-117.14400066089283, 32.71330023737347], [-117.14399968527091, 32.713204045881575]]]}, "properties": {"block_id": "22ND_ST_BROADWAY", "neighborhood": "Golden Hill", "latest_count_date": null, "latest_individuals": null, "latest_tents": null, "latest_vehicles": null, "history": [], "has_panel_data": false}}, {"type": "Feature", "geometry": {"type": "Polygon", "coordinates": [[[-117.14489565933704, 32.717875513288284], [-117.14494984267688, 32.71776828732645], [-117.14494979943589, 32.717764028719614], [-117.14494557645007, 32.71734812432328], [-117.14494553459193, 32.717344001869314], [-117.14494023956037, 32.71682251053944], [-117.14584727545079, 32.716815925582395], [-117.14585149989284, 32.71787132276051], [-117.14495092735626, 32.717875112265595], [-117.14489565933704, 32.717875513288284]]]}, "properties": {"block_id": "21ST_ST_B_ST", "neighborhood": "Golden Hill", "latest_count_date": null, "latest_individuals": null, "latest_tents": null, "latest_vehicles": null, "history": [], "has_panel_data": false}}, {"type": "Feature", "geometry": {"type": "Polygon", "coordinates": [[[-117.14775988851427, 32.71913550437369], [-117.14779057619496, 32.71927545480131], [-117.14763407503531, 32.71923261779447], [-117.14742894626191, 32.7192038769519], [-117.14741270966535, 32.71920323672705], [-117.14739646359615, 32.71920271379532], [-117.14738021553907, 32.71920230990571], [-117.14736396225732, 32.719202021474764], [-117.14734770697841, 32.71920185118427], [-117.14733144967468, 32.71920179632913], [-117.1473151967459, 32.71920185686292], [-117.1472989418748, 32.7192020409471], [-117.14728268495114, 32.7192023377617], [-117.14726643883876, 32.719202753525266], [-117.14725019391949, 32.71920328650435], [-117.14723395657474, 32.719203934848956], [-117.14721772789864, 32.71920470125645], [-117.14720150573946, 32.71920558393894], [-117.14718529117299, 32.71920658379034], [-117.14716908848403, 32.719207702583], [-117.14715289975996, 32.71920893579304], [-117.14713672181914, 32.719210285247044], [-117.14712055787048, 32.71921175182348], [-117.14710441110482, 32.719213334597335], [-117.14708827942542, 32.719215037190885], [-117.14707216487376, 32.719216850571826], [-117.14705607075062, 32.71921878463537], [-117.14703999693668, 32.71922082765971], [-117.14702394145459, 32.71922299498886], [-117.14700791271801, 32.71922527483896], [-117.14699190435469, 32.71922766996167], [-117.14697591959201, 32.71923018303866], [-117.14695996688033, 32.719232805892865], [-117.14694403669331, 32.7192355458075], [-117.14692813435488, 32.71923840184212], [-117.14691226196165, 32.71924137037445], [-117.1468964206076, 32.719244454101876], [-117.14688316258247, 32.71924713696514], [-117.14687801918143, 32.719248197257436], [-117.14686483418934, 32.71925096441361], [-117.14684909018249, 32.71925439008854], [-117.14683338359613, 32.71925792910871], [-117.14681771015445, 32.719261580603394], [-117.14680207628476, 32.71926534723122], [-117.14678648086529, 32.7192692235898], [-117.14677092394189, 32.719273214187645], [-117.14675541187763, 32.719277315371414], [-117.14673993935762, 32.71928152898329], [-117.1467245063726, 32.719285854121665], [-117.1467091203799, 32.71929028983049], [-117.14669378138854, 32.7192948370116], [-117.14667848512273, 32.71929949479426], [-117.1466632400973, 32.71930426131309], [-117.146648044188, 32.719309137485375], [-117.14663289419488, 32.71931412333431], [-117.14661779758441, 32.71931921880564], [-117.14660621511436, 32.71932322588946], [-117.1466000168606, 32.71932539298441], [-117.14658775808371, 32.719329735957245], [-117.14657282159327, 32.71933515759101], [-117.14655793739108, 32.719340686149984], [-117.14654311080115, 32.71934632069376], [-117.14652833968097, 32.71935206033623], [-117.14651362833376, 32.71935790865305], [-117.14649897887439, 32.71936386382538], [-117.14648439018112, 32.71936992045104], [-117.14646986126988, 32.71937608665272], [-117.14645539418217, 32.719382353398345], [-117.14644099005798, 32.719388727893495], [-117.14642786720357, 32.719394654564304], [-117.1464254368283, 32.719395763571804], [-117.14641238118288, 32.71940178202155], [-117.14639817540201, 32.71940846526889], [-117.14639062981617, 32.71941206845809], [-117.14639388169215, 32.71940949740682], [-117.1464056891381, 32.719400052425904], [-117.14641740721602, 32.71939052603495], [-117.14642902416526, 32.719380915614245], [-117.1464405495765, 32.71937122019244], [-117.14645197607493, 32.71936144884043], [-117.14646330356878, 32.7193515925416], [-117.14647453425562, 32.71934165759216], [-117.14648566597462, 32.71933164130262], [-117.14649669557176, 32.719321548204654], [-117.14650762728601, 32.71931137556227], [-117.14651845366932, 32.71930112523307], [-117.1465291789974, 32.71929079808772], [-117.14653980329778, 32.71928039683135], [-117.14655031906727, 32.7192699179115], [-117.14656073277, 32.71925936759346], [-117.1465710422176, 32.71924874048267], [-117.14658124318942, 32.71923804111852], [-117.14659133996122, 32.71922727037174], [-117.14660132827557, 32.719216429175034], [-117.14661120490513, 32.71920551484665], [-117.14662097416227, 32.719194531863984], [-117.1466306349621, 32.71918347843147], [-117.1466401851988, 32.71917235726965], [-117.14664962383326, 32.71916117109135], [-117.14665895186803, 32.719149913577134], [-117.14666816407082, 32.719138594684146], [-117.14667726250146, 32.71912720718358], [-117.14668625362411, 32.71911575734061], [-117.14669512994476, 32.71910424250453], [-117.14670388829104, 32.71909266540367], [-117.14671252866303, 32.71908102603806], [-117.14672105535477, 32.71906932708168], [-117.14672946726297, 32.71905756493568], [-117.14673775806128, 32.719045746859884], [-117.1467459309129, 32.7190338692245], [-117.14675398687535, 32.71902193112008], [-117.14676192495538, 32.71900993976774], [-117.14676974190726, 32.71899789068244], [-117.14677743881603, 32.7189857856598], [-117.14678501358516, 32.718973628322075], [-117.14679246513884, 32.718961417775255], [-117.14679979877361, 32.71894915037398], [-117.14680700923891, 32.718936834272164], [-117.14681409436476, 32.71892446587854], [-117.1468210595303, 32.71891204966276], [-117.14682790044155, 32.71889958295088], [-117.14683461396277, 32.718887072077855], [-117.14684120319303, 32.71887450710203], [-117.14684766822413, 32.71886189704024], [-117.1468540101411, 32.71884924368797], [-117.14686022358323, 32.7188365443791], [-117.14686630751162, 32.71882380182634], [-117.14687226725925, 32.71881101599104], [-117.14687809646325, 32.71879819052637], [-117.14688380148671, 32.71878532177911], [-117.14688937598493, 32.71877241520592], [-117.14689482415108, 32.718759463562336], [-117.14690014078053, 32.71874647951063], [-117.14690532792397, 32.71873345492023], [-117.14691038667564, 32.71872039248846], [-117.1469153128333, 32.71870729855799], [-117.14692010850271, 32.718694170408384], [-117.14692477366562, 32.71868100623625], [-117.14692931154028, 32.718667807821724], [-117.14693371258215, 32.718654580644674], [-117.1469362304828, 32.718646764982005], [-117.14693798635425, 32.718641321028564], [-117.14694212328445, 32.71862803174825], [-117.14694612978187, 32.71861471365896], [-117.14695000586478, 32.71860136856392], [-117.14695374618186, 32.71858799469867], [-117.1469573518272, 32.7185745947605], [-117.14696082388595, 32.718561170544966], [-117.14696416555802, 32.718547722028816], [-117.14696737151952, 32.71853425015252], [-117.14697044283704, 32.71852075490832], [-117.14697337846248, 32.71850723810741], [-117.14697618269906, 32.71849370332537], [-117.14697885018619, 32.71848014789599], [-117.14698138200893, 32.718466573614926], [-117.14698377924306, 32.71845298137601], [-117.14698603764975, 32.718439373915416], [-117.14698816468628, 32.71842575027713], [-117.14699015609533, 32.718412111393796], [-117.1469920097437, 32.718398457281005], [-117.14699372674396, 32.71838479243936], [-117.14699531135359, 32.718371115936144], [-117.14699675504873, 32.718357428735146], [-117.14699806637161, 32.71834373167592], [-117.14699923678025, 32.71833002391896], [-117.14700027378676, 32.7183163099182], [-117.14700117526733, 32.718302590590916], [-117.1470019358521, 32.71828886236915], [-117.14700256307171, 32.71827513151043], [-117.14700305157483, 32.718261396250085], [-117.1470034024281, 32.71824765658044], [-117.1470036199256, 32.71823391517533], [-117.1470036976952, 32.71822017478651], [-117.14700364317581, 32.71820643265464], [-117.14700344786206, 32.71819269154666], [-117.14700311602044, 32.718178951431646], [-117.14700264767858, 32.718165215014636], [-117.14700203963665, 32.718151482318824], [-117.14700129832202, 32.718137756002726], [-117.14700042048895, 32.71812403158127], [-117.14699939982962, 32.718110318117674], [-117.1469982533641, 32.71809661097951], [-117.14676507765517, 32.71786743212026], [-117.14675756329243, 32.716809310309344], [-117.14675388250032, 32.71628712192721], [-117.14675024482919, 32.71577042574123], [-117.14693880177231, 32.71576905460915], [-117.1471273597761, 32.71576768318105], [-117.14732566965196, 32.71576624051415], [-117.14751308278602, 32.71576714199849], [-117.14755326740685, 32.715767332896014], [-117.14755526617245, 32.71627304429165], [-117.14755739812544, 32.716810582565365], [-117.14755740028815, 32.716811737679535], [-117.14756139332239, 32.71784240007971], [-117.14756161313355, 32.71786398525175], [-117.1475616172196, 32.71786438649667], [-117.14760586379116, 32.71837803598011], [-117.14765943642927, 32.718641503548405], [-117.14775988851427, 32.71913550437369]]]}, "properties": {"block_id": "19TH_ST_I-5_SB_OFF_RA", "neighborhood": "Golden Hill", "latest_count_date": null, "latest_individuals": null, "latest_tents": null, "latest_vehicles": null, "history": [], "has_panel_data": false}}, {"type": "Feature", "geometry": {"type": "Polygon", "coordinates": [[[-117.14494023956037, 32.71682251053944], [-117.14493654800147, 32.71629757104886], [-117.14493291461099, 32.71578087756072], [-117.14584646968058, 32.715776993732504], [-117.14584687070689, 32.716293023584804], [-117.14584687255876, 32.71629645920299], [-117.14584687576904, 32.71630023837445], [-117.14584727545079, 32.716815925582395], [-117.14494023956037, 32.71682251053944]]]}, "properties": {"block_id": "21ST_ST_C_ST", "neighborhood": "Golden Hill", "latest_count_date": null, "latest_individuals": null, "latest_tents": null, "latest_vehicles": null, "history": [], "has_panel_data": false}}, {"type": "Feature", "geometry": {"type": "Polygon", "coordinates": [[[-117.14675024482919, 32.71577042574123], [-117.14675388250032, 32.71628712192721], [-117.14675756329243, 32.716809310309344], [-117.14584727545079, 32.716815925582395], [-117.14584687576904, 32.71630023837445], [-117.14584687255876, 32.71629645920299], [-117.14584687070689, 32.716293023584804], [-117.14584646968058, 32.715776993732504], [-117.14675024482919, 32.71577042574123]]]}, "properties": {"block_id": "20TH_ST_C_ST", "neighborhood": "Golden Hill", "latest_count_date": null, "latest_individuals": null, "latest_tents": null, "latest_vehicles": null, "history": [], "has_panel_data": false}}, {"type": "Feature", "geometry": {"type": "Polygon", "coordinates": [[[-117.14585149989284, 32.71787132276051], [-117.14584727545079, 32.716815925582395], [-117.14675756329243, 32.716809310309344], [-117.14676507765517, 32.71786743212026], [-117.14585149989284, 32.71787132276051]]]}, "properties": {"block_id": "20TH_ST_B_ST", "neighborhood": "Golden Hill", "latest_count_date": null, "latest_individuals": null, "latest_tents": null, "latest_vehicles": null, "history": [], "has_panel_data": false}}, {"type": "Feature", "geometry": {"type": "Polygon", "coordinates": [[[-117.14675024482919, 32.71577042574123], [-117.14584646968058, 32.715776993732504], [-117.14584230126428, 32.71472709321818], [-117.14661927886584, 32.714721447059404], [-117.14662836893919, 32.71472301853544], [-117.14664397165521, 32.71472685833273], [-117.14664869539769, 32.7147284867999], [-117.14665242147149, 32.71472976723434], [-117.14665901839298, 32.71473203674633], [-117.14667335403989, 32.71473850981706], [-117.14667760483599, 32.71474093615509], [-117.14668007355401, 32.714742344760005], [-117.14668681667109, 32.714746193057145], [-117.14669927116357, 32.714755015310025], [-117.14671057787109, 32.71476488020333], [-117.14672061730212, 32.714775680397366], [-117.14675024482919, 32.71577042574123]]]}, "properties": {"block_id": "20TH_ST_BROADWAY", "neighborhood": "Golden Hill", "latest_count_date": null, "latest_individuals": null, "latest_tents": null, "latest_vehicles": null, "history": [], "has_panel_data": false}}, {"type": "Feature", "geometry": {"type": "Polygon", "coordinates": [[[-117.14584230126428, 32.71472709321818], [-117.14584646968058, 32.715776993732504], [-117.14493291461099, 32.71578087756072], [-117.14492228309187, 32.71473377249719], [-117.14584230126428, 32.71472709321818]]]}, "properties": {"block_id": "21ST_ST_BROADWAY", "neighborhood": "Golden Hill", "latest_count_date": null, "latest_individuals": null, "latest_tents": null, "latest_vehicles": null, "history": [], "has_panel_data": false}}, {"type": "Feature", "geometry": {"type": "Polygon", "coordinates": [[[-117.14584064684256, 32.71392453993228], [-117.14645072531816, 32.71413174278676], [-117.14652596852436, 32.71417792043662], [-117.14672275741992, 32.71434689710012], [-117.14672061730212, 32.714775680397366], [-117.14671057787109, 32.71476488020333], [-117.14669927116357, 32.714755015310025], [-117.14668681667109, 32.714746193057145], [-117.14668007355401, 32.714742344760005], [-117.14667760483599, 32.71474093615509], [-117.14667335403989, 32.71473850981706], [-117.14665901839298, 32.71473203674633], [-117.14665242147149, 32.71472976723434], [-117.14664869539769, 32.7147284867999], [-117.14664397165521, 32.71472685833273], [-117.14662836893919, 32.71472301853544], [-117.14661927886584, 32.714721447059404], [-117.14584230126428, 32.71472709321818], [-117.14584064684256, 32.71392453993228]]]}, "properties": {"block_id": "20TH_ST_E_ST", "neighborhood": "Golden Hill", "latest_count_date": null, "latest_individuals": null, "latest_tents": null, "latest_vehicles": null, "history": [], "has_panel_data": false}}, {"type": "Feature", "geometry": {"type": "Polygon", "coordinates": [[[-117.14799867988337, 32.71576684183082], [-117.14799804109226, 32.71576507636487], [-117.14799394324032, 32.715753694672685], [-117.14798933107785, 32.71574051594879], [-117.14798484980477, 32.715727306514275], [-117.14798049831766, 32.7157140627703], [-117.14797627353605, 32.71570079646188], [-117.1479721806735, 32.71568749582843], [-117.14796821875517, 32.715674169894456], [-117.14796438561115, 32.71566081506885], [-117.14796068554445, 32.7156474349272], [-117.14795711321284, 32.71563402860675], [-117.14795367289187, 32.71562059697806], [-117.1479503656756, 32.71560714273842], [-117.147947188355, 32.71559366500939], [-117.14794414096679, 32.715580167397825], [-117.14794122987377, 32.71556664625033], [-117.14793844874052, 32.71555310792525], [-117.14793579753947, 32.71553954971761], [-117.14793328269768, 32.715525974285846], [-117.14793090100608, 32.715512380751534], [-117.14792864930165, 32.71549877274465], [-117.147926530729, 32.715485144831945], [-117.14792454749465, 32.715471504211244], [-117.14792269535056, 32.71545785271703], [-117.14792097641157, 32.71544418853033], [-117.14791939281989, 32.715430512537324], [-117.14791794350892, 32.715416824745795], [-117.14791662743035, 32.715403126966926], [-117.14791544036373, 32.715389423739985], [-117.14791439399549, 32.715375710471335], [-117.14791347980207, 32.715361988124755], [-117.14791323369137, 32.71535793298508], [-117.14783165872494, 32.71469063908539], [-117.14777658999346, 32.71439121299041], [-117.14777474703054, 32.71421027230162], [-117.1477747169164, 32.714207315713175], [-117.14776937034478, 32.713682389172135], [-117.14802622086519, 32.71368326769651], [-117.14819010580764, 32.71445165674815], [-117.14826591356803, 32.714552800249805], [-117.14837395078068, 32.714626222985515], [-117.14838634740646, 32.71463510861246], [-117.14839919684664, 32.714643524739756], [-117.14841247115874, 32.71465145083073], [-117.14842615632082, 32.71465887165785], [-117.14844021057985, 32.714665772195495], [-117.14845461250286, 32.714672142680556], [-117.14846933206003, 32.71467796710032], [-117.14848434462778, 32.714683236616665], [-117.148499617004, 32.71468793794523], [-117.14851512244117, 32.71469206316516], [-117.14853082564994, 32.71469560351604], [-117.14854670206176, 32.71469855556981], [-117.14856271211177, 32.71470090969553], [-117.14856979268733, 32.71470175443842], [-117.14857735667107, 32.71576262708554], [-117.14831402613376, 32.71576454536876], [-117.14799867988337, 32.71576684183082]]]}, "properties": {"block_id": "I-5_SB_ON_RA_BROADWAY", "neighborhood": "East Village", "latest_count_date": "2025-01-31", "latest_individuals": 0, "latest_tents": 0.0, "latest_vehicles": 0, "history": [{"date": "2018-01-24", "individuals": 0, "tents": 0.0, "vehicles": 0}, {"date": "2018-02-21", "individuals": 0, "tents": 1.0, "vehicles": 0}, {"date": "2019-01-31", "individuals": 0, "tents": 0.0, "vehicles": 0}, {"date": "2020-01-31", "individuals": 0, "tents": 0.0, "vehicles": 0}, {"date": "2020-02-26", "individuals": 0, "tents": 0.0, "vehicles": 0}, {"date": "2021-01-28", "individuals": 0, "tents": 0.0, "vehicles": 0}, {"date": "2021-02-25", "individuals": 0, "tents": 0.0, "vehicles": 0}, {"date": "2022-01-27", "individuals": 0, "tents": 0.0, "vehicles": 0}, {"date": "2022-03-01", "individuals": 0, "tents": 0.0, "vehicles": 0}, {"date": "2023-01-31", "individuals": 0, "tents": 0.0, "vehicles": 0}, {"date": "2024-01-25", "individuals": 0, "tents": 0.0, "vehicles": 0}, {"date": "2025-01-31", "individuals": 0, "tents": 0.0, "vehicles": 0}], "has_panel_data": true}}, {"type": "Feature", "geometry": {"type": "Polygon", "coordinates": [[[-117.16376809985891, 32.71146777348664], [-117.16376828287576, 32.71147359557919], [-117.16376829076023, 32.71147384169629], [-117.1637692168999, 32.71150329834593], [-117.16380130809193, 32.71252400904999], [-117.16380202229399, 32.71254670420705], [-117.1638020527569, 32.71254768778167], [-117.1637780783327, 32.71254772294221], [-117.16377623521421, 32.71254772577751], [-117.162878749854, 32.71254902850557], [-117.16285797261743, 32.71147859752158], [-117.16285784000445, 32.711471766006014], [-117.16376809985891, 32.71146777348664]]]}, "properties": {"block_id": "02ND_AV_G_ST", "neighborhood": "Marina", "latest_count_date": "2025-01-31", "latest_individuals": 0, "latest_tents": 0.0, "latest_vehicles": 0, "history": [{"date": "2018-01-24", "individuals": 2, "tents": 0.0, "vehicles": 0}, {"date": "2018-02-21", "individuals": 0, "tents": 0.0, "vehicles": 0}, {"date": "2019-01-31", "individuals": 0, "tents": 0.0, "vehicles": 0}, {"date": "2020-01-31", "individuals": 0, "tents": 0.0, "vehicles": 0}, {"date": "2020-02-26", "individuals": 1, "tents": 0.0, "vehicles": 0}, {"date": "2021-01-28", "individuals": 1, "tents": 0.0, "vehicles": 0}, {"date": "2021-02-25", "individuals": 0, "tents": 0.0, "vehicles": 0}, {"date": "2022-01-27", "individuals": 3, "tents": 0.0, "vehicles": 0}, {"date": "2022-03-01", "individuals": 4, "tents": 0.0, "vehicles": 0}, {"date": "2023-01-31", "individuals": 0, "tents": 0.0, "vehicles": 0}, {"date": "2024-01-25", "individuals": 1, "tents": 0.0, "vehicles": 0}, {"date": "2025-01-31", "individuals": 0, "tents": 0.0, "vehicles": 0}], "has_panel_data": true}}, {"type": "Feature", "geometry": {"type": "Polygon", "coordinates": [[[-117.1638020527569, 32.71254768778167], [-117.16380202229399, 32.71254670420705], [-117.16380130809193, 32.71252400904999], [-117.1637692168999, 32.71150329834593], [-117.16376829076023, 32.71147384169629], [-117.16376828287576, 32.71147359557919], [-117.16376809985891, 32.71146777348664], [-117.16437277196131, 32.71146510611201], [-117.16468486126719, 32.71146372602823], [-117.16468478439367, 32.71147368904258], [-117.16468220133099, 32.711809834288715], [-117.16467666735586, 32.71253014617597], [-117.16467658576592, 32.712540785532035], [-117.16467656104192, 32.71254395353473], [-117.16438397639992, 32.71254520248533], [-117.1638020527569, 32.71254768778167]]]}, "properties": {"block_id": "01ST_AV_W_G_ST", "neighborhood": "Marina", "latest_count_date": "2025-01-31", "latest_individuals": 0, "latest_tents": 0.0, "latest_vehicles": 0, "history": [{"date": "2018-01-24", "individuals": 0, "tents": 0.0, "vehicles": 0}, {"date": "2018-02-21", "individuals": 0, "tents": 0.0, "vehicles": 0}, {"date": "2019-01-31", "individuals": 0, "tents": 0.0, "vehicles": 0}, {"date": "2020-01-31", "individuals": 0, "tents": 0.0, "vehicles": 0}, {"date": "2020-02-26", "individuals": 0, "tents": 0.0, "vehicles": 0}, {"date": "2021-01-28", "individuals": 0, "tents": 0.0, "vehicles": 0}, {"date": "2021-02-25", "individuals": 0, "tents": 0.0, "vehicles": 0}, {"date": "2022-01-27", "individuals": 0, "tents": 0.0, "vehicles": 0}, {"date": "2022-03-01", "individuals": 0, "tents": 0.0, "vehicles": 0}, {"date": "2023-01-31", "individuals": 0, "tents": 0.0, "vehicles": 0}, {"date": "2024-01-25", "individuals": 0, "tents": 0.0, "vehicles": 0}, {"date": "2025-01-31", "individuals": 0, "tents": 0.0, "vehicles": 0}], "has_panel_data": true}}, {"type": "Feature", "geometry": {"type": "Polygon", "coordinates": [[[-117.16469050994895, 32.713574543793584], [-117.16469077674256, 32.713600253182484], [-117.16469090922713, 32.713613019963816], [-117.1647015472855, 32.71463813688871], [-117.1645812549444, 32.71463828324994], [-117.16440569209104, 32.714638497532896], [-117.16421845477232, 32.714638725966225], [-117.16381398278962, 32.714639219389234], [-117.16381039545331, 32.71397960284863], [-117.16380982835624, 32.71361130591505], [-117.1643950477734, 32.713612445547994], [-117.16458870935445, 32.713612822050834], [-117.16469050994895, 32.713574543793584]]]}, "properties": {"block_id": "01ST_AV_W_E_ST", "neighborhood": "City Center", "latest_count_date": "2025-01-31", "latest_individuals": 0, "latest_tents": 0.0, "latest_vehicles": 0, "history": [{"date": "2018-01-24", "individuals": 0, "tents": 0.0, "vehicles": 0}, {"date": "2018-02-21", "individuals": 0, "tents": 0.0, "vehicles": 0}, {"date": "2019-01-31", "individuals": 0, "tents": 0.0, "vehicles": 0}, {"date": "2020-01-31", "individuals": 0, "tents": 0.0, "vehicles": 0}, {"date": "2020-02-26", "individuals": 0, "tents": 0.0, "vehicles": 0}, {"date": "2021-01-28", "individuals": 0, "tents": 0.0, "vehicles": 0}, {"date": "2021-02-25", "individuals": 0, "tents": 0.0, "vehicles": 0}, {"date": "2022-01-27", "individuals": 0, "tents": 0.0, "vehicles": 0}, {"date": "2022-03-01", "individuals": 0, "tents": 0.0, "vehicles": 0}, {"date": "2023-01-31", "individuals": 0, "tents": 0.0, "vehicles": 0}, {"date": "2024-01-25", "individuals": 0, "tents": 0.0, "vehicles": 0}, {"date": "2025-01-31", "individuals": 0, "tents": 0.0, "vehicles": 0}], "has_panel_data": true}}, {"type": "Feature", "geometry": {"type": "Polygon", "coordinates": [[[-117.1647015472855, 32.71463813688871], [-117.16469090922713, 32.713613019963816], [-117.16469077674256, 32.713600253182484], [-117.16469050994895, 32.713574543793584], [-117.1647178765688, 32.71357450584198], [-117.16560241013141, 32.71357326432079], [-117.16560407087897, 32.71357326191057], [-117.16560407656443, 32.713574630712756], [-117.1656045040722, 32.71367770476488], [-117.16560832535764, 32.71459955069828], [-117.16560838900655, 32.71461491951674], [-117.16559850261251, 32.714615172359196], [-117.16483909519361, 32.71463461614336], [-117.1647015472855, 32.71463813688871]]]}, "properties": {"block_id": "FRONT_ST_W_E_ST", "neighborhood": "City Center", "latest_count_date": "2025-01-31", "latest_individuals": 0, "latest_tents": 0.0, "latest_vehicles": 0, "history": [{"date": "2018-01-24", "individuals": 0, "tents": 0.0, "vehicles": 0}, {"date": "2018-02-21", "individuals": 0, "tents": 0.0, "vehicles": 0}, {"date": "2019-01-31", "individuals": 0, "tents": 0.0, "vehicles": 0}, {"date": "2020-01-31", "individuals": 0, "tents": 0.0, "vehicles": 0}, {"date": "2020-02-26", "individuals": 0, "tents": 0.0, "vehicles": 0}, {"date": "2021-01-28", "individuals": 0, "tents": 0.0, "vehicles": 0}, {"date": "2021-02-25", "individuals": 0, "tents": 0.0, "vehicles": 0}, {"date": "2022-01-27", "individuals": 0, "tents": 0.0, "vehicles": 0}, {"date": "2022-03-01", "individuals": 1, "tents": 0.0, "vehicles": 0}, {"date": "2023-01-31", "individuals": 0, "tents": 0.0, "vehicles": 0}, {"date": "2024-01-25", "individuals": 0, "tents": 0.0, "vehicles": 0}, {"date": "2025-01-31", "individuals": 0, "tents": 0.0, "vehicles": 0}], "has_panel_data": true}}, {"type": "Feature", "geometry": {"type": "Polygon", "coordinates": [[[-117.16560407087897, 32.71357326191057], [-117.16560241013141, 32.71357326432079], [-117.1647178765688, 32.71357450584198], [-117.16469050994895, 32.713574543793584], [-117.16469047279361, 32.71357178564059], [-117.16468360545569, 32.71306440114562], [-117.16468197819422, 32.71294418126002], [-117.16468010890331, 32.712806085234796], [-117.16467665127541, 32.712550593292804], [-117.16467656104192, 32.71254395353473], [-117.16469253794354, 32.71254392972267], [-117.16515749257988, 32.71254323884311], [-117.16546098972948, 32.71254278715513], [-117.1655936239404, 32.7125425897692], [-117.16560311792138, 32.71254257519339], [-117.16560313187534, 32.71255757556746], [-117.16560407087897, 32.71357326191057]]]}, "properties": {"block_id": "FRONT_ST_W_F_ST", "neighborhood": "Marina", "latest_count_date": "2025-01-31", "latest_individuals": 1, "latest_tents": 0.0, "latest_vehicles": 0, "history": [{"date": "2018-01-24", "individuals": 2, "tents": 0.0, "vehicles": 0}, {"date": "2018-02-21", "individuals": 0, "tents": 0.0, "vehicles": 0}, {"date": "2019-01-31", "individuals": 0, "tents": 0.0, "vehicles": 0}, {"date": "2020-01-31", "individuals": 0, "tents": 0.0, "vehicles": 0}, {"date": "2020-02-26", "individuals": 0, "tents": 0.0, "vehicles": 0}, {"date": "2021-01-28", "individuals": 0, "tents": 0.0, "vehicles": 0}, {"date": "2021-02-25", "individuals": 0, "tents": 0.0, "vehicles": 0}, {"date": "2022-01-27", "individuals": 0, "tents": 0.0, "vehicles": 0}, {"date": "2022-03-01", "individuals": 0, "tents": 0.0, "vehicles": 0}, {"date": "2023-01-31", "individuals": 0, "tents": 0.0, "vehicles": 0}, {"date": "2024-01-25", "individuals": 0, "tents": 0.0, "vehicles": 0}, {"date": "2025-01-31", "individuals": 1, "tents": 0.0, "vehicles": 0}], "has_panel_data": true}}, {"type": "Feature", "geometry": {"type": "Polygon", "coordinates": [[[-117.16285784000445, 32.711471766006014], [-117.16285797261743, 32.71147859752158], [-117.162878749854, 32.71254902850557], [-117.1619652290011, 32.712553038491976], [-117.1619476996658, 32.711484012679854], [-117.16194760956773, 32.71147850009752], [-117.16285784000445, 32.711471766006014]]]}, "properties": {"block_id": "03RD_AV_G_ST", "neighborhood": "Marina", "latest_count_date": "2025-01-31", "latest_individuals": 0, "latest_tents": 0.0, "latest_vehicles": 0, "history": [{"date": "2018-01-24", "individuals": 3, "tents": 0.0, "vehicles": 0}, {"date": "2018-02-21", "individuals": 1, "tents": 0.0, "vehicles": 1}, {"date": "2019-01-31", "individuals": 0, "tents": 0.0, "vehicles": 0}, {"date": "2020-01-31", "individuals": 3, "tents": 0.0, "vehicles": 0}, {"date": "2020-02-26", "individuals": 1, "tents": 0.0, "vehicles": 0}, {"date": "2021-01-28", "individuals": 1, "tents": 0.0, "vehicles": 0}, {"date": "2021-02-25", "individuals": 0, "tents": 0.0, "vehicles": 0}, {"date": "2022-01-27", "individuals": 4, "tents": 0.0, "vehicles": 0}, {"date": "2022-03-01", "individuals": 4, "tents": 0.0, "vehicles": 0}, {"date": "2023-01-31", "individuals": 3, "tents": 0.0, "vehicles": 0}, {"date": "2024-01-25", "individuals": 0, "tents": 0.0, "vehicles": 0}, {"date": "2025-01-31", "individuals": 0, "tents": 0.0, "vehicles": 0}], "has_panel_data": true}}, {"type": "Feature", "geometry": {"type": "Polygon", "coordinates": [[[-117.16560407087897, 32.71357326191057], [-117.16572760890423, 32.71357272884322], [-117.16625542078111, 32.71357044897281], [-117.16641898620766, 32.713569742271574], [-117.16644008784776, 32.71356965129865], [-117.16648834408139, 32.71356944239649], [-117.16648843331447, 32.71366255471722], [-117.16648859002362, 32.71382555425229], [-117.16648930522139, 32.71457109305709], [-117.16648933596802, 32.71460287653199], [-117.16647710203486, 32.714603044091064], [-117.16636580851187, 32.71460456540473], [-117.16573191649164, 32.71461323140258], [-117.16560838900655, 32.71461491951674], [-117.16560832535764, 32.71459955069828], [-117.1656045040722, 32.71367770476488], [-117.16560407656443, 32.713574630712756], [-117.16560407087897, 32.71357326191057]]]}, "properties": {"block_id": "UNION_ST_W_E_ST", "neighborhood": "Marina", "latest_count_date": "2025-01-31", "latest_individuals": 0, "latest_tents": 0.0, "latest_vehicles": 0, "history": [{"date": "2018-01-24", "individuals": 0, "tents": 0.0, "vehicles": 0}, {"date": "2018-02-21", "individuals": 0, "tents": 0.0, "vehicles": 0}, {"date": "2019-01-31", "individuals": 0, "tents": 0.0, "vehicles": 0}, {"date": "2020-01-31", "individuals": 0, "tents": 0.0, "vehicles": 0}, {"date": "2020-02-26", "individuals": 0, "tents": 0.0, "vehicles": 0}, {"date": "2021-01-28", "individuals": 0, "tents": 0.0, "vehicles": 0}, {"date": "2021-02-25", "individuals": 0, "tents": 0.0, "vehicles": 0}, {"date": "2022-01-27", "individuals": 0, "tents": 0.0, "vehicles": 0}, {"date": "2022-03-01", "individuals": 0, "tents": 0.0, "vehicles": 0}, {"date": "2023-01-31", "individuals": 0, "tents": 0.0, "vehicles": 0}, {"date": "2024-01-25", "individuals": 0, "tents": 0.0, "vehicles": 0}, {"date": "2025-01-31", "individuals": 0, "tents": 0.0, "vehicles": 0}], "has_panel_data": true}}, {"type": "Feature", "geometry": {"type": "Polygon", "coordinates": [[[-117.16648834408139, 32.71356944239649], [-117.16644008784776, 32.71356965129865], [-117.16641898620766, 32.713569742271574], [-117.16625542078111, 32.71357044897281], [-117.16572760890423, 32.71357272884322], [-117.16560407087897, 32.71357326191057], [-117.16560313187534, 32.71255757556746], [-117.16560311792138, 32.71254257519339], [-117.16560703657325, 32.71254255872531], [-117.16563056018813, 32.71254245712202], [-117.16648738078422, 32.71253875568629], [-117.16648738563764, 32.71254342847745], [-117.16648799973662, 32.71320056301925], [-117.16648834408139, 32.71356944239649]]]}, "properties": {"block_id": "UNION_ST_W_F_ST", "neighborhood": "Marina", "latest_count_date": "2025-01-31", "latest_individuals": 0, "latest_tents": 0.0, "latest_vehicles": 0, "history": [{"date": "2018-01-24", "individuals": 0, "tents": 0.0, "vehicles": 0}, {"date": "2018-02-21", "individuals": 0, "tents": 0.0, "vehicles": 0}, {"date": "2019-01-31", "individuals": 1, "tents": 0.0, "vehicles": 0}, {"date": "2020-01-31", "individuals": 0, "tents": 0.0, "vehicles": 1}, {"date": "2020-02-26", "individuals": 0, "tents": 0.0, "vehicles": 0}, {"date": "2021-01-28", "individuals": 0, "tents": 0.0, "vehicles": 0}, {"date": "2021-02-25", "individuals": 0, "tents": 0.0, "vehicles": 0}, {"date": "2022-01-27", "individuals": 0, "tents": 0.0, "vehicles": 0}, {"date": "2022-03-01", "individuals": 0, "tents": 0.0, "vehicles": 0}, {"date": "2023-01-31", "individuals": 0, "tents": 0.0, "vehicles": 0}, {"date": "2024-01-25", "individuals": 0, "tents": 0.0, "vehicles": 0}, {"date": "2025-01-31", "individuals": 0, "tents": 0.0, "vehicles": 0}], "has_panel_data": true}}, {"type": "Feature", "geometry": {"type": "Polygon", "coordinates": [[[-117.16648933596802, 32.71460287653199], [-117.16648930522139, 32.71457109305709], [-117.16648859002362, 32.71382555425229], [-117.16648843331447, 32.71366255471722], [-117.16648834408139, 32.71356944239649], [-117.16648799973662, 32.71320056301925], [-117.16648738563764, 32.71254342847745], [-117.16648738078422, 32.71253875568629], [-117.16649309770233, 32.712538731237096], [-117.16649646491717, 32.71253871613339], [-117.16690527328151, 32.71253693449289], [-117.16726683282852, 32.712535356840924], [-117.16733014870712, 32.712535080683985], [-117.16738139720752, 32.71253485728706], [-117.1677071348381, 32.71253440776783], [-117.1677616210553, 32.712534332353236], [-117.16799492847751, 32.71253400988539], [-117.16828844560943, 32.71253360388308], [-117.16916695171689, 32.71252977376018], [-117.16917595912169, 32.71252974089394], [-117.16917594370213, 32.712537263342654], [-117.16917593878523, 32.71253986039696], [-117.16917463010391, 32.7131868242262], [-117.16917421200888, 32.71339334164956], [-117.16917421151717, 32.713393601355016], [-117.16917406573192, 32.713465643532764], [-117.16917406280861, 32.71346699977494], [-117.16917394057356, 32.71352738946375], [-117.16917384623201, 32.71357419059053], [-117.16917372228002, 32.71362838081419], [-117.16917281430099, 32.714024508534465], [-117.16917281456963, 32.71402463657986], [-117.16917150403181, 32.71459665574537], [-117.16648933596802, 32.71460287653199]]]}, "properties": {"block_id": "STATE_ST_Map_Border", "neighborhood": "Marina", "latest_count_date": "2025-01-31", "latest_individuals": 2, "latest_tents": 0.0, "latest_vehicles": 0, "history": [{"date": "2018-01-24", "individuals": 0, "tents": 0.0, "vehicles": 0}, {"date": "2018-02-21", "individuals": 0, "tents": 0.0, "vehicles": 0}, {"date": "2019-01-31", "individuals": 0, "tents": 0.0, "vehicles": 0}, {"date": "2020-01-31", "individuals": 2, "tents": 0.0, "vehicles": 0}, {"date": "2020-02-26", "individuals": 1, "tents": 0.0, "vehicles": 0}, {"date": "2021-01-28", "individuals": 2, "tents": 0.0, "vehicles": 0}, {"date": "2021-02-25", "individuals": 0, "tents": 0.0, "vehicles": 0}, {"date": "2022-01-27", "individuals": 2, "tents": 0.0, "vehicles": 1}, {"date": "2022-03-01", "individuals": 0, "tents": 0.0, "vehicles": 0}, {"date": "2023-01-31", "individuals": 1, "tents": 0.0, "vehicles": 0}, {"date": "2024-01-25", "individuals": 2, "tents": 0.0, "vehicles": 0}, {"date": "2025-01-31", "individuals": 2, "tents": 0.0, "vehicles": 0}], "has_panel_data": true}}, {"type": "Feature", "geometry": {"type": "Polygon", "coordinates": [[[-117.1647015472855, 32.71463813688871], [-117.16483909519361, 32.71463461614336], [-117.16559850261251, 32.714615172359196], [-117.16560838900655, 32.71461491951674], [-117.16560982958532, 32.71553851359138], [-117.16561011177248, 32.71571980673511], [-117.1649033273073, 32.71572070629731], [-117.16471603551223, 32.715720943988806], [-117.1647015472855, 32.71463813688871]]]}, "properties": {"block_id": "FRONT_ST_W_BROADWAY", "neighborhood": "City Center", "latest_count_date": "2025-01-31", "latest_individuals": 0, "latest_tents": 0.0, "latest_vehicles": 0, "history": [{"date": "2018-01-24", "individuals": 0, "tents": 0.0, "vehicles": 0}, {"date": "2018-02-21", "individuals": 0, "tents": 0.0, "vehicles": 0}, {"date": "2019-01-31", "individuals": 1, "tents": 0.0, "vehicles": 0}, {"date": "2020-01-31", "individuals": 0, "tents": 0.0, "vehicles": 0}, {"date": "2020-02-26", "individuals": 0, "tents": 0.0, "vehicles": 0}, {"date": "2021-01-28", "individuals": 0, "tents": 0.0, "vehicles": 0}, {"date": "2021-02-25", "individuals": 0, "tents": 0.0, "vehicles": 0}, {"date": "2022-01-27", "individuals": 0, "tents": 0.0, "vehicles": 0}, {"date": "2022-03-01", "individuals": 1, "tents": 0.0, "vehicles": 0}, {"date": "2023-01-31", "individuals": 1, "tents": 0.0, "vehicles": 0}, {"date": "2024-01-25", "individuals": 0, "tents": 0.0, "vehicles": 0}, {"date": "2025-01-31", "individuals": 0, "tents": 0.0, "vehicles": 0}], "has_panel_data": true}}, {"type": "Feature", "geometry": {"type": "Polygon", "coordinates": [[[-117.16467656104192, 32.71254395353473], [-117.16467665127541, 32.712550593292804], [-117.16468010890331, 32.712806085234796], [-117.16468197819422, 32.71294418126002], [-117.16468360545569, 32.71306440114562], [-117.16469047279361, 32.71357178564059], [-117.16469050994895, 32.713574543793584], [-117.16458870935445, 32.713612822050834], [-117.1643950477734, 32.713612445547994], [-117.16380982835624, 32.71361130591505], [-117.16380935347497, 32.71354626048114], [-117.16380824280907, 32.71339437299994], [-117.16380745467309, 32.71328655936962], [-117.163802199576, 32.71256771437992], [-117.1638020527569, 32.71254768778167], [-117.16438397639992, 32.71254520248533], [-117.16467656104192, 32.71254395353473]]]}, "properties": {"block_id": "01ST_AV_W_F_ST", "neighborhood": "City Center", "latest_count_date": "2025-01-31", "latest_individuals": 0, "latest_tents": 0.0, "latest_vehicles": 0, "history": [{"date": "2018-01-24", "individuals": 4, "tents": 0.0, "vehicles": 0}, {"date": "2018-02-21", "individuals": 8, "tents": 0.0, "vehicles": 0}, {"date": "2019-01-31", "individuals": 1, "tents": 0.0, "vehicles": 0}, {"date": "2020-01-31", "individuals": 1, "tents": 0.0, "vehicles": 0}, {"date": "2020-02-26", "individuals": 1, "tents": 0.0, "vehicles": 0}, {"date": "2021-01-28", "individuals": 0, "tents": 0.0, "vehicles": 0}, {"date": "2021-02-25", "individuals": 0, "tents": 0.0, "vehicles": 0}, {"date": "2022-01-27", "individuals": 0, "tents": 0.0, "vehicles": 0}, {"date": "2022-03-01", "individuals": 0, "tents": 0.0, "vehicles": 0}, {"date": "2023-01-31", "individuals": 0, "tents": 0.0, "vehicles": 0}, {"date": "2024-01-25", "individuals": 0, "tents": 0.0, "vehicles": 0}, {"date": "2025-01-31", "individuals": 0, "tents": 0.0, "vehicles": 0}], "has_panel_data": true}}, {"type": "Feature", "geometry": {"type": "Polygon", "coordinates": [[[-117.16381398278962, 32.714639219389234], [-117.16421845477232, 32.714638725966225], [-117.16440569209104, 32.714638497532896], [-117.1645812549444, 32.71463828324994], [-117.1647015472855, 32.71463813688871], [-117.16471603551223, 32.715720943988806], [-117.1644169064382, 32.715719471325606], [-117.16382515215061, 32.715716554084956], [-117.16381398278962, 32.714639219389234]]]}, "properties": {"block_id": "01ST_AV_W_BROADWAY", "neighborhood": "City Center", "latest_count_date": "2025-01-31", "latest_individuals": 0, "latest_tents": 0.0, "latest_vehicles": 0, "history": [{"date": "2018-01-24", "individuals": 0, "tents": 0.0, "vehicles": 0}, {"date": "2018-02-21", "individuals": 1, "tents": 0.0, "vehicles": 0}, {"date": "2019-01-31", "individuals": 0, "tents": 0.0, "vehicles": 0}, {"date": "2020-01-31", "individuals": 0, "tents": 0.0, "vehicles": 0}, {"date": "2020-02-26", "individuals": 1, "tents": 0.0, "vehicles": 0}, {"date": "2021-01-28", "individuals": 0, "tents": 0.0, "vehicles": 0}, {"date": "2021-02-25", "individuals": 0, "tents": 0.0, "vehicles": 0}, {"date": "2022-01-27", "individuals": 0, "tents": 0.0, "vehicles": 0}, {"date": "2022-03-01", "individuals": 0, "tents": 0.0, "vehicles": 0}, {"date": "2023-01-31", "individuals": 0, "tents": 0.0, "vehicles": 0}, {"date": "2024-01-25", "individuals": 0, "tents": 0.0, "vehicles": 0}, {"date": "2025-01-31", "individuals": 0, "tents": 0.0, "vehicles": 0}], "has_panel_data": true}}, {"type": "Feature", "geometry": {"type": "Polygon", "coordinates": [[[-117.16467656104192, 32.71254395353473], [-117.16467658576592, 32.712540785532035], [-117.16467666735586, 32.71253014617597], [-117.16468220133099, 32.711809834288715], [-117.16468478439367, 32.71147368904258], [-117.16468486126719, 32.71146372602823], [-117.16559848593523, 32.71147068637471], [-117.16559849523105, 32.71147281351492], [-117.16560008271713, 32.71184035625567], [-117.16560013537138, 32.71185261324311], [-117.16560206262703, 32.71229845622876], [-117.16560280268219, 32.71246971588089], [-117.16560308106502, 32.71253409819079], [-117.16560309251881, 32.71253674111148], [-117.1656031029599, 32.712539183852925], [-117.16560311792138, 32.71254257519339], [-117.1655936239404, 32.7125425897692], [-117.16546098972948, 32.71254278715513], [-117.16515749257988, 32.71254323884311], [-117.16469253794354, 32.71254392972267], [-117.16467656104192, 32.71254395353473]]]}, "properties": {"block_id": "FRONT_ST_W_G_ST", "neighborhood": "Marina", "latest_count_date": "2025-01-31", "latest_individuals": 0, "latest_tents": 0.0, "latest_vehicles": 0, "history": [{"date": "2018-01-24", "individuals": 0, "tents": 0.0, "vehicles": 0}, {"date": "2018-02-21", "individuals": 0, "tents": 0.0, "vehicles": 0}, {"date": "2019-01-31", "individuals": 0, "tents": 0.0, "vehicles": 0}, {"date": "2020-01-31", "individuals": 0, "tents": 0.0, "vehicles": 0}, {"date": "2020-02-26", "individuals": 0, "tents": 0.0, "vehicles": 0}, {"date": "2021-01-28", "individuals": 0, "tents": 0.0, "vehicles": 0}, {"date": "2021-02-25", "individuals": 0, "tents": 0.0, "vehicles": 0}, {"date": "2022-01-27", "individuals": 2, "tents": 0.0, "vehicles": 0}, {"date": "2022-03-01", "individuals": 0, "tents": 0.0, "vehicles": 0}, {"date": "2023-01-31", "individuals": 0, "tents": 0.0, "vehicles": 0}, {"date": "2024-01-25", "individuals": 0, "tents": 0.0, "vehicles": 0}, {"date": "2025-01-31", "individuals": 0, "tents": 0.0, "vehicles": 0}], "has_panel_data": true}}, {"type": "Feature", "geometry": {"type": "Polygon", "coordinates": [[[-117.16648738078422, 32.71253875568629], [-117.16563056018813, 32.71254245712202], [-117.16560703657325, 32.71254255872531], [-117.16560311792138, 32.71254257519339], [-117.1656031029599, 32.712539183852925], [-117.16560309251881, 32.71253674111148], [-117.16560308106502, 32.71253409819079], [-117.16560280268219, 32.71246971588089], [-117.16560206262703, 32.71229845622876], [-117.16560013537138, 32.71185261324311], [-117.16560008271713, 32.71184035625567], [-117.16559849523105, 32.71147281351492], [-117.16559848593523, 32.71147068637471], [-117.16650555094944, 32.71147219709353], [-117.16650538210911, 32.711482117510414], [-117.16649989716458, 32.711804093697275], [-117.1664974027785, 32.71195052538085], [-117.16649640187069, 32.71200926688397], [-117.16649543924267, 32.712065740221455], [-117.16649490945558, 32.71209675236159], [-117.16648752322291, 32.71253039908604], [-117.16648740592859, 32.71253727574075], [-117.16648738078422, 32.71253875568629]]]}, "properties": {"block_id": "UNION_ST_W_G_ST", "neighborhood": "Marina", "latest_count_date": "2025-01-31", "latest_individuals": 0, "latest_tents": 0.0, "latest_vehicles": 0, "history": [{"date": "2018-01-24", "individuals": 0, "tents": 0.0, "vehicles": 0}, {"date": "2018-02-21", "individuals": 1, "tents": 0.0, "vehicles": 0}, {"date": "2019-01-31", "individuals": 0, "tents": 0.0, "vehicles": 0}, {"date": "2020-01-31", "individuals": 0, "tents": 0.0, "vehicles": 0}, {"date": "2020-02-26", "individuals": 0, "tents": 0.0, "vehicles": 0}, {"date": "2021-01-28", "individuals": 0, "tents": 0.0, "vehicles": 0}, {"date": "2021-02-25", "individuals": 0, "tents": 0.0, "vehicles": 0}, {"date": "2022-01-27", "individuals": 0, "tents": 0.0, "vehicles": 0}, {"date": "2022-03-01", "individuals": 0, "tents": 0.0, "vehicles": 0}, {"date": "2023-01-31", "individuals": 0, "tents": 0.0, "vehicles": 0}, {"date": "2024-01-25", "individuals": 0, "tents": 0.0, "vehicles": 0}, {"date": "2025-01-31", "individuals": 0, "tents": 0.0, "vehicles": 0}], "has_panel_data": true}}, {"type": "Feature", "geometry": {"type": "Polygon", "coordinates": [[[-117.16648933596802, 32.71460287653199], [-117.16648993393703, 32.71466059079612], [-117.16649000089603, 32.71471555328249], [-117.16649000484233, 32.714718497441055], [-117.16649001843805, 32.71473026868132], [-117.16649035454007, 32.71501484967692], [-117.16649118517797, 32.71571875962519], [-117.16625186357865, 32.71571904451242], [-117.16605074874694, 32.71571928412392], [-117.16561011177248, 32.71571980673511], [-117.16560982958532, 32.71553851359138], [-117.16560838900655, 32.71461491951674], [-117.16573191649164, 32.71461323140258], [-117.16636580851187, 32.71460456540473], [-117.16647710203486, 32.714603044091064], [-117.16648933596802, 32.71460287653199]]]}, "properties": {"block_id": "UNION_ST_W_BROADWAY", "neighborhood": "Columbia", "latest_count_date": "2025-01-31", "latest_individuals": 0, "latest_tents": 0.0, "latest_vehicles": 0, "history": [{"date": "2018-01-24", "individuals": 0, "tents": 0.0, "vehicles": 0}, {"date": "2018-02-21", "individuals": 0, "tents": 0.0, "vehicles": 0}, {"date": "2019-01-31", "individuals": 0, "tents": 0.0, "vehicles": 0}, {"date": "2020-01-31", "individuals": 0, "tents": 0.0, "vehicles": 0}, {"date": "2020-02-26", "individuals": 1, "tents": 0.0, "vehicles": 0}, {"date": "2021-01-28", "individuals": 0, "tents": 0.0, "vehicles": 0}, {"date": "2021-02-25", "individuals": 0, "tents": 0.0, "vehicles": 0}, {"date": "2022-01-27", "individuals": 0, "tents": 0.0, "vehicles": 0}, {"date": "2022-03-01", "individuals": 0, "tents": 0.0, "vehicles": 0}, {"date": "2023-01-31", "individuals": 0, "tents": 0.0, "vehicles": 0}, {"date": "2024-01-25", "individuals": 0, "tents": 0.0, "vehicles": 0}, {"date": "2025-01-31", "individuals": 0, "tents": 0.0, "vehicles": 0}], "has_panel_data": true}}, {"type": "Feature", "geometry": {"type": "Polygon", "coordinates": [[[-117.16649118517797, 32.71571875962519], [-117.16649035454007, 32.71501484967692], [-117.16649001843805, 32.71473026868132], [-117.16649000484233, 32.714718497441055], [-117.16649000089603, 32.71471555328249], [-117.16648993393703, 32.71466059079612], [-117.16648933596802, 32.71460287653199], [-117.16917150403181, 32.71459665574537], [-117.16917149095667, 32.71459980021817], [-117.16917101069923, 32.714716790432284], [-117.1691670166964, 32.715690312338445], [-117.1691669139385, 32.71571533825714], [-117.1682793397178, 32.71571645288418], [-117.1682696608467, 32.71571646633486], [-117.16755780083122, 32.715717448656136], [-117.16745069857693, 32.71571759616089], [-117.16738810163854, 32.71571768215789], [-117.16737536464903, 32.71571769934888], [-117.16737496358205, 32.715717699626886], [-117.16737225853427, 32.71571770351617], [-117.16700355086567, 32.715718146031875], [-117.16649118517797, 32.71571875962519]]]}, "properties": {"block_id": "STATE_ST_W_BROADWAY", "neighborhood": "Columbia", "latest_count_date": "2025-01-31", "latest_individuals": 1, "latest_tents": 0.0, "latest_vehicles": 0, "history": [{"date": "2018-01-24", "individuals": 0, "tents": 0.0, "vehicles": 0}, {"date": "2018-02-21", "individuals": 0, "tents": 0.0, "vehicles": 0}, {"date": "2019-01-31", "individuals": 0, "tents": 0.0, "vehicles": 0}, {"date": "2020-01-31", "individuals": 2, "tents": 0.0, "vehicles": 0}, {"date": "2020-02-26", "individuals": 1, "tents": 0.0, "vehicles": 0}, {"date": "2021-01-28", "individuals": 0, "tents": 0.0, "vehicles": 0}, {"date": "2021-02-25", "individuals": 4, "tents": 0.0, "vehicles": 0}, {"date": "2022-01-27", "individuals": 2, "tents": 0.0, "vehicles": 0}, {"date": "2022-03-01", "individuals": 3, "tents": 0.0, "vehicles": 0}, {"date": "2023-01-31", "individuals": 0, "tents": 0.0, "vehicles": 0}, {"date": "2024-01-25", "individuals": 2, "tents": 0.0, "vehicles": 0}, {"date": "2025-01-31", "individuals": 1, "tents": 0.0, "vehicles": 0}], "has_panel_data": true}}, {"type": "Feature", "geometry": {"type": "Polygon", "coordinates": [[[-117.16649118517797, 32.71571875962519], [-117.16648864034923, 32.71672473590394], [-117.16590980131889, 32.71672903585083], [-117.16566436590755, 32.716730858265], [-117.16560761398696, 32.71673127959145], [-117.16561011177248, 32.71571980673511], [-117.16605074874694, 32.71571928412392], [-117.16625186357865, 32.71571904451242], [-117.16649118517797, 32.71571875962519]]]}, "properties": {"block_id": "UNION_ST_W_C_ST", "neighborhood": "Columbia", "latest_count_date": "2025-01-31", "latest_individuals": 0, "latest_tents": 0.0, "latest_vehicles": 0, "history": [{"date": "2018-01-24", "individuals": 3, "tents": 0.0, "vehicles": 0}, {"date": "2018-02-21", "individuals": 0, "tents": 0.0, "vehicles": 0}, {"date": "2019-01-31", "individuals": 1, "tents": 0.0, "vehicles": 0}, {"date": "2020-01-31", "individuals": 10, "tents": 0.0, "vehicles": 0}, {"date": "2020-02-26", "individuals": 0, "tents": 0.0, "vehicles": 0}, {"date": "2021-01-28", "individuals": 21, "tents": 0.0, "vehicles": 0}, {"date": "2021-02-25", "individuals": 16, "tents": 0.0, "vehicles": 0}, {"date": "2022-01-27", "individuals": 18, "tents": 2.0, "vehicles": 0}, {"date": "2022-03-01", "individuals": 22, "tents": 5.0, "vehicles": 0}, {"date": "2023-01-31", "individuals": 2, "tents": 0.0, "vehicles": 0}, {"date": "2024-01-25", "individuals": 0, "tents": 0.0, "vehicles": 0}, {"date": "2025-01-31", "individuals": 0, "tents": 0.0, "vehicles": 0}], "has_panel_data": true}}, {"type": "Feature", "geometry": {"type": "Polygon", "coordinates": [[[-117.16648864034923, 32.71672473590394], [-117.16649118517797, 32.71571875962519], [-117.16700355086567, 32.715718146031875], [-117.16737225853427, 32.71571770351617], [-117.16737228925466, 32.71572198746477], [-117.16737865875193, 32.716611805435726], [-117.16737934885874, 32.716708240729886], [-117.16737941961422, 32.71671811337902], [-117.16648864034923, 32.71672473590394]]]}, "properties": {"block_id": "STATE_ST_W_C_ST", "neighborhood": "Columbia", "latest_count_date": "2025-01-31", "latest_individuals": 3, "latest_tents": 0.0, "latest_vehicles": 0, "history": [{"date": "2018-01-24", "individuals": 1, "tents": 0.0, "vehicles": 0}, {"date": "2018-02-21", "individuals": 0, "tents": 0.0, "vehicles": 0}, {"date": "2019-01-31", "individuals": 0, "tents": 0.0, "vehicles": 0}, {"date": "2020-01-31", "individuals": 0, "tents": 0.0, "vehicles": 0}, {"date": "2020-02-26", "individuals": 0, "tents": 0.0, "vehicles": 0}, {"date": "2021-01-28", "individuals": 0, "tents": 0.0, "vehicles": 0}, {"date": "2021-02-25", "individuals": 0, "tents": 0.0, "vehicles": 0}, {"date": "2022-01-27", "individuals": 0, "tents": 0.0, "vehicles": 0}, {"date": "2022-03-01", "individuals": 1, "tents": 0.0, "vehicles": 0}, {"date": "2023-01-31", "individuals": 2, "tents": 0.0, "vehicles": 0}, {"date": "2024-01-25", "individuals": 0, "tents": 0.0, "vehicles": 0}, {"date": "2025-01-31", "individuals": 3, "tents": 0.0, "vehicles": 0}], "has_panel_data": true}}, {"type": "Feature", "geometry": {"type": "Polygon", "coordinates": [[[-117.16290173065995, 32.71570965008645], [-117.16291251896484, 32.71675125791681], [-117.16202171165921, 32.71675509987395], [-117.1619880601065, 32.7157026670723], [-117.16290173065995, 32.71570965008645]]]}, "properties": {"block_id": "03RD_AV_C_ST", "neighborhood": "City Center", "latest_count_date": "2025-01-31", "latest_individuals": 2, "latest_tents": 0.0, "latest_vehicles": 0, "history": [{"date": "2018-01-24", "individuals": 0, "tents": 0.0, "vehicles": 0}, {"date": "2018-02-21", "individuals": 2, "tents": 0.0, "vehicles": 0}, {"date": "2019-01-31", "individuals": 0, "tents": 1.0, "vehicles": 0}, {"date": "2020-01-31", "individuals": 0, "tents": 0.0, "vehicles": 0}, {"date": "2020-02-26", "individuals": 2, "tents": 0.0, "vehicles": 0}, {"date": "2021-01-28", "individuals": 5, "tents": 0.0, "vehicles": 0}, {"date": "2021-02-25", "individuals": 4, "tents": 0.0, "vehicles": 0}, {"date": "2022-01-27", "individuals": 10, "tents": 2.0, "vehicles": 0}, {"date": "2022-03-01", "individuals": 15, "tents": 1.0, "vehicles": 0}, {"date": "2023-01-31", "individuals": 4, "tents": 0.0, "vehicles": 0}, {"date": "2024-01-25", "individuals": 3, "tents": 0.0, "vehicles": 0}, {"date": "2025-01-31", "individuals": 2, "tents": 0.0, "vehicles": 0}], "has_panel_data": true}}, {"type": "Feature", "geometry": {"type": "Polygon", "coordinates": [[[-117.16291251896484, 32.71675125791681], [-117.16290173065995, 32.71570965008645], [-117.16382515215061, 32.715716554084956], [-117.16383255788438, 32.716744444431164], [-117.16291251896484, 32.71675125791681]]]}, "properties": {"block_id": "02ND_AV_C_ST", "neighborhood": "City Center", "latest_count_date": "2025-01-31", "latest_individuals": 0, "latest_tents": 0.0, "latest_vehicles": 0, "history": [{"date": "2018-01-24", "individuals": 1, "tents": 0.0, "vehicles": 0}, {"date": "2018-02-21", "individuals": 0, "tents": 0.0, "vehicles": 0}, {"date": "2019-01-31", "individuals": 0, "tents": 0.0, "vehicles": 0}, {"date": "2020-01-31", "individuals": 0, "tents": 0.0, "vehicles": 0}, {"date": "2020-02-26", "individuals": 1, "tents": 0.0, "vehicles": 0}, {"date": "2021-01-28", "individuals": 0, "tents": 0.0, "vehicles": 0}, {"date": "2021-02-25", "individuals": 0, "tents": 0.0, "vehicles": 0}, {"date": "2022-01-27", "individuals": 2, "tents": 0.0, "vehicles": 0}, {"date": "2022-03-01", "individuals": 3, "tents": 0.0, "vehicles": 0}, {"date": "2023-01-31", "individuals": 1, "tents": 0.0, "vehicles": 0}, {"date": "2024-01-25", "individuals": 0, "tents": 0.0, "vehicles": 0}, {"date": "2025-01-31", "individuals": 0, "tents": 0.0, "vehicles": 0}], "has_panel_data": true}}, {"type": "Feature", "geometry": {"type": "Polygon", "coordinates": [[[-117.16108866843061, 32.716761995914915], [-117.16108089378142, 32.71569562924324], [-117.1619880601065, 32.7157026670723], [-117.16202171165921, 32.71675509987395], [-117.16108866843061, 32.716761995914915]]]}, "properties": {"block_id": "04TH_AV_C_ST", "neighborhood": "City Center", "latest_count_date": "2025-01-31", "latest_individuals": 0, "latest_tents": 0.0, "latest_vehicles": 0, "history": [{"date": "2018-01-24", "individuals": 4, "tents": 0.0, "vehicles": 0}, {"date": "2018-02-21", "individuals": 0, "tents": 0.0, "vehicles": 0}, {"date": "2019-01-31", "individuals": 14, "tents": 2.0, "vehicles": 0}, {"date": "2020-01-31", "individuals": 1, "tents": 0.0, "vehicles": 0}, {"date": "2020-02-26", "individuals": 5, "tents": 0.0, "vehicles": 0}, {"date": "2021-01-28", "individuals": 0, "tents": 0.0, "vehicles": 0}, {"date": "2021-02-25", "individuals": 1, "tents": 0.0, "vehicles": 0}, {"date": "2022-01-27", "individuals": 0, "tents": 0.0, "vehicles": 0}, {"date": "2022-03-01", "individuals": 3, "tents": 0.0, "vehicles": 0}, {"date": "2023-01-31", "individuals": 0, "tents": 0.0, "vehicles": 0}, {"date": "2024-01-25", "individuals": 0, "tents": 0.0, "vehicles": 0}, {"date": "2025-01-31", "individuals": 0, "tents": 0.0, "vehicles": 0}], "has_panel_data": true}}, {"type": "Feature", "geometry": {"type": "Polygon", "coordinates": [[[-117.16471603551223, 32.715720943988806], [-117.1647233375479, 32.71673784108923], [-117.1644274943236, 32.716740034886136], [-117.16383255788438, 32.716744444431164], [-117.16382515215061, 32.715716554084956], [-117.1644169064382, 32.715719471325606], [-117.16471603551223, 32.715720943988806]]]}, "properties": {"block_id": "01ST_AV_W_C_ST", "neighborhood": "City Center", "latest_count_date": "2025-01-31", "latest_individuals": 0, "latest_tents": 0.0, "latest_vehicles": 0, "history": [{"date": "2018-01-24", "individuals": 1, "tents": 0.0, "vehicles": 0}, {"date": "2018-02-21", "individuals": 2, "tents": 0.0, "vehicles": 0}, {"date": "2019-01-31", "individuals": 2, "tents": 0.0, "vehicles": 0}, {"date": "2020-01-31", "individuals": 2, "tents": 0.0, "vehicles": 0}, {"date": "2020-02-26", "individuals": 2, "tents": 0.0, "vehicles": 0}, {"date": "2021-01-28", "individuals": 0, "tents": 0.0, "vehicles": 0}, {"date": "2021-02-25", "individuals": 0, "tents": 0.0, "vehicles": 0}, {"date": "2022-01-27", "individuals": 0, "tents": 0.0, "vehicles": 0}, {"date": "2022-03-01", "individuals": 1, "tents": 0.0, "vehicles": 0}, {"date": "2023-01-31", "individuals": 1, "tents": 0.0, "vehicles": 0}, {"date": "2024-01-25", "individuals": 1, "tents": 0.0, "vehicles": 0}, {"date": "2025-01-31", "individuals": 0, "tents": 0.0, "vehicles": 0}], "has_panel_data": true}}, {"type": "Feature", "geometry": {"type": "Polygon", "coordinates": [[[-117.1647233375479, 32.71673784108923], [-117.16471603551223, 32.715720943988806], [-117.1649033273073, 32.71572070629731], [-117.16561011177248, 32.71571980673511], [-117.16560761398696, 32.71673127959145], [-117.1647233375479, 32.71673784108923]]]}, "properties": {"block_id": "FRONT_ST_W_C_ST", "neighborhood": "City Center", "latest_count_date": "2025-01-31", "latest_individuals": 0, "latest_tents": 0.0, "latest_vehicles": 0, "history": [{"date": "2018-01-24", "individuals": 0, "tents": 0.0, "vehicles": 0}, {"date": "2018-02-21", "individuals": 0, "tents": 0.0, "vehicles": 0}, {"date": "2019-01-31", "individuals": 1, "tents": 0.0, "vehicles": 0}, {"date": "2020-01-31", "individuals": 5, "tents": 0.0, "vehicles": 0}, {"date": "2020-02-26", "individuals": 8, "tents": 1.0, "vehicles": 0}, {"date": "2021-01-28", "individuals": 0, "tents": 0.0, "vehicles": 0}, {"date": "2021-02-25", "individuals": 0, "tents": 0.0, "vehicles": 0}, {"date": "2022-01-27", "individuals": 0, "tents": 0.0, "vehicles": 0}, {"date": "2022-03-01", "individuals": 0, "tents": 0.0, "vehicles": 0}, {"date": "2023-01-31", "individuals": 1, "tents": 0.0, "vehicles": 0}, {"date": "2024-01-25", "individuals": 0, "tents": 0.0, "vehicles": 0}, {"date": "2025-01-31", "individuals": 0, "tents": 0.0, "vehicles": 0}], "has_panel_data": true}}, {"type": "Feature", "geometry": {"type": "Polygon", "coordinates": [[[-117.16290173065995, 32.71570965008645], [-117.1619880601065, 32.7157026670723], [-117.1619982988062, 32.714806575657455], [-117.1619973604088, 32.71471588180419], [-117.16246555354734, 32.714717915800115], [-117.16289795685071, 32.714717464430336], [-117.16290173065995, 32.71570965008645]]]}, "properties": {"block_id": "Map_Border_BROADWAY", "neighborhood": "City Center", "latest_count_date": "2025-01-31", "latest_individuals": 2, "latest_tents": 0.0, "latest_vehicles": 0, "history": [{"date": "2018-01-24", "individuals": 1, "tents": 0.0, "vehicles": 0}, {"date": "2018-02-21", "individuals": 0, "tents": 0.0, "vehicles": 0}, {"date": "2019-01-31", "individuals": 0, "tents": 0.0, "vehicles": 0}, {"date": "2020-01-31", "individuals": 1, "tents": 0.0, "vehicles": 0}, {"date": "2020-02-26", "individuals": 0, "tents": 0.0, "vehicles": 0}, {"date": "2021-01-28", "individuals": 0, "tents": 0.0, "vehicles": 0}, {"date": "2021-02-25", "individuals": 0, "tents": 0.0, "vehicles": 0}, {"date": "2022-01-27", "individuals": 0, "tents": 0.0, "vehicles": 0}, {"date": "2022-03-01", "individuals": 0, "tents": 0.0, "vehicles": 0}, {"date": "2023-01-31", "individuals": 1, "tents": 0.0, "vehicles": 0}, {"date": "2024-01-25", "individuals": 0, "tents": 0.0, "vehicles": 0}, {"date": "2025-01-31", "individuals": 2, "tents": 0.0, "vehicles": 0}], "has_panel_data": true}}, {"type": "Feature", "geometry": {"type": "Polygon", "coordinates": [[[-117.14578239491613, 32.70627311036945], [-117.14578972803747, 32.707314742123174], [-117.14488273410406, 32.70731583005176], [-117.14487216000119, 32.706274221840125], [-117.14578239491613, 32.70627311036945]]]}, "properties": {"block_id": "21ST_ST_L_ST", "neighborhood": "Sherman Heights", "latest_count_date": null, "latest_individuals": null, "latest_tents": null, "latest_vehicles": null, "history": [], "has_panel_data": false}}, {"type": "Feature", "geometry": {"type": "Polygon", "coordinates": [[[-117.14578972803747, 32.707314742123174], [-117.14578239491613, 32.70627311036945], [-117.14669921387438, 32.70628018981984], [-117.14669676631476, 32.7066787417017], [-117.14668688713546, 32.70730547352031], [-117.14578972803747, 32.707314742123174]]]}, "properties": {"block_id": "20TH_ST_L_ST", "neighborhood": "Sherman Heights", "latest_count_date": null, "latest_individuals": null, "latest_tents": null, "latest_vehicles": null, "history": [], "has_panel_data": false}}, {"type": "Feature", "geometry": {"type": "Polygon", "coordinates": [[[-117.14669921387438, 32.70628018981984], [-117.14741435497277, 32.70627498772904], [-117.14742100994528, 32.706470967752765], [-117.14742101180117, 32.70647104528894], [-117.14746101998944, 32.70764890330064], [-117.14748478855033, 32.70834857021811], [-117.14751564062266, 32.70925689614568], [-117.14751893502134, 32.709353866988046], [-117.1475195992835, 32.709373433530175], [-117.14752112801507, 32.70941850672574], [-117.14752098509247, 32.709418506864175], [-117.14672461205059, 32.70941605546084], [-117.14671346954067, 32.70895988646489], [-117.14667811834886, 32.70836096583408], [-117.14667817566657, 32.7083544377183], [-117.14668398853172, 32.70765455560652], [-117.14668688713546, 32.70730547352031], [-117.14669676631476, 32.7066787417017], [-117.14669921387438, 32.70628018981984]]]}, "properties": {"block_id": "19TH_ST_J_ST", "neighborhood": "Sherman Heights", "latest_count_date": null, "latest_individuals": null, "latest_tents": null, "latest_vehicles": null, "history": [], "has_panel_data": false}}, {"type": "Feature", "geometry": {"type": "Polygon", "coordinates": [[[-117.14580453659083, 32.70941174812092], [-117.14580862478165, 32.710453403543326], [-117.14487564379951, 32.710460176955365], [-117.14488776883746, 32.70941290692465], [-117.14580453659083, 32.70941174812092]]]}, "properties": {"block_id": "21ST_ST_ISLAND_AV", "neighborhood": "Sherman Heights", "latest_count_date": null, "latest_individuals": null, "latest_tents": null, "latest_vehicles": null, "history": [], "has_panel_data": false}}, {"type": "Feature", "geometry": {"type": "Polygon", "coordinates": [[[-117.14580862478165, 32.710453403543326], [-117.14580453659083, 32.70941174812092], [-117.14672461205059, 32.70941605546084], [-117.14670595134666, 32.71045787634184], [-117.14580862478165, 32.710453403543326]]]}, "properties": {"block_id": "20TH_ST_ISLAND_AV", "neighborhood": "Sherman Heights", "latest_count_date": null, "latest_individuals": null, "latest_tents": null, "latest_vehicles": null, "history": [], "has_panel_data": false}}, {"type": "Feature", "geometry": {"type": "Polygon", "coordinates": [[[-117.14672461205059, 32.70941605546084], [-117.14580453659083, 32.70941174812092], [-117.1457938116992, 32.70835639841508], [-117.14667811834886, 32.70836096583408], [-117.14671346954067, 32.70895988646489], [-117.14672461205059, 32.70941605546084]]]}, "properties": {"block_id": "20TH_ST_J_ST", "neighborhood": "Sherman Heights", "latest_count_date": null, "latest_individuals": null, "latest_tents": null, "latest_vehicles": null, "history": [], "has_panel_data": false}}, {"type": "Feature", "geometry": {"type": "Polygon", "coordinates": [[[-117.14489966818871, 32.71154566467628], [-117.14487564379951, 32.710460176955365], [-117.14580862478165, 32.710453403543326], [-117.14580339895772, 32.711539103631566], [-117.14489966818871, 32.71154566467628]]]}, "properties": {"block_id": "21ST_ST_MARKET_ST", "neighborhood": "Sherman Heights", "latest_count_date": null, "latest_individuals": null, "latest_tents": null, "latest_vehicles": null, "history": [], "has_panel_data": false}}, {"type": "Feature", "geometry": {"type": "Polygon", "coordinates": [[[-117.14672461205059, 32.70941605546084], [-117.14752098509247, 32.709418506864175], [-117.14752112801507, 32.70941850672574], [-117.14753151103598, 32.71019846017388], [-117.14753495052966, 32.710456746839625], [-117.1475349541669, 32.71045699930051], [-117.14753495979798, 32.71045734282268], [-117.14670595134666, 32.71045787634184], [-117.14672461205059, 32.70941605546084]]]}, "properties": {"block_id": "19TH_ST_ISLAND_AV", "neighborhood": "Sherman Heights", "latest_count_date": null, "latest_individuals": null, "latest_tents": null, "latest_vehicles": null, "history": [], "has_panel_data": false}}, {"type": "Feature", "geometry": {"type": "Polygon", "coordinates": [[[-117.1439979570478, 32.71303365112232], [-117.14400405809751, 32.71267355189114], [-117.14451766845038, 32.71266707918847], [-117.14491063388861, 32.71262574927715], [-117.14537548090668, 32.71261962683096], [-117.14584037945761, 32.712618999267946], [-117.14656869054097, 32.71262470351485], [-117.14658262221818, 32.71262473749553], [-117.14658392454204, 32.712624628836394], [-117.14658646104927, 32.712624423735996], [-117.14659878852261, 32.71262341073382], [-117.14661469784122, 32.712620623215095], [-117.14661620507096, 32.712620210982834], [-117.14661840051951, 32.712619612497235], [-117.14663015634432, 32.71261640430267], [-117.14664499924682, 32.71261080749567], [-117.14664639275684, 32.71261012105896], [-117.14664830527238, 32.71260918106671], [-117.14665903838223, 32.712603894579054], [-117.1466721188766, 32.71259574963914], [-117.14667330309845, 32.71259483117293], [-117.14667495825066, 32.71259354678307], [-117.14668408695955, 32.712586460361365], [-117.14669480724004, 32.71257613864454], [-117.14669571343462, 32.71257504636021], [-117.14669704012181, 32.712573453257754], [-117.14670415399951, 32.7125649035312], [-117.14671201976121, 32.71255288475182], [-117.14671264379993, 32.7125516322056], [-117.14671325007411, 32.71255041585811], [-117.14671831207207, 32.712540220945364], [-117.14672295670238, 32.71252705963542], [-117.14672590505651, 32.712513551766286], [-117.14672603890858, 32.712512030458434], [-117.14672617992382, 32.71251047934113], [-117.14672711821147, 32.712499855425555], [-117.14672658496549, 32.71248612759772], [-117.14672295781978, 32.711810019895694], [-117.14671691109417, 32.711535213348476], [-117.14752967555049, 32.71153479804809], [-117.14752868241325, 32.71166111839195], [-117.14727633959042, 32.71283668718113], [-117.14719195674935, 32.7128510436026], [-117.14717622706414, 32.71285450529252], [-117.14716048422106, 32.71285793190826], [-117.1471447314106, 32.71286132252489], [-117.1471289686695, 32.71286468074902], [-117.14711319918837, 32.71286800565585], [-117.14709741547362, 32.712871294594514], [-117.14708162180075, 32.71287454843568], [-117.14706581819735, 32.71287776988442], [-117.1470500088838, 32.71288095440128], [-117.14703418430688, 32.71288410656449], [-117.14701835403818, 32.71288722359915], [-117.14700251379308, 32.71289030373295], [-117.14698666256012, 32.71289335238375], [-117.14697080561706, 32.71289636410262], [-117.14695493447735, 32.71289934346009], [-117.14693905657934, 32.712902287696714], [-117.14692317190475, 32.71290519500923], [-117.14690727730893, 32.71290807083097], [-117.14689137273687, 32.7129109097518], [-117.14687545716787, 32.712913716287886], [-117.14685953587974, 32.7129164849904], [-117.1468436068036, 32.71291922218654], [-117.14682767094182, 32.71292192155689], [-117.14681172195002, 32.71292458855796], [-117.14679576939064, 32.712927219513354], [-117.14677980689184, 32.71292981717451], [-117.14676384080713, 32.71293237698651], [-117.14674785838369, 32.71293490355087], [-117.14673187453499, 32.71293739495568], [-117.14671588183187, 32.71293985486182], [-117.14669988125831, 32.71294227514653], [-117.14668387183032, 32.712944663932646], [-117.14666785775005, 32.71294701487738], [-117.14665183373958, 32.71294933342953], [-117.14663580616178, 32.71295161593595], [-117.14661976541748, 32.71295386246634], [-117.14660372647535, 32.712956076518886], [-117.14658767546084, 32.712958257292776], [-117.14657162082396, 32.71296039661076], [-117.14655555839028, 32.71296250352069], [-117.14653949028364, 32.71296457710535], [-117.14652341431592, 32.712966611970224], [-117.14650733161798, 32.712968614419275], [-117.1464912453895, 32.71297058442923], [-117.14647514915775, 32.712972514833204], [-117.14645905259513, 32.71297441277481], [-117.14644294924734, 32.712976272890515], [-117.14642683596051, 32.71297809971197], [-117.14641071913404, 32.71297989319263], [-117.1463945987221, 32.71298164882417], [-117.1463784705043, 32.71298337114587], [-117.146362339786, 32.71298505741407], [-117.1463462012435, 32.71298670856913], [-117.14633006020058, 32.71298832367061], [-117.14631391133351, 32.71298990365896], [-117.14629775892696, 32.71299145030651], [-117.14628160292591, 32.71299295820323], [-117.1462654412614, 32.71299443367631], [-117.14624927816311, 32.71299587308809], [-117.14623310829818, 32.71299727647728], [-117.14622136833378, 32.71299827435231], [-117.14606218698042, 32.71301042502306], [-117.14601020083397, 32.71301355122758], [-117.14500929024956, 32.71305654951917], [-117.14437013374557, 32.713042078378066], [-117.14399977180055, 32.7130336902684], [-117.1439979570478, 32.71303365112232]]]}, "properties": {"block_id": "22ND_ST_SR-94_EB_ON_RA", "neighborhood": "Sherman Heights", "latest_count_date": null, "latest_individuals": null, "latest_tents": null, "latest_vehicles": null, "history": [], "has_panel_data": false}}, {"type": "Feature", "geometry": {"type": "Polygon", "coordinates": [[[-117.14580453659083, 32.70941174812092], [-117.14488776883746, 32.70941290692465], [-117.14488364004114, 32.70836575486821], [-117.1457938116992, 32.70835639841508], [-117.14580453659083, 32.70941174812092]]]}, "properties": {"block_id": "21ST_ST_J_ST", "neighborhood": "Sherman Heights", "latest_count_date": null, "latest_individuals": null, "latest_tents": null, "latest_vehicles": null, "history": [], "has_panel_data": false}}, {"type": "Feature", "geometry": {"type": "Polygon", "coordinates": [[[-117.14670595134666, 32.71045787634184], [-117.14753495979798, 32.71045734282268], [-117.14752967863076, 32.711534157789856], [-117.14752967555049, 32.71153479804809], [-117.14671691109417, 32.711535213348476], [-117.14670595134666, 32.71045787634184]]]}, "properties": {"block_id": "19TH_ST_MARKET_ST", "neighborhood": "Sherman Heights", "latest_count_date": null, "latest_individuals": null, "latest_tents": null, "latest_vehicles": null, "history": [], "has_panel_data": false}}, {"type": "Feature", "geometry": {"type": "Polygon", "coordinates": [[[-117.14488273410406, 32.70731583005176], [-117.14578972803747, 32.707314742123174], [-117.14579108313724, 32.70766104475977], [-117.1457938116992, 32.70835639841508], [-117.14488364004114, 32.70836575486821], [-117.14488303868352, 32.70766763730436], [-117.14488273410406, 32.70731583005176]]]}, "properties": {"block_id": "21ST_ST_K_ST", "neighborhood": "Sherman Heights", "latest_count_date": null, "latest_individuals": null, "latest_tents": null, "latest_vehicles": null, "history": [], "has_panel_data": false}}, {"type": "Feature", "geometry": {"type": "Polygon", "coordinates": [[[-117.14491063388861, 32.71262574927715], [-117.14489966818871, 32.71154566467628], [-117.14580339895772, 32.711539103631566], [-117.14584037945761, 32.712618999267946], [-117.14537548090668, 32.71261962683096], [-117.14491063388861, 32.71262574927715]]]}, "properties": {"block_id": "21ST_ST_G_ST", "neighborhood": "Sherman Heights", "latest_count_date": null, "latest_individuals": null, "latest_tents": null, "latest_vehicles": null, "history": [], "has_panel_data": false}}, {"type": "Feature", "geometry": {"type": "Polygon", "coordinates": [[[-117.14670595134666, 32.71045787634184], [-117.14671691109417, 32.711535213348476], [-117.14580339895772, 32.711539103631566], [-117.14580862478165, 32.710453403543326], [-117.14670595134666, 32.71045787634184]]]}, "properties": {"block_id": "20TH_ST_MARKET_ST", "neighborhood": "Sherman Heights", "latest_count_date": null, "latest_individuals": null, "latest_tents": null, "latest_vehicles": null, "history": [], "has_panel_data": false}}, {"type": "Feature", "geometry": {"type": "Polygon", "coordinates": [[[-117.1457938116992, 32.70835639841508], [-117.14579108313724, 32.70766104475977], [-117.14578972803747, 32.707314742123174], [-117.14668688713546, 32.70730547352031], [-117.14668398853172, 32.70765455560652], [-117.14667817566657, 32.7083544377183], [-117.14667811834886, 32.70836096583408], [-117.1457938116992, 32.70835639841508]]]}, "properties": {"block_id": "20TH_ST_K_ST", "neighborhood": "Sherman Heights", "latest_count_date": null, "latest_individuals": null, "latest_tents": null, "latest_vehicles": null, "history": [], "has_panel_data": false}}, {"type": "Feature", "geometry": {"type": "Polygon", "coordinates": [[[-117.14672295781978, 32.711810019895694], [-117.14672658496549, 32.71248612759772], [-117.14672711821147, 32.712499855425555], [-117.14672617992382, 32.71251047934113], [-117.14672603890858, 32.712512030458434], [-117.14672590505651, 32.712513551766286], [-117.14672295670238, 32.71252705963542], [-117.14671831207207, 32.712540220945364], [-117.14671325007411, 32.71255041585811], [-117.14671264379993, 32.7125516322056], [-117.14671201976121, 32.71255288475182], [-117.14670415399951, 32.7125649035312], [-117.14669704012181, 32.712573453257754], [-117.14669571343462, 32.71257504636021], [-117.14669480724004, 32.71257613864454], [-117.14668408695955, 32.712586460361365], [-117.14667495825066, 32.71259354678307], [-117.14667330309845, 32.71259483117293], [-117.1466721188766, 32.71259574963914], [-117.14665903838223, 32.712603894579054], [-117.14664830527238, 32.71260918106671], [-117.14664639275684, 32.71261012105896], [-117.14664499924682, 32.71261080749567], [-117.14663015634432, 32.71261640430267], [-117.14661840051951, 32.712619612497235], [-117.14661620507096, 32.712620210982834], [-117.14661469784122, 32.712620623215095], [-117.14659878852261, 32.71262341073382], [-117.14658646104927, 32.712624423735996], [-117.14658392454204, 32.712624628836394], [-117.14658262221818, 32.71262473749553], [-117.14656869054097, 32.71262470351485], [-117.14584037945761, 32.712618999267946], [-117.14580339895772, 32.711539103631566], [-117.14671691109417, 32.711535213348476], [-117.14672295781978, 32.711810019895694]]]}, "properties": {"block_id": "20TH_ST_G_ST", "neighborhood": "Sherman Heights", "latest_count_date": null, "latest_individuals": null, "latest_tents": null, "latest_vehicles": null, "history": [], "has_panel_data": false}}, {"type": "Feature", "geometry": {"type": "Polygon", "coordinates": [[[-117.16968410568266, 32.71358267193049], [-117.16970884399805, 32.71358242072315], [-117.16970911917221, 32.7135824186711], [-117.16980900245947, 32.71358140505212], [-117.16981880285715, 32.71358130490703], [-117.16986821870135, 32.71358080378848], [-117.16987302557554, 32.713580754409804], [-117.16994233125351, 32.713580050804566], [-117.16994259361942, 32.71358004794573], [-117.17002440550681, 32.71357921764309], [-117.17005134728073, 32.71357894361736], [-117.17005171103642, 32.713578946314186], [-117.17094238359019, 32.713586285540295], [-117.17095418815583, 32.71358638315049], [-117.17098347341079, 32.71358662435118], [-117.17108241262109, 32.713587439172265], [-117.17108590412919, 32.71406936195696], [-117.17108740756736, 32.71427692642531], [-117.17108975856632, 32.714601526224655], [-117.17108975919763, 32.71460158663668], [-117.17097651742745, 32.71460121677136], [-117.17012739245101, 32.714598439865995], [-117.17006559861224, 32.714598237187374], [-117.16996990394523, 32.71459883471739], [-117.16994886009054, 32.71459896734149], [-117.16993574420106, 32.71459904894288], [-117.16981896222084, 32.71459949885631], [-117.16918072574401, 32.71459669612776], [-117.16917150403181, 32.71459665574537], [-117.16917281456963, 32.71402463657986], [-117.16917281430099, 32.714024508534465], [-117.16917372228002, 32.71362838081419], [-117.16917384623201, 32.71357419059053], [-117.16956028578775, 32.71358226152795], [-117.16960548851452, 32.71358320585992], [-117.16968410568266, 32.71358267193049]]]}, "properties": {"block_id": "KETTNER_BL_W_E_ST", "neighborhood": "Marina", "latest_count_date": "2025-01-31", "latest_individuals": 0, "latest_tents": 0.0, "latest_vehicles": 0, "history": [{"date": "2018-01-24", "individuals": 0, "tents": 0.0, "vehicles": 0}, {"date": "2018-02-21", "individuals": 1, "tents": 0.0, "vehicles": 0}, {"date": "2019-01-31", "individuals": 15, "tents": 1.0, "vehicles": 0}, {"date": "2020-01-31", "individuals": 5, "tents": 1.0, "vehicles": 0}, {"date": "2020-02-26", "individuals": 0, "tents": 0.0, "vehicles": 0}, {"date": "2021-01-28", "individuals": 1, "tents": 0.0, "vehicles": 0}, {"date": "2021-02-25", "individuals": 2, "tents": 3.0, "vehicles": 0}, {"date": "2022-01-27", "individuals": 7, "tents": 7.0, "vehicles": 0}, {"date": "2022-03-01", "individuals": 0, "tents": 0.0, "vehicles": 0}, {"date": "2023-01-31", "individuals": 2, "tents": 2.0, "vehicles": 0}, {"date": "2024-01-25", "individuals": 1, "tents": 4.0, "vehicles": 0}, {"date": "2025-01-31", "individuals": 0, "tents": 0.0, "vehicles": 0}], "has_panel_data": true}}, {"type": "Feature", "geometry": {"type": "Polygon", "coordinates": [[[-117.17005134728073, 32.71357894361736], [-117.17002440550681, 32.71357921764309], [-117.16994259361942, 32.71358004794573], [-117.16994233125351, 32.713580050804566], [-117.16987302557554, 32.713580754409804], [-117.16986821870135, 32.71358080378848], [-117.16981880285715, 32.71358130490703], [-117.16980900245947, 32.71358140505212], [-117.16970911917221, 32.7135824186711], [-117.16970884399805, 32.71358242072315], [-117.16968410568266, 32.71358267193049], [-117.16960548851452, 32.71358320585992], [-117.16956028578775, 32.71358226152795], [-117.16917384623201, 32.71357419059053], [-117.16917394057356, 32.71352738946375], [-117.16917406280861, 32.71346699977494], [-117.16917406573192, 32.713465643532764], [-117.16917421151717, 32.713393601355016], [-117.16917421200888, 32.71339334164956], [-117.16917463010391, 32.7131868242262], [-117.16917593878523, 32.71253986039696], [-117.16917594370213, 32.712537263342654], [-117.16917595912169, 32.71252974089394], [-117.16917756006607, 32.712529733470745], [-117.16935312977236, 32.712528937001174], [-117.17007274910482, 32.71252566795274], [-117.17011873497188, 32.71252545923384], [-117.17083324087348, 32.71252423568457], [-117.17107454926975, 32.71252382150062], [-117.17107752057139, 32.712925756391144], [-117.17108082937959, 32.71337335841163], [-117.17108141769877, 32.71345293098192], [-117.17108241262109, 32.713587439172265], [-117.17098347341079, 32.71358662435118], [-117.17095418815583, 32.71358638315049], [-117.17094238359019, 32.713586285540295], [-117.17005171103642, 32.713578946314186], [-117.17005134728073, 32.71357894361736]]]}, "properties": {"block_id": "KETTNER_BL_W_F_ST", "neighborhood": "Marina", "latest_count_date": "2025-01-31", "latest_individuals": 0, "latest_tents": 0.0, "latest_vehicles": 0, "history": [{"date": "2018-01-24", "individuals": 2, "tents": 0.0, "vehicles": 0}, {"date": "2018-02-21", "individuals": 0, "tents": 0.0, "vehicles": 0}, {"date": "2019-01-31", "individuals": 0, "tents": 6.0, "vehicles": 0}, {"date": "2020-01-31", "individuals": 0, "tents": 0.0, "vehicles": 0}, {"date": "2020-02-26", "individuals": 0, "tents": 0.0, "vehicles": 0}, {"date": "2021-01-28", "individuals": 1, "tents": 0.0, "vehicles": 0}, {"date": "2021-02-25", "individuals": 1, "tents": 0.0, "vehicles": 0}, {"date": "2022-01-27", "individuals": 0, "tents": 0.0, "vehicles": 0}, {"date": "2022-03-01", "individuals": 0, "tents": 0.0, "vehicles": 0}, {"date": "2023-01-31", "individuals": 0, "tents": 0.0, "vehicles": 0}, {"date": "2024-01-25", "individuals": 0, "tents": 0.0, "vehicles": 0}, {"date": "2025-01-31", "individuals": 0, "tents": 0.0, "vehicles": 0}], "has_panel_data": true}}, {"type": "Feature", "geometry": {"type": "Polygon", "coordinates": [[[-117.17107454926975, 32.71252382150062], [-117.17083324087348, 32.71252423568457], [-117.17011873497188, 32.71252545923384], [-117.17007274910482, 32.71252566795274], [-117.16935312977236, 32.712528937001174], [-117.16917756006607, 32.712529733470745], [-117.16917595912169, 32.71252974089394], [-117.16917734441849, 32.71147392748458], [-117.16917741278378, 32.7114220786012], [-117.16919316384296, 32.711425476196084], [-117.16920894057023, 32.711428778012966], [-117.16922474514551, 32.71143198854427], [-117.16924058062745, 32.711435094241146], [-117.16925643860577, 32.71143810688887], [-117.16927232440386, 32.71144102554598], [-117.1692882315753, 32.711443845751816], [-117.16930416436752, 32.711446565671224], [-117.16932012498862, 32.711449192501725], [-117.16933609844128, 32.71145172004288], [-117.16935209649499, 32.71145415181388], [-117.16936811594061, 32.71145648693696], [-117.16938415355038, 32.71145872273087], [-117.16940021039062, 32.711460859187724], [-117.16941628543253, 32.7114628999221], [-117.16943237650521, 32.711464841343215], [-117.16944848470342, 32.711466686148164], [-117.16946460574216, 32.7114684325654], [-117.16948074494462, 32.71147007965343], [-117.16949689593976, 32.711471630164986], [-117.1694997892759, 32.7114718971505], [-117.17009357224705, 32.711475656427346], [-117.17009802992443, 32.71147568088186], [-117.17105716341018, 32.71148226396735], [-117.17107454926975, 32.71252382150062]]]}, "properties": {"block_id": "KETTNER_BL_W_G_ST", "neighborhood": "Marina", "latest_count_date": "2025-01-31", "latest_individuals": 4, "latest_tents": 0.0, "latest_vehicles": 0, "history": [{"date": "2018-01-24", "individuals": 1, "tents": 0.0, "vehicles": 0}, {"date": "2018-02-21", "individuals": 0, "tents": 0.0, "vehicles": 0}, {"date": "2019-01-31", "individuals": 0, "tents": 0.0, "vehicles": 0}, {"date": "2020-01-31", "individuals": 1, "tents": 0.0, "vehicles": 0}, {"date": "2020-02-26", "individuals": 0, "tents": 0.0, "vehicles": 0}, {"date": "2021-01-28", "individuals": 0, "tents": 0.0, "vehicles": 0}, {"date": "2021-02-25", "individuals": 0, "tents": 0.0, "vehicles": 0}, {"date": "2022-01-27", "individuals": 0, "tents": 0.0, "vehicles": 0}, {"date": "2022-03-01", "individuals": 0, "tents": 0.0, "vehicles": 0}, {"date": "2023-01-31", "individuals": 0, "tents": 0.0, "vehicles": 0}, {"date": "2024-01-25", "individuals": 0, "tents": 0.0, "vehicles": 0}, {"date": "2025-01-31", "individuals": 4, "tents": 0.0, "vehicles": 0}], "has_panel_data": true}}, {"type": "Feature", "geometry": {"type": "Polygon", "coordinates": [[[-117.16917741278378, 32.7114220786012], [-117.16917734441849, 32.71147392748458], [-117.16917595912169, 32.71252974089394], [-117.16916695171689, 32.71252977376018], [-117.16828844560943, 32.71253360388308], [-117.16799492847751, 32.71253400988539], [-117.1677616210553, 32.712534332353236], [-117.1677071348381, 32.71253440776783], [-117.16738139720752, 32.71253485728706], [-117.1673826323185, 32.71238009923555], [-117.16738279764178, 32.712359396712394], [-117.16738383728506, 32.71222900428535], [-117.16738749921461, 32.711769992124445], [-117.16738882306844, 32.71160398328174], [-117.16738889598759, 32.71159489949135], [-117.16738906976065, 32.711573164411035], [-117.16738926073286, 32.711549187472016], [-117.16738986130865, 32.71147386770252], [-117.16740610594968, 32.71147437627894], [-117.16742236052711, 32.71147460974798], [-117.16743861227978, 32.71147457181155], [-117.16745486121698, 32.711474263371265], [-117.16747110084545, 32.711473675458], [-117.16748732383057, 32.711472820750814], [-117.16750352263138, 32.71147169209178], [-117.16751969512404, 32.71147029039853], [-117.16753582852868, 32.71146861756957], [-117.16755191753111, 32.71146667544798], [-117.16756796104606, 32.71146446223831], [-117.16758394736009, 32.71146197983127], [-117.16759987436811, 32.711459230947746], [-117.16761573457612, 32.71145621293828], [-117.16763151631773, 32.71145293220197], [-117.16764721848861, 32.71144938513999], [-117.1676628357842, 32.711445574497134], [-117.16767836290917, 32.71144150391979], [-117.1676937859984, 32.7114371735111], [-117.16770910929907, 32.71143258143614], [-117.16772432009718, 32.711427735905154], [-117.16773941309737, 32.71142264056458], [-117.16775438389256, 32.71141728192105], [-117.16776922522344, 32.71141167986709], [-117.16778393063437, 32.71140582904026], [-117.1677984969443, 32.711399731267726], [-117.16781291779154, 32.711393390203924], [-117.16782718680481, 32.71138680860152], [-117.16784129974621, 32.711379989197326], [-117.16785525128283, 32.7113729320311], [-117.1678690255198, 32.711365647140305], [-117.16788263408577, 32.71135812451939], [-117.16789605899969, 32.71135037873002], [-117.1679010568242, 32.71134737299713], [-117.16790930133736, 32.71134241066602], [-117.16792235362372, 32.71133421948134], [-117.1679352084398, 32.71132580973997], [-117.1679377336703, 32.711324120016286], [-117.1679501312565, 32.711315232146326], [-117.167962388791, 32.71130621095792], [-117.1679745073121, 32.71129705373822], [-117.16798649219947, 32.711287764955955], [-117.16799832530312, 32.711278342942705], [-117.16801001417338, 32.711268795758095], [-117.16802155554494, 32.71125911711419], [-117.16803294521726, 32.71124931335457], [-117.16804418536104, 32.711239388070034], [-117.16805527058725, 32.711229335890216], [-117.168066202047, 32.71121916492241], [-117.168076979759, 32.71120887696994], [-117.16808758983014, 32.71119846943102], [-117.16809804294456, 32.711187944029724], [-117.16810833277822, 32.71117730802698], [-117.1681184582176, 32.7111665569225], [-117.16812841720484, 32.711155697945564], [-117.16813820865467, 32.71114472930081], [-117.16814783365227, 32.71113365278368], [-117.16815728477906, 32.71112247295819], [-117.1681665631015, 32.711111189816314], [-117.16817566759075, 32.71109980697282], [-117.16818459502834, 32.711088322648266], [-117.16819334655598, 32.71107674404807], [-117.16820192213628, 32.71106506756556], [-117.1682048313323, 32.711061022332366], [-117.1682183123147, 32.7110687003891], [-117.16823184170264, 32.7110763149621], [-117.16824542167608, 32.711083870543746], [-117.16825905000806, 32.711091358133146], [-117.1682727267361, 32.711098781337064], [-117.16828645510685, 32.71110614463998], [-117.16830022757922, 32.71111344088403], [-117.1683140516285, 32.71112067091537], [-117.16832792091174, 32.711127840191594], [-117.16834183427783, 32.711134940605646], [-117.16835579604924, 32.71114197753577], [-117.16836980618851, 32.71114894737516], [-117.1683838572767, 32.711155854687924], [-117.16839795777092, 32.71116269219696], [-117.16841210133781, 32.71116946626172], [-117.16842628794905, 32.71117617417715], [-117.16844051864298, 32.71118281323027], [-117.16845479454254, 32.71118938882311], [-117.16846910811616, 32.71119589469966], [-117.16848347007615, 32.71120233528874], [-117.16849787077669, 32.711208706153485], [-117.16851231241661, 32.71121501358971], [-117.16852679597784, 32.711221249474406], [-117.16854132470692, 32.71122741829209], [-117.16855588792914, 32.71123351922051], [-117.16857049205298, 32.71123955311368], [-117.16858513599315, 32.7112455181761], [-117.16859981758839, 32.71125141171874], [-117.1686145400946, 32.71125723912773], [-117.16862929814151, 32.71126299683607], [-117.16864409493807, 32.71126868572165], [-117.16865892941777, 32.7112743057924], [-117.16867380261891, 32.71127985433524], [-117.16868870393246, 32.71128533683974], [-117.16870364715759, 32.71129074689083], [-117.1687186248755, 32.71129608905258], [-117.16873363487791, 32.71130135612736], [-117.16874868578165, 32.711306556166704], [-117.16876376261756, 32.711311685675184], [-117.16877887496572, 32.71131674277789], [-117.16879402073057, 32.71132173109733], [-117.16880919988391, 32.711326647928615], [-117.16882441029256, 32.7113314932875], [-117.16883965194715, 32.71133626627241], [-117.16885492595176, 32.71134097048198], [-117.16887023118345, 32.711345600514136], [-117.16888556876512, 32.71135016177097], [-117.16890092796552, 32.71135464802027], [-117.16891631948761, 32.71135906278917], [-117.16893174226483, 32.711363406085646], [-117.16894718989792, 32.71136767795736], [-117.16896267304286, 32.711371877423154], [-117.16897817461613, 32.71137600280683], [-117.16899370531128, 32.71138005673395], [-117.16900926086221, 32.71138403923629], [-117.16902484549738, 32.71138794667531], [-117.16904045493176, 32.71139177727949], [-117.16905608927816, 32.71139554186886], [-117.16907174524295, 32.71139923145058], [-117.16908743136776, 32.71140284686264], [-117.16910313485413, 32.711406388200544], [-117.16911886423428, 32.71140985540055], [-117.16913461526082, 32.71141325029788], [-117.16915038791491, 32.71141657108913], [-117.1691661832349, 32.71141981506142], [-117.16917741278378, 32.7114220786012]]]}, "properties": {"block_id": "COLUMBIA_ST_W_G_ST", "neighborhood": "Marina", "latest_count_date": "2025-01-31", "latest_individuals": 1, "latest_tents": 0.0, "latest_vehicles": 0, "history": [{"date": "2018-01-24", "individuals": 1, "tents": 0.0, "vehicles": 0}, {"date": "2018-02-21", "individuals": 1, "tents": 0.0, "vehicles": 0}, {"date": "2019-01-31", "individuals": 1, "tents": 0.0, "vehicles": 0}, {"date": "2020-01-31", "individuals": 2, "tents": 0.0, "vehicles": 0}, {"date": "2020-02-26", "individuals": 3, "tents": 0.0, "vehicles": 0}, {"date": "2021-01-28", "individuals": 0, "tents": 0.0, "vehicles": 0}, {"date": "2021-02-25", "individuals": 0, "tents": 1.0, "vehicles": 0}, {"date": "2022-01-27", "individuals": 0, "tents": 0.0, "vehicles": 0}, {"date": "2022-03-01", "individuals": 3, "tents": 0.0, "vehicles": 0}, {"date": "2023-01-31", "individuals": 0, "tents": 1.0, "vehicles": 0}, {"date": "2024-01-25", "individuals": 0, "tents": 0.0, "vehicles": 0}, {"date": "2025-01-31", "individuals": 1, "tents": 0.0, "vehicles": 0}], "has_panel_data": true}}, {"type": "Feature", "geometry": {"type": "Polygon", "coordinates": [[[-117.16738986130865, 32.71147386770252], [-117.16738926073286, 32.711549187472016], [-117.16738906976065, 32.711573164411035], [-117.16738889598759, 32.71159489949135], [-117.16738882306844, 32.71160398328174], [-117.16738749921461, 32.711769992124445], [-117.16738383728506, 32.71222900428535], [-117.16738279764178, 32.712359396712394], [-117.1673826323185, 32.71238009923555], [-117.16738139720752, 32.71253485728706], [-117.16733014870712, 32.712535080683985], [-117.16726683282852, 32.712535356840924], [-117.16690527328151, 32.71253693449289], [-117.16649646491717, 32.71253871613339], [-117.16649309770233, 32.712538731237096], [-117.16648738078422, 32.71253875568629], [-117.16648740592859, 32.71253727574075], [-117.16648752322291, 32.71253039908604], [-117.16649490945558, 32.71209675236159], [-117.16649543924267, 32.712065740221455], [-117.16649640187069, 32.71200926688397], [-117.1664974027785, 32.71195052538085], [-117.16649989716458, 32.711804093697275], [-117.16650538210911, 32.711482117510414], [-117.16650555094944, 32.71147219709353], [-117.16738986130865, 32.71147386770252]]]}, "properties": {"block_id": "STATE_ST_W_G_ST", "neighborhood": "Marina", "latest_count_date": "2025-01-31", "latest_individuals": 0, "latest_tents": 0.0, "latest_vehicles": 0, "history": [{"date": "2018-01-24", "individuals": 0, "tents": 0.0, "vehicles": 0}, {"date": "2018-02-21", "individuals": 1, "tents": 0.0, "vehicles": 0}, {"date": "2019-01-31", "individuals": 1, "tents": 0.0, "vehicles": 0}, {"date": "2020-01-31", "individuals": 1, "tents": 0.0, "vehicles": 0}, {"date": "2020-02-26", "individuals": 0, "tents": 0.0, "vehicles": 0}, {"date": "2021-01-28", "individuals": 1, "tents": 0.0, "vehicles": 0}, {"date": "2021-02-25", "individuals": 0, "tents": 0.0, "vehicles": 0}, {"date": "2022-01-27", "individuals": 0, "tents": 1.0, "vehicles": 0}, {"date": "2022-03-01", "individuals": 0, "tents": 0.0, "vehicles": 0}, {"date": "2023-01-31", "individuals": 0, "tents": 0.0, "vehicles": 0}, {"date": "2024-01-25", "individuals": 0, "tents": 0.0, "vehicles": 0}, {"date": "2025-01-31", "individuals": 0, "tents": 0.0, "vehicles": 0}], "has_panel_data": true}}, {"type": "Feature", "geometry": {"type": "Polygon", "coordinates": [[[-117.17006559861224, 32.714598237187374], [-117.17012739245101, 32.714598439865995], [-117.17097651742745, 32.71460121677136], [-117.17108975919763, 32.71460158663668], [-117.17109511679134, 32.715313823065], [-117.17109671230496, 32.71552590728791], [-117.17109806350807, 32.715705527902614], [-117.17109811115392, 32.715711924507865], [-117.1700642454934, 32.715714144471214], [-117.17006426002918, 32.71569950996764], [-117.17006446640808, 32.71552941817221], [-117.17006547289728, 32.71470197095966], [-117.17006559772517, 32.714598867511924], [-117.17006559861224, 32.714598237187374]]]}, "properties": {"block_id": "CALIFORNIA_ST_W_BROADWAY", "neighborhood": "Columbia", "latest_count_date": "2025-01-31", "latest_individuals": 0, "latest_tents": 0.0, "latest_vehicles": 0, "history": [{"date": "2018-01-24", "individuals": 0, "tents": 0.0, "vehicles": 0}, {"date": "2018-02-21", "individuals": 0, "tents": 0.0, "vehicles": 0}, {"date": "2019-01-31", "individuals": 0, "tents": 0.0, "vehicles": 0}, {"date": "2020-01-31", "individuals": 0, "tents": 0.0, "vehicles": 0}, {"date": "2020-02-26", "individuals": 0, "tents": 0.0, "vehicles": 0}, {"date": "2021-01-28", "individuals": 0, "tents": 0.0, "vehicles": 0}, {"date": "2021-02-25", "individuals": 0, "tents": 0.0, "vehicles": 0}, {"date": "2022-01-27", "individuals": 1, "tents": 0.0, "vehicles": 0}, {"date": "2022-03-01", "individuals": 0, "tents": 0.0, "vehicles": 0}, {"date": "2023-01-31", "individuals": 0, "tents": 0.0, "vehicles": 0}, {"date": "2024-01-25", "individuals": 0, "tents": 0.0, "vehicles": 0}, {"date": "2025-01-31", "individuals": 0, "tents": 0.0, "vehicles": 0}], "has_panel_data": true}}, {"type": "Feature", "geometry": {"type": "Polygon", "coordinates": [[[-117.15647966052948, 32.71151331479945], [-117.15615372719978, 32.71151571004202], [-117.15557198141555, 32.71151998307668], [-117.15557001151089, 32.71151999754132], [-117.15556617835574, 32.71152002568743], [-117.15556617707823, 32.71151907075292], [-117.15556582756533, 32.71124387002612], [-117.15556565342295, 32.711106173623534], [-117.15556550704338, 32.71099028292271], [-117.15556530330997, 32.71083101799142], [-117.15556481673077, 32.71044571207395], [-117.15556481307675, 32.71044265700171], [-117.15556480630889, 32.71043711855716], [-117.15557124788809, 32.71043714970887], [-117.1555893448925, 32.710437236847575], [-117.15601681334128, 32.710439298421555], [-117.15646863800089, 32.71044147616646], [-117.15647397699341, 32.71096064690144], [-117.15647431397775, 32.710993415504696], [-117.15647542415859, 32.711101370118364], [-117.15647582217643, 32.71114007353401], [-117.15647888307916, 32.71143771582199], [-117.15647966052948, 32.71151331479945]]]}, "properties": {"block_id": "10TH_AV_MARKET_ST", "neighborhood": "South East Village", "latest_count_date": "2025-01-31", "latest_individuals": 0, "latest_tents": 0.0, "latest_vehicles": 0, "history": [{"date": "2018-01-24", "individuals": 1, "tents": 0.0, "vehicles": 0}, {"date": "2018-02-21", "individuals": 0, "tents": 0.0, "vehicles": 0}, {"date": "2019-01-31", "individuals": 0, "tents": 0.0, "vehicles": 0}, {"date": "2020-01-31", "individuals": 0, "tents": 0.0, "vehicles": 0}, {"date": "2020-02-26", "individuals": 0, "tents": 0.0, "vehicles": 0}, {"date": "2021-01-28", "individuals": 0, "tents": 0.0, "vehicles": 0}, {"date": "2021-02-25", "individuals": 0, "tents": 0.0, "vehicles": 0}, {"date": "2022-01-27", "individuals": 1, "tents": 0.0, "vehicles": 0}, {"date": "2022-03-01", "individuals": 1, "tents": 0.0, "vehicles": 1}, {"date": "2023-01-31", "individuals": 1, "tents": 0.0, "vehicles": 0}, {"date": "2024-01-25", "individuals": 0, "tents": 0.0, "vehicles": 0}, {"date": "2025-01-31", "individuals": 0, "tents": 0.0, "vehicles": 0}], "has_panel_data": true}}, {"type": "Feature", "geometry": {"type": "Polygon", "coordinates": [[[-117.15556617835574, 32.71152002568743], [-117.15557001151089, 32.71151999754132], [-117.15557198141555, 32.71151998307668], [-117.15615372719978, 32.71151571004202], [-117.15647966052948, 32.71151331479945], [-117.15647966967292, 32.71151389274843], [-117.15647969748323, 32.711515767264075], [-117.15648862461478, 32.712063654644766], [-117.15648929306028, 32.7121046942889], [-117.15649705284008, 32.71258106594407], [-117.15649713679319, 32.7125862214836], [-117.15649724592393, 32.71259289176349], [-117.15649729810596, 32.71259609887368], [-117.15649410580241, 32.71259611241872], [-117.15648957600074, 32.71259613218755], [-117.15647791925058, 32.712596182698356], [-117.15638251395924, 32.712596598046986], [-117.15558937723075, 32.71260004661749], [-117.15558052561434, 32.71260008546313], [-117.15558045142072, 32.71259452496983], [-117.15558042608781, 32.71259257829652], [-117.15558040437693, 32.71259098417749], [-117.15558038378823, 32.71258939546063], [-117.15556623038336, 32.711523947879584], [-117.15556617835574, 32.71152002568743]]]}, "properties": {"block_id": "10TH_AV_G_ST", "neighborhood": "East Village", "latest_count_date": "2025-01-31", "latest_individuals": 1, "latest_tents": 0.0, "latest_vehicles": 0, "history": [{"date": "2018-01-24", "individuals": 1, "tents": 0.0, "vehicles": 0}, {"date": "2018-02-21", "individuals": 0, "tents": 0.0, "vehicles": 0}, {"date": "2019-01-31", "individuals": 6, "tents": 2.0, "vehicles": 0}, {"date": "2020-01-31", "individuals": 6, "tents": 3.0, "vehicles": 0}, {"date": "2020-02-26", "individuals": 6, "tents": 7.0, "vehicles": 0}, {"date": "2021-01-28", "individuals": 5, "tents": 0.0, "vehicles": 0}, {"date": "2021-02-25", "individuals": 5, "tents": 0.0, "vehicles": 0}, {"date": "2022-01-27", "individuals": 2, "tents": 0.0, "vehicles": 0}, {"date": "2022-03-01", "individuals": 1, "tents": 0.0, "vehicles": 0}, {"date": "2023-01-31", "individuals": 0, "tents": 0.0, "vehicles": 0}, {"date": "2024-01-25", "individuals": 0, "tents": 0.0, "vehicles": 0}, {"date": "2025-01-31", "individuals": 1, "tents": 0.0, "vehicles": 0}], "has_panel_data": true}}, {"type": "Feature", "geometry": {"type": "Polygon", "coordinates": [[[-117.15556617835574, 32.71152002568743], [-117.15544505051959, 32.71151982213347], [-117.1551150347502, 32.711519265250246], [-117.15467201150263, 32.71151851753869], [-117.15466404581962, 32.71151850383171], [-117.15465261035779, 32.71151848491722], [-117.15464816802256, 32.71045209502916], [-117.15474893940075, 32.71045044863493], [-117.15556056938442, 32.710437188443144], [-117.15556116125285, 32.71043717868674], [-117.15556224474521, 32.71043716081166], [-117.15556480630889, 32.71043711855716], [-117.15556481307675, 32.71044265700171], [-117.15556481673077, 32.71044571207395], [-117.15556530330997, 32.71083101799142], [-117.15556550704338, 32.71099028292271], [-117.15556565342295, 32.711106173623534], [-117.15556582756533, 32.71124387002612], [-117.15556617707823, 32.71151907075292], [-117.15556617835574, 32.71152002568743]]]}, "properties": {"block_id": "11TH_AV_MARKET_ST", "neighborhood": "South East Village", "latest_count_date": "2025-01-31", "latest_individuals": 0, "latest_tents": 0.0, "latest_vehicles": 0, "history": [{"date": "2018-01-24", "individuals": 0, "tents": 0.0, "vehicles": 0}, {"date": "2018-02-21", "individuals": 0, "tents": 0.0, "vehicles": 0}, {"date": "2019-01-31", "individuals": 2, "tents": 0.0, "vehicles": 0}, {"date": "2020-01-31", "individuals": 3, "tents": 0.0, "vehicles": 0}, {"date": "2020-02-26", "individuals": 3, "tents": 0.0, "vehicles": 0}, {"date": "2021-01-28", "individuals": 1, "tents": 0.0, "vehicles": 0}, {"date": "2021-02-25", "individuals": 0, "tents": 0.0, "vehicles": 0}, {"date": "2022-01-27", "individuals": 4, "tents": 0.0, "vehicles": 0}, {"date": "2022-03-01", "individuals": 0, "tents": 0.0, "vehicles": 0}, {"date": "2023-01-31", "individuals": 0, "tents": 0.0, "vehicles": 0}, {"date": "2024-01-25", "individuals": 0, "tents": 0.0, "vehicles": 0}, {"date": "2025-01-31", "individuals": 0, "tents": 0.0, "vehicles": 0}], "has_panel_data": true}}, {"type": "Feature", "geometry": {"type": "Polygon", "coordinates": [[[-117.15465261035779, 32.71151848491722], [-117.15466404581962, 32.71151850383171], [-117.15467201150263, 32.71151851753869], [-117.1551150347502, 32.711519265250246], [-117.15544505051959, 32.71151982213347], [-117.15556617835574, 32.71152002568743], [-117.15556623038336, 32.711523947879584], [-117.15558038378823, 32.71258939546063], [-117.15558040437693, 32.71259098417749], [-117.15558042608781, 32.71259257829652], [-117.15558045142072, 32.71259452496983], [-117.15558052561434, 32.71260008546313], [-117.15557859935875, 32.712600094196766], [-117.1555700495776, 32.71260013082529], [-117.1555693157686, 32.71260013440994], [-117.15467025369911, 32.71260401755282], [-117.1546546172282, 32.71164200422068], [-117.15465280492232, 32.71153047935209], [-117.15465261035779, 32.71151848491722]]]}, "properties": {"block_id": "11TH_AV_G_ST", "neighborhood": "East Village", "latest_count_date": "2025-01-31", "latest_individuals": 0, "latest_tents": 0.0, "latest_vehicles": 0, "history": [{"date": "2018-01-24", "individuals": 0, "tents": 0.0, "vehicles": 0}, {"date": "2018-02-21", "individuals": 2, "tents": 0.0, "vehicles": 0}, {"date": "2019-01-31", "individuals": 9, "tents": 1.0, "vehicles": 0}, {"date": "2020-01-31", "individuals": 0, "tents": 0.0, "vehicles": 0}, {"date": "2020-02-26", "individuals": 0, "tents": 0.0, "vehicles": 0}, {"date": "2021-01-28", "individuals": 0, "tents": 1.0, "vehicles": 0}, {"date": "2021-02-25", "individuals": 0, "tents": 0.0, "vehicles": 0}, {"date": "2022-01-27", "individuals": 1, "tents": 0.0, "vehicles": 0}, {"date": "2022-03-01", "individuals": 0, "tents": 0.0, "vehicles": 0}, {"date": "2023-01-31", "individuals": 2, "tents": 0.0, "vehicles": 0}, {"date": "2024-01-25", "individuals": 0, "tents": 0.0, "vehicles": 0}, {"date": "2025-01-31", "individuals": 0, "tents": 0.0, "vehicles": 0}], "has_panel_data": true}}, {"type": "Feature", "geometry": {"type": "Polygon", "coordinates": [[[-117.16917150403181, 32.71459665574537], [-117.16918072574401, 32.71459669612776], [-117.16981896222084, 32.71459949885631], [-117.16993574420106, 32.71459904894288], [-117.16994886009054, 32.71459896734149], [-117.16996990394523, 32.71459883471739], [-117.17006559861224, 32.714598237187374], [-117.17006559772517, 32.714598867511924], [-117.17006547289728, 32.71470197095966], [-117.17006446640808, 32.71552941817221], [-117.17006426002918, 32.71569950996764], [-117.1700642421235, 32.71571414447845], [-117.1691669139385, 32.71571533825714], [-117.1691670166964, 32.715690312338445], [-117.16917101069923, 32.714716790432284], [-117.16917149095667, 32.71459980021817], [-117.16917150403181, 32.71459665574537]]]}, "properties": {"block_id": "KETTNER_BL_W_BROADWAY", "neighborhood": "Columbia", "latest_count_date": "2025-01-31", "latest_individuals": 0, "latest_tents": 0.0, "latest_vehicles": 0, "history": [{"date": "2018-01-24", "individuals": 0, "tents": 0.0, "vehicles": 0}, {"date": "2018-02-21", "individuals": 0, "tents": 1.0, "vehicles": 0}, {"date": "2019-01-31", "individuals": 0, "tents": 0.0, "vehicles": 0}, {"date": "2020-01-31", "individuals": 0, "tents": 0.0, "vehicles": 0}, {"date": "2020-02-26", "individuals": 0, "tents": 0.0, "vehicles": 0}, {"date": "2021-01-28", "individuals": 2, "tents": 0.0, "vehicles": 0}, {"date": "2021-02-25", "individuals": 0, "tents": 0.0, "vehicles": 0}, {"date": "2022-01-27", "individuals": 0, "tents": 0.0, "vehicles": 0}, {"date": "2022-03-01", "individuals": 0, "tents": 0.0, "vehicles": 0}, {"date": "2023-01-31", "individuals": 0, "tents": 0.0, "vehicles": 0}, {"date": "2024-01-25", "individuals": 0, "tents": 0.0, "vehicles": 0}, {"date": "2025-01-31", "individuals": 0, "tents": 0.0, "vehicles": 0}], "has_panel_data": true}}, {"type": "Feature", "geometry": {"type": "Polygon", "coordinates": [[[-117.15561956508681, 32.717817438874626], [-117.15562622063823, 32.71853681819402], [-117.1556266498283, 32.7185832601333], [-117.15562876475924, 32.71887733492674], [-117.15533941631693, 32.71887945918102], [-117.15533861954287, 32.71887946502962], [-117.15530040318659, 32.718879745544335], [-117.1547249019681, 32.718878468671704], [-117.15472283050248, 32.718589893286186], [-117.15471587918117, 32.71820823538424], [-117.15470886297031, 32.71782305576073], [-117.15498608169958, 32.71782134659034], [-117.15522562377656, 32.71781986914509], [-117.1555122853757, 32.71781810030647], [-117.15561956508681, 32.717817438874626]]]}, "properties": {"block_id": "11TH_AV_A_ST", "neighborhood": "City Center", "latest_count_date": "2025-01-31", "latest_individuals": 3, "latest_tents": 1.0, "latest_vehicles": 0, "history": [{"date": "2018-01-24", "individuals": 6, "tents": 0.0, "vehicles": 0}, {"date": "2018-02-21", "individuals": 8, "tents": 0.0, "vehicles": 0}, {"date": "2019-01-31", "individuals": 1, "tents": 0.0, "vehicles": 0}, {"date": "2020-01-31", "individuals": 0, "tents": 0.0, "vehicles": 0}, {"date": "2020-02-26", "individuals": 2, "tents": 0.0, "vehicles": 0}, {"date": "2021-01-28", "individuals": 3, "tents": 0.0, "vehicles": 0}, {"date": "2021-02-25", "individuals": 1, "tents": 0.0, "vehicles": 0}, {"date": "2022-01-27", "individuals": 4, "tents": 0.0, "vehicles": 0}, {"date": "2022-03-01", "individuals": 4, "tents": 0.0, "vehicles": 0}, {"date": "2023-01-31", "individuals": 1, "tents": 0.0, "vehicles": 0}, {"date": "2024-01-25", "individuals": 3, "tents": 0.0, "vehicles": 0}, {"date": "2025-01-31", "individuals": 3, "tents": 1.0, "vehicles": 0}], "has_panel_data": true}}, {"type": "Feature", "geometry": {"type": "Polygon", "coordinates": [[[-117.15562876475924, 32.71887733492674], [-117.1556266498283, 32.7185832601333], [-117.15562622063823, 32.71853681819402], [-117.15561956508681, 32.717817438874626], [-117.15654127826718, 32.7178206994437], [-117.15654905181417, 32.71857648377208], [-117.15655210472727, 32.71887330018584], [-117.15562876475924, 32.71887733492674]]]}, "properties": {"block_id": "10TH_AV_A_ST", "neighborhood": "City Center", "latest_count_date": "2025-01-31", "latest_individuals": 0, "latest_tents": 0.0, "latest_vehicles": 0, "history": [{"date": "2018-01-24", "individuals": 0, "tents": 0.0, "vehicles": 0}, {"date": "2018-02-21", "individuals": 5, "tents": 0.0, "vehicles": 0}, {"date": "2019-01-31", "individuals": 1, "tents": 0.0, "vehicles": 0}, {"date": "2020-01-31", "individuals": 0, "tents": 0.0, "vehicles": 0}, {"date": "2020-02-26", "individuals": 0, "tents": 0.0, "vehicles": 0}, {"date": "2021-01-28", "individuals": 0, "tents": 0.0, "vehicles": 0}, {"date": "2021-02-25", "individuals": 1, "tents": 0.0, "vehicles": 0}, {"date": "2022-01-27", "individuals": 1, "tents": 0.0, "vehicles": 0}, {"date": "2022-03-01", "individuals": 0, "tents": 0.0, "vehicles": 0}, {"date": "2023-01-31", "individuals": 0, "tents": 0.0, "vehicles": 0}, {"date": "2024-01-25", "individuals": 0, "tents": 0.0, "vehicles": 0}, {"date": "2025-01-31", "individuals": 0, "tents": 0.0, "vehicles": 0}], "has_panel_data": true}}, {"type": "Feature", "geometry": {"type": "Polygon", "coordinates": [[[-117.1547064593619, 32.716765000851375], [-117.15470647689831, 32.71677273676095], [-117.15470649660783, 32.71678161966942], [-117.15470674579083, 32.71689121547358], [-117.15470703109811, 32.71701659328845], [-117.15470886297031, 32.71782305576073], [-117.1538070224893, 32.71782977234577], [-117.15379294974105, 32.71677444691484], [-117.15379879243643, 32.7167743869665], [-117.15462010103792, 32.71676589399369], [-117.15463662866227, 32.716765723172], [-117.15468601207951, 32.71676521215666], [-117.15470091210852, 32.71676505777379], [-117.1547064593619, 32.716765000851375]]]}, "properties": {"block_id": "PARK_BL_B_ST", "neighborhood": "City Center", "latest_count_date": "2025-01-31", "latest_individuals": 10, "latest_tents": 1.0, "latest_vehicles": 0, "history": [{"date": "2018-01-24", "individuals": 2, "tents": 0.0, "vehicles": 0}, {"date": "2018-02-21", "individuals": 1, "tents": 0.0, "vehicles": 0}, {"date": "2019-01-31", "individuals": 7, "tents": 2.0, "vehicles": 0}, {"date": "2020-01-31", "individuals": 1, "tents": 0.0, "vehicles": 0}, {"date": "2020-02-26", "individuals": 4, "tents": 0.0, "vehicles": 0}, {"date": "2021-01-28", "individuals": 5, "tents": 0.0, "vehicles": 0}, {"date": "2021-02-25", "individuals": 3, "tents": 0.0, "vehicles": 0}, {"date": "2022-01-27", "individuals": 2, "tents": 0.0, "vehicles": 0}, {"date": "2022-03-01", "individuals": 4, "tents": 4.0, "vehicles": 0}, {"date": "2023-01-31", "individuals": 0, "tents": 0.0, "vehicles": 0}, {"date": "2024-01-25", "individuals": 5, "tents": 0.0, "vehicles": 0}, {"date": "2025-01-31", "individuals": 10, "tents": 1.0, "vehicles": 0}], "has_panel_data": true}}, {"type": "Feature", "geometry": {"type": "Polygon", "coordinates": [[[-117.15470886297031, 32.71782305576073], [-117.15470703109811, 32.71701659328845], [-117.15470674579083, 32.71689121547358], [-117.15470649660783, 32.71678161966942], [-117.15470647689831, 32.71677273676095], [-117.1547064593619, 32.716765000851375], [-117.15471489461304, 32.71676499037457], [-117.15561355146895, 32.716763840665436], [-117.15561956508681, 32.717817438874626], [-117.1555122853757, 32.71781810030647], [-117.15522562377656, 32.71781986914509], [-117.15498608169958, 32.71782134659034], [-117.15470886297031, 32.71782305576073]]]}, "properties": {"block_id": "11TH_AV_B_ST", "neighborhood": "City Center", "latest_count_date": "2025-01-31", "latest_individuals": 0, "latest_tents": 0.0, "latest_vehicles": 0, "history": [{"date": "2018-01-24", "individuals": 2, "tents": 0.0, "vehicles": 0}, {"date": "2018-02-21", "individuals": 7, "tents": 0.0, "vehicles": 0}, {"date": "2019-01-31", "individuals": 0, "tents": 1.0, "vehicles": 0}, {"date": "2020-01-31", "individuals": 4, "tents": 0.0, "vehicles": 0}, {"date": "2020-02-26", "individuals": 5, "tents": 0.0, "vehicles": 0}, {"date": "2021-01-28", "individuals": 4, "tents": 0.0, "vehicles": 0}, {"date": "2021-02-25", "individuals": 6, "tents": 0.0, "vehicles": 0}, {"date": "2022-01-27", "individuals": 1, "tents": 1.0, "vehicles": 0}, {"date": "2022-03-01", "individuals": 0, "tents": 4.0, "vehicles": 0}, {"date": "2023-01-31", "individuals": 0, "tents": 13.0, "vehicles": 0}, {"date": "2024-01-25", "individuals": 1, "tents": 0.0, "vehicles": 0}, {"date": "2025-01-31", "individuals": 0, "tents": 0.0, "vehicles": 0}], "has_panel_data": true}}, {"type": "Feature", "geometry": {"type": "Polygon", "coordinates": [[[-117.16473523295409, 32.718823875346715], [-117.16444913599756, 32.71882599685991], [-117.16384768329934, 32.71883045468653], [-117.16384544113731, 32.718522638227], [-117.1638400207709, 32.717777830500374], [-117.16443829210401, 32.71778080585948], [-117.16472767388817, 32.71778224170363], [-117.16473150195496, 32.71830958722485], [-117.16473300369206, 32.71851605878472], [-117.16473523295409, 32.718823875346715]]]}, "properties": {"block_id": "01ST_AV_W_A_ST", "neighborhood": "City Center", "latest_count_date": "2025-01-31", "latest_individuals": 3, "latest_tents": 0.0, "latest_vehicles": 0, "history": [{"date": "2018-01-24", "individuals": 0, "tents": 0.0, "vehicles": 0}, {"date": "2018-02-21", "individuals": 0, "tents": 0.0, "vehicles": 0}, {"date": "2019-01-31", "individuals": 0, "tents": 0.0, "vehicles": 0}, {"date": "2020-01-31", "individuals": 0, "tents": 0.0, "vehicles": 0}, {"date": "2020-02-26", "individuals": 0, "tents": 0.0, "vehicles": 0}, {"date": "2021-01-28", "individuals": 0, "tents": 0.0, "vehicles": 0}, {"date": "2021-02-25", "individuals": 0, "tents": 0.0, "vehicles": 0}, {"date": "2022-01-27", "individuals": 0, "tents": 0.0, "vehicles": 0}, {"date": "2022-03-01", "individuals": 0, "tents": 0.0, "vehicles": 0}, {"date": "2023-01-31", "individuals": 1, "tents": 0.0, "vehicles": 0}, {"date": "2024-01-25", "individuals": 0, "tents": 0.0, "vehicles": 0}, {"date": "2025-01-31", "individuals": 3, "tents": 0.0, "vehicles": 0}], "has_panel_data": true}}, {"type": "Feature", "geometry": {"type": "Polygon", "coordinates": [[[-117.16383255788438, 32.716744444431164], [-117.1638400207709, 32.717777830500374], [-117.16384544113731, 32.718522638227], [-117.16384768329934, 32.71883045468653], [-117.16293084523045, 32.71883449592246], [-117.16202704094609, 32.718841182473206], [-117.16202674817623, 32.718536100121746], [-117.16202604442661, 32.71780224888221], [-117.16202171165921, 32.71675509987395], [-117.16291251896484, 32.71675125791681], [-117.16383255788438, 32.716744444431164]]]}, "properties": {"block_id": "03RD_AV_A_ST", "neighborhood": "City Center", "latest_count_date": "2025-01-31", "latest_individuals": 64, "latest_tents": 0.0, "latest_vehicles": 0, "history": [{"date": "2018-01-24", "individuals": 2, "tents": 0.0, "vehicles": 0}, {"date": "2018-02-21", "individuals": 0, "tents": 0.0, "vehicles": 0}, {"date": "2019-01-31", "individuals": 0, "tents": 0.0, "vehicles": 0}, {"date": "2020-01-31", "individuals": 2, "tents": 0.0, "vehicles": 0}, {"date": "2020-02-26", "individuals": 14, "tents": 0.0, "vehicles": 0}, {"date": "2021-01-28", "individuals": 19, "tents": 0.0, "vehicles": 0}, {"date": "2021-02-25", "individuals": 23, "tents": 1.0, "vehicles": 0}, {"date": "2022-01-27", "individuals": 13, "tents": 0.0, "vehicles": 0}, {"date": "2022-03-01", "individuals": 8, "tents": 0.0, "vehicles": 0}, {"date": "2023-01-31", "individuals": 43, "tents": 1.0, "vehicles": 0}, {"date": "2024-01-25", "individuals": 39, "tents": 15.0, "vehicles": 0}, {"date": "2025-01-31", "individuals": 64, "tents": 0.0, "vehicles": 0}], "has_panel_data": true}}, {"type": "Feature", "geometry": {"type": "Polygon", "coordinates": [[[-117.1638400207709, 32.717777830500374], [-117.16383255788438, 32.716744444431164], [-117.1644274943236, 32.716740034886136], [-117.1647233375479, 32.71673784108923], [-117.16472767388817, 32.71778224170363], [-117.16443829210401, 32.71778080585948], [-117.1638400207709, 32.717777830500374]]]}, "properties": {"block_id": "01ST_AV_W_B_ST", "neighborhood": "City Center", "latest_count_date": "2025-01-31", "latest_individuals": 4, "latest_tents": 1.0, "latest_vehicles": 0, "history": [{"date": "2018-01-24", "individuals": 0, "tents": 0.0, "vehicles": 0}, {"date": "2018-02-21", "individuals": 2, "tents": 0.0, "vehicles": 0}, {"date": "2019-01-31", "individuals": 7, "tents": 0.0, "vehicles": 0}, {"date": "2020-01-31", "individuals": 0, "tents": 0.0, "vehicles": 0}, {"date": "2020-02-26", "individuals": 0, "tents": 0.0, "vehicles": 0}, {"date": "2021-01-28", "individuals": 0, "tents": 0.0, "vehicles": 0}, {"date": "2021-02-25", "individuals": 0, "tents": 0.0, "vehicles": 0}, {"date": "2022-01-27", "individuals": 0, "tents": 0.0, "vehicles": 0}, {"date": "2022-03-01", "individuals": 0, "tents": 0.0, "vehicles": 0}, {"date": "2023-01-31", "individuals": 0, "tents": 0.0, "vehicles": 0}, {"date": "2024-01-25", "individuals": 0, "tents": 0.0, "vehicles": 0}, {"date": "2025-01-31", "individuals": 4, "tents": 1.0, "vehicles": 0}], "has_panel_data": true}}, {"type": "Feature", "geometry": {"type": "Polygon", "coordinates": [[[-117.15744185081007, 32.71781682530285], [-117.15654127826718, 32.7178206994437], [-117.15653990672527, 32.717630308628976], [-117.15653980172104, 32.71761563987151], [-117.15653367481508, 32.71676532653434], [-117.15743426487005, 32.71676420074896], [-117.15743448803406, 32.716795098179745], [-117.1574412848764, 32.7177383373794], [-117.15744185081007, 32.71781682530285]]]}, "properties": {"block_id": "09TH_AV_B_ST", "neighborhood": "City Center", "latest_count_date": "2025-01-31", "latest_individuals": 0, "latest_tents": 0.0, "latest_vehicles": 0, "history": [{"date": "2018-01-24", "individuals": 0, "tents": 0.0, "vehicles": 0}, {"date": "2018-02-21", "individuals": 1, "tents": 0.0, "vehicles": 1}, {"date": "2019-01-31", "individuals": 1, "tents": 0.0, "vehicles": 0}, {"date": "2020-01-31", "individuals": 0, "tents": 0.0, "vehicles": 0}, {"date": "2020-02-26", "individuals": 0, "tents": 0.0, "vehicles": 0}, {"date": "2021-01-28", "individuals": 7, "tents": 0.0, "vehicles": 0}, {"date": "2021-02-25", "individuals": 1, "tents": 0.0, "vehicles": 0}, {"date": "2022-01-27", "individuals": 1, "tents": 2.0, "vehicles": 0}, {"date": "2022-03-01", "individuals": 3, "tents": 0.0, "vehicles": 0}, {"date": "2023-01-31", "individuals": 0, "tents": 0.0, "vehicles": 0}, {"date": "2024-01-25", "individuals": 0, "tents": 0.0, "vehicles": 0}, {"date": "2025-01-31", "individuals": 0, "tents": 0.0, "vehicles": 0}], "has_panel_data": true}}, {"type": "Feature", "geometry": {"type": "Polygon", "coordinates": [[[-117.15654127826718, 32.7178206994437], [-117.15744185081007, 32.71781682530285], [-117.15744495115177, 32.718569895505944], [-117.15744618583807, 32.71886947380527], [-117.15655210472727, 32.71887330018584], [-117.15654905181417, 32.71857648377208], [-117.15654127826718, 32.7178206994437]]]}, "properties": {"block_id": "09TH_AV_A_ST", "neighborhood": "City Center", "latest_count_date": "2025-01-31", "latest_individuals": 0, "latest_tents": 0.0, "latest_vehicles": 0, "history": [{"date": "2018-01-24", "individuals": 0, "tents": 0.0, "vehicles": 0}, {"date": "2018-02-21", "individuals": 0, "tents": 0.0, "vehicles": 0}, {"date": "2019-01-31", "individuals": 3, "tents": 3.0, "vehicles": 0}, {"date": "2020-01-31", "individuals": 0, "tents": 0.0, "vehicles": 0}, {"date": "2020-02-26", "individuals": 0, "tents": 0.0, "vehicles": 0}, {"date": "2021-01-28", "individuals": 0, "tents": 0.0, "vehicles": 0}, {"date": "2021-02-25", "individuals": 0, "tents": 0.0, "vehicles": 0}, {"date": "2022-01-27", "individuals": 0, "tents": 0.0, "vehicles": 0}, {"date": "2022-03-01", "individuals": 1, "tents": 0.0, "vehicles": 0}, {"date": "2023-01-31", "individuals": 0, "tents": 0.0, "vehicles": 0}, {"date": "2024-01-25", "individuals": 0, "tents": 0.0, "vehicles": 0}, {"date": "2025-01-31", "individuals": 0, "tents": 0.0, "vehicles": 0}], "has_panel_data": true}}, {"type": "Feature", "geometry": {"type": "Polygon", "coordinates": [[[-117.16560761398696, 32.71673127959145], [-117.16566436590755, 32.716730858265], [-117.16590980131889, 32.71672903585083], [-117.16648864034923, 32.71672473590394], [-117.16648974655597, 32.717769160613805], [-117.1656021505816, 32.717770258687914], [-117.1656028597025, 32.717635308620544], [-117.16560682355546, 32.71688150486836], [-117.16560761398696, 32.71673127959145]]]}, "properties": {"block_id": "UNION_ST_W_B_ST", "neighborhood": "Columbia", "latest_count_date": "2025-01-31", "latest_individuals": 1, "latest_tents": 0.0, "latest_vehicles": 0, "history": [{"date": "2018-01-24", "individuals": 0, "tents": 0.0, "vehicles": 0}, {"date": "2018-02-21", "individuals": 0, "tents": 0.0, "vehicles": 0}, {"date": "2019-01-31", "individuals": 0, "tents": 0.0, "vehicles": 0}, {"date": "2020-01-31", "individuals": 0, "tents": 0.0, "vehicles": 0}, {"date": "2020-02-26", "individuals": 0, "tents": 0.0, "vehicles": 0}, {"date": "2021-01-28", "individuals": 0, "tents": 0.0, "vehicles": 0}, {"date": "2021-02-25", "individuals": 1, "tents": 0.0, "vehicles": 0}, {"date": "2022-01-27", "individuals": 1, "tents": 0.0, "vehicles": 0}, {"date": "2022-03-01", "individuals": 0, "tents": 0.0, "vehicles": 0}, {"date": "2023-01-31", "individuals": 1, "tents": 0.0, "vehicles": 0}, {"date": "2024-01-25", "individuals": 0, "tents": 0.0, "vehicles": 0}, {"date": "2025-01-31", "individuals": 1, "tents": 0.0, "vehicles": 0}], "has_panel_data": true}}, {"type": "Feature", "geometry": {"type": "Polygon", "coordinates": [[[-117.16827395204062, 32.71988049547914], [-117.16739608924873, 32.719881531134725], [-117.16738824121413, 32.718815164750836], [-117.16827584665005, 32.71881405653626], [-117.16827395204062, 32.71988049547914]]]}, "properties": {"block_id": "COLUMBIA_ST_W_ASH_ST", "neighborhood": "Columbia", "latest_count_date": "2025-01-31", "latest_individuals": 2, "latest_tents": 0.0, "latest_vehicles": 0, "history": [{"date": "2018-01-24", "individuals": 0, "tents": 0.0, "vehicles": 0}, {"date": "2018-02-21", "individuals": 0, "tents": 0.0, "vehicles": 0}, {"date": "2019-01-31", "individuals": 1, "tents": 0.0, "vehicles": 0}, {"date": "2020-01-31", "individuals": 1, "tents": 0.0, "vehicles": 0}, {"date": "2020-02-26", "individuals": 0, "tents": 0.0, "vehicles": 0}, {"date": "2021-01-28", "individuals": 0, "tents": 0.0, "vehicles": 0}, {"date": "2021-02-25", "individuals": 0, "tents": 0.0, "vehicles": 0}, {"date": "2022-01-27", "individuals": 0, "tents": 0.0, "vehicles": 0}, {"date": "2022-03-01", "individuals": 1, "tents": 0.0, "vehicles": 0}, {"date": "2023-01-31", "individuals": 0, "tents": 0.0, "vehicles": 0}, {"date": "2024-01-25", "individuals": 0, "tents": 0.0, "vehicles": 0}, {"date": "2025-01-31", "individuals": 2, "tents": 0.0, "vehicles": 0}], "has_panel_data": true}}, {"type": "Feature", "geometry": {"type": "Polygon", "coordinates": [[[-117.15928203665432, 32.71781151798331], [-117.15928495198513, 32.718094108627696], [-117.15928972028948, 32.71855630894054], [-117.15929283913766, 32.718858621885246], [-117.15835974510426, 32.718862748983], [-117.15835758467988, 32.71856317748792], [-117.15835290767365, 32.717914256485585], [-117.15835217646378, 32.71781287546113], [-117.15928203665432, 32.71781151798331]]]}, "properties": {"block_id": "07TH_AV_A_ST", "neighborhood": "City Center", "latest_count_date": "2025-01-31", "latest_individuals": 0, "latest_tents": 0.0, "latest_vehicles": 0, "history": [{"date": "2018-01-24", "individuals": 3, "tents": 0.0, "vehicles": 0}, {"date": "2018-02-21", "individuals": 1, "tents": 0.0, "vehicles": 0}, {"date": "2019-01-31", "individuals": 1, "tents": 0.0, "vehicles": 0}, {"date": "2020-01-31", "individuals": 2, "tents": 0.0, "vehicles": 0}, {"date": "2020-02-26", "individuals": 0, "tents": 0.0, "vehicles": 0}, {"date": "2021-01-28", "individuals": 0, "tents": 0.0, "vehicles": 0}, {"date": "2021-02-25", "individuals": 0, "tents": 0.0, "vehicles": 0}, {"date": "2022-01-27", "individuals": 3, "tents": 0.0, "vehicles": 0}, {"date": "2022-03-01", "individuals": 0, "tents": 0.0, "vehicles": 0}, {"date": "2023-01-31", "individuals": 0, "tents": 0.0, "vehicles": 0}, {"date": "2024-01-25", "individuals": 0, "tents": 0.0, "vehicles": 0}, {"date": "2025-01-31", "individuals": 0, "tents": 0.0, "vehicles": 0}], "has_panel_data": true}}, {"type": "Feature", "geometry": {"type": "Polygon", "coordinates": [[[-117.15929283913766, 32.718858621885246], [-117.15928972028948, 32.71855630894054], [-117.15928495198513, 32.718094108627696], [-117.15928203665432, 32.71781151798331], [-117.16017288313628, 32.717810444112615], [-117.16018051753733, 32.71854973841575], [-117.16018366782167, 32.71885479963718], [-117.15929283913766, 32.718858621885246]]]}, "properties": {"block_id": "06TH_AV_A_ST", "neighborhood": "City Center", "latest_count_date": "2025-01-31", "latest_individuals": 1, "latest_tents": 0.0, "latest_vehicles": 0, "history": [{"date": "2018-01-24", "individuals": 4, "tents": 0.0, "vehicles": 0}, {"date": "2018-02-21", "individuals": 8, "tents": 1.0, "vehicles": 0}, {"date": "2019-01-31", "individuals": 2, "tents": 0.0, "vehicles": 0}, {"date": "2020-01-31", "individuals": 0, "tents": 0.0, "vehicles": 0}, {"date": "2020-02-26", "individuals": 0, "tents": 0.0, "vehicles": 0}, {"date": "2021-01-28", "individuals": 0, "tents": 0.0, "vehicles": 0}, {"date": "2021-02-25", "individuals": 0, "tents": 0.0, "vehicles": 0}, {"date": "2022-01-27", "individuals": 3, "tents": 0.0, "vehicles": 0}, {"date": "2022-03-01", "individuals": 0, "tents": 0.0, "vehicles": 0}, {"date": "2023-01-31", "individuals": 0, "tents": 0.0, "vehicles": 0}, {"date": "2024-01-25", "individuals": 3, "tents": 0.0, "vehicles": 0}, {"date": "2025-01-31", "individuals": 1, "tents": 0.0, "vehicles": 0}], "has_panel_data": true}}, {"type": "Feature", "geometry": {"type": "Polygon", "coordinates": [[[-117.16648974655597, 32.717769160613805], [-117.16648869896049, 32.71829654238852], [-117.16648828701938, 32.7185030281776], [-117.16648765891163, 32.718819111516275], [-117.16560005233589, 32.71882020687028], [-117.16560067246228, 32.71850962063899], [-117.1656021505816, 32.717770258687914], [-117.16648974655597, 32.717769160613805]]]}, "properties": {"block_id": "UNION_ST_W_A_ST", "neighborhood": "Columbia", "latest_count_date": "2025-01-31", "latest_individuals": 1, "latest_tents": 0.0, "latest_vehicles": 0, "history": [{"date": "2018-01-24", "individuals": 10, "tents": 9.0, "vehicles": 0}, {"date": "2018-02-21", "individuals": 4, "tents": 4.0, "vehicles": 0}, {"date": "2019-01-31", "individuals": 1, "tents": 4.0, "vehicles": 0}, {"date": "2020-01-31", "individuals": 11, "tents": 3.0, "vehicles": 0}, {"date": "2020-02-26", "individuals": 6, "tents": 1.0, "vehicles": 0}, {"date": "2021-01-28", "individuals": 4, "tents": 3.0, "vehicles": 0}, {"date": "2021-02-25", "individuals": 1, "tents": 3.0, "vehicles": 0}, {"date": "2022-01-27", "individuals": 2, "tents": 2.0, "vehicles": 0}, {"date": "2022-03-01", "individuals": 3, "tents": 1.0, "vehicles": 0}, {"date": "2023-01-31", "individuals": 0, "tents": 1.0, "vehicles": 0}, {"date": "2024-01-25", "individuals": 2, "tents": 0.0, "vehicles": 0}, {"date": "2025-01-31", "individuals": 1, "tents": 0.0, "vehicles": 0}], "has_panel_data": true}}, {"type": "Feature", "geometry": {"type": "Polygon", "coordinates": [[[-117.16648765891163, 32.718819111516275], [-117.16648828701938, 32.7185030281776], [-117.16648869896049, 32.71829654238852], [-117.16648974655597, 32.717769160613805], [-117.1673838446643, 32.717768013199276], [-117.1673860346474, 32.71828987121411], [-117.16738690262669, 32.71849634750167], [-117.16738824121413, 32.718815164750836], [-117.16648765891163, 32.718819111516275]]]}, "properties": {"block_id": "STATE_ST_W_A_ST", "neighborhood": "Columbia", "latest_count_date": "2025-01-31", "latest_individuals": 0, "latest_tents": 0.0, "latest_vehicles": 0, "history": [{"date": "2018-01-24", "individuals": 0, "tents": 0.0, "vehicles": 0}, {"date": "2018-02-21", "individuals": 0, "tents": 0.0, "vehicles": 0}, {"date": "2019-01-31", "individuals": 0, "tents": 0.0, "vehicles": 0}, {"date": "2020-01-31", "individuals": 0, "tents": 1.0, "vehicles": 0}, {"date": "2020-02-26", "individuals": 0, "tents": 2.0, "vehicles": 0}, {"date": "2021-01-28", "individuals": 0, "tents": 0.0, "vehicles": 0}, {"date": "2021-02-25", "individuals": 0, "tents": 0.0, "vehicles": 0}, {"date": "2022-01-27", "individuals": 0, "tents": 0.0, "vehicles": 0}, {"date": "2022-03-01", "individuals": 0, "tents": 0.0, "vehicles": 0}, {"date": "2023-01-31", "individuals": 0, "tents": 0.0, "vehicles": 0}, {"date": "2024-01-25", "individuals": 0, "tents": 0.0, "vehicles": 0}, {"date": "2025-01-31", "individuals": 0, "tents": 0.0, "vehicles": 0}], "has_panel_data": true}}, {"type": "Feature", "geometry": {"type": "Polygon", "coordinates": [[[-117.1647233375479, 32.71673784108923], [-117.16560761398696, 32.71673127959145], [-117.16560682355546, 32.71688150486836], [-117.1656028597025, 32.717635308620544], [-117.1656021505816, 32.717770258687914], [-117.16472767388817, 32.71778224170363], [-117.1647233375479, 32.71673784108923]]]}, "properties": {"block_id": "FRONT_ST_W_B_ST", "neighborhood": "City Center", "latest_count_date": "2025-01-31", "latest_individuals": 0, "latest_tents": 0.0, "latest_vehicles": 0, "history": [{"date": "2018-01-24", "individuals": 0, "tents": 0.0, "vehicles": 0}, {"date": "2018-02-21", "individuals": 0, "tents": 0.0, "vehicles": 0}, {"date": "2019-01-31", "individuals": 1, "tents": 0.0, "vehicles": 0}, {"date": "2020-01-31", "individuals": 17, "tents": 2.0, "vehicles": 0}, {"date": "2020-02-26", "individuals": 16, "tents": 1.0, "vehicles": 0}, {"date": "2021-01-28", "individuals": 6, "tents": 0.0, "vehicles": 0}, {"date": "2021-02-25", "individuals": 9, "tents": 0.0, "vehicles": 0}, {"date": "2022-01-27", "individuals": 3, "tents": 6.0, "vehicles": 0}, {"date": "2022-03-01", "individuals": 3, "tents": 5.0, "vehicles": 0}, {"date": "2023-01-31", "individuals": 2, "tents": 3.0, "vehicles": 0}, {"date": "2024-01-25", "individuals": 0, "tents": 1.0, "vehicles": 0}, {"date": "2025-01-31", "individuals": 0, "tents": 0.0, "vehicles": 0}], "has_panel_data": true}}, {"type": "Feature", "geometry": {"type": "Polygon", "coordinates": [[[-117.16560005233589, 32.71882020687028], [-117.16486509096217, 32.718823325181134], [-117.16473523295409, 32.718823875346715], [-117.16473300369206, 32.71851605878472], [-117.16473150195496, 32.71830958722485], [-117.16472767388817, 32.71778224170363], [-117.1656021505816, 32.717770258687914], [-117.16560067246228, 32.71850962063899], [-117.16560005233589, 32.71882020687028]]]}, "properties": {"block_id": "FRONT_ST_W_A_ST", "neighborhood": "City Center", "latest_count_date": "2025-01-31", "latest_individuals": 1, "latest_tents": 0.0, "latest_vehicles": 0, "history": [{"date": "2018-01-24", "individuals": 0, "tents": 0.0, "vehicles": 0}, {"date": "2018-02-21", "individuals": 0, "tents": 0.0, "vehicles": 0}, {"date": "2019-01-31", "individuals": 2, "tents": 0.0, "vehicles": 0}, {"date": "2020-01-31", "individuals": 8, "tents": 2.0, "vehicles": 0}, {"date": "2020-02-26", "individuals": 8, "tents": 2.0, "vehicles": 0}, {"date": "2021-01-28", "individuals": 6, "tents": 1.0, "vehicles": 0}, {"date": "2021-02-25", "individuals": 3, "tents": 3.0, "vehicles": 0}, {"date": "2022-01-27", "individuals": 4, "tents": 2.0, "vehicles": 0}, {"date": "2022-03-01", "individuals": 7, "tents": 3.0, "vehicles": 0}, {"date": "2023-01-31", "individuals": 3, "tents": 4.0, "vehicles": 0}, {"date": "2024-01-25", "individuals": 0, "tents": 0.0, "vehicles": 0}, {"date": "2025-01-31", "individuals": 1, "tents": 0.0, "vehicles": 0}], "has_panel_data": true}}, {"type": "Feature", "geometry": {"type": "Polygon", "coordinates": [[[-117.16827584665005, 32.71881405653626], [-117.16917587083474, 32.718810496737575], [-117.16917574183694, 32.71985627001058], [-117.16827395204062, 32.71988049547914], [-117.16827584665005, 32.71881405653626]]]}, "properties": {"block_id": "INDIA_ST_W_ASH_ST", "neighborhood": "Columbia", "latest_count_date": "2025-01-31", "latest_individuals": 1, "latest_tents": 0.0, "latest_vehicles": 0, "history": [{"date": "2018-01-24", "individuals": 0, "tents": 0.0, "vehicles": 0}, {"date": "2018-02-21", "individuals": 0, "tents": 1.0, "vehicles": 0}, {"date": "2019-01-31", "individuals": 0, "tents": 0.0, "vehicles": 0}, {"date": "2020-01-31", "individuals": 1, "tents": 1.0, "vehicles": 0}, {"date": "2020-02-26", "individuals": 2, "tents": 0.0, "vehicles": 0}, {"date": "2021-01-28", "individuals": 1, "tents": 0.0, "vehicles": 0}, {"date": "2021-02-25", "individuals": 0, "tents": 0.0, "vehicles": 0}, {"date": "2022-01-27", "individuals": 0, "tents": 0.0, "vehicles": 0}, {"date": "2022-03-01", "individuals": 1, "tents": 0.0, "vehicles": 0}, {"date": "2023-01-31", "individuals": 1, "tents": 0.0, "vehicles": 0}, {"date": "2024-01-25", "individuals": 0, "tents": 0.0, "vehicles": 0}, {"date": "2025-01-31", "individuals": 1, "tents": 0.0, "vehicles": 0}], "has_panel_data": true}}, {"type": "Feature", "geometry": {"type": "Polygon", "coordinates": [[[-117.16917587083474, 32.718810496737575], [-117.16827584665005, 32.71881405653626], [-117.16827649657432, 32.718489727446666], [-117.16827794165448, 32.717766856606204], [-117.16916553438921, 32.717765742005], [-117.16916633677886, 32.71848309913921], [-117.16917587083474, 32.718810496737575]]]}, "properties": {"block_id": "INDIA_ST_W_A_ST", "neighborhood": "Columbia", "latest_count_date": "2025-01-31", "latest_individuals": 0, "latest_tents": 1.0, "latest_vehicles": 0, "history": [{"date": "2018-01-24", "individuals": 1, "tents": 0.0, "vehicles": 0}, {"date": "2018-02-21", "individuals": 0, "tents": 0.0, "vehicles": 0}, {"date": "2019-01-31", "individuals": 5, "tents": 0.0, "vehicles": 0}, {"date": "2020-01-31", "individuals": 0, "tents": 0.0, "vehicles": 0}, {"date": "2020-02-26", "individuals": 0, "tents": 0.0, "vehicles": 0}, {"date": "2021-01-28", "individuals": 0, "tents": 0.0, "vehicles": 0}, {"date": "2021-02-25", "individuals": 0, "tents": 0.0, "vehicles": 0}, {"date": "2022-01-27", "individuals": 1, "tents": 0.0, "vehicles": 0}, {"date": "2022-03-01", "individuals": 2, "tents": 0.0, "vehicles": 0}, {"date": "2023-01-31", "individuals": 0, "tents": 0.0, "vehicles": 0}, {"date": "2024-01-25", "individuals": 0, "tents": 0.0, "vehicles": 0}, {"date": "2025-01-31", "individuals": 0, "tents": 1.0, "vehicles": 0}], "has_panel_data": true}}, {"type": "Feature", "geometry": {"type": "Polygon", "coordinates": [[[-117.16917574183694, 32.71985627001058], [-117.16917587083474, 32.718810496737575], [-117.1697840450211, 32.71881045979034], [-117.17006116891392, 32.71881162209251], [-117.17006872011837, 32.71891360141442], [-117.17008166903761, 32.71987526907861], [-117.16996462846829, 32.71987614212063], [-117.16917574183694, 32.71985627001058]]]}, "properties": {"block_id": "KETTNER_BL_W_ASH_ST", "neighborhood": "Columbia", "latest_count_date": "2025-01-31", "latest_individuals": 0, "latest_tents": 0.0, "latest_vehicles": 0, "history": [{"date": "2018-01-24", "individuals": 0, "tents": 0.0, "vehicles": 0}, {"date": "2018-02-21", "individuals": 0, "tents": 0.0, "vehicles": 0}, {"date": "2019-01-31", "individuals": 0, "tents": 0.0, "vehicles": 0}, {"date": "2020-01-31", "individuals": 0, "tents": 0.0, "vehicles": 0}, {"date": "2020-02-26", "individuals": 0, "tents": 0.0, "vehicles": 0}, {"date": "2021-01-28", "individuals": 0, "tents": 0.0, "vehicles": 0}, {"date": "2021-02-25", "individuals": 0, "tents": 0.0, "vehicles": 0}, {"date": "2022-01-27", "individuals": 1, "tents": 0.0, "vehicles": 0}, {"date": "2022-03-01", "individuals": 0, "tents": 1.0, "vehicles": 0}, {"date": "2023-01-31", "individuals": 0, "tents": 0.0, "vehicles": 0}, {"date": "2024-01-25", "individuals": 0, "tents": 0.0, "vehicles": 0}, {"date": "2025-01-31", "individuals": 0, "tents": 0.0, "vehicles": 0}], "has_panel_data": true}}, {"type": "Feature", "geometry": {"type": "Polygon", "coordinates": [[[-117.1700642454934, 32.715714144471214], [-117.17006116891392, 32.71881162209251], [-117.1697840450211, 32.71881045979034], [-117.16917587083474, 32.718810496737575], [-117.16916633677886, 32.71848309913921], [-117.16916553438921, 32.717765742005], [-117.16916663339069, 32.71716647461549], [-117.16916747869608, 32.716704800579706], [-117.1691669139385, 32.71571533825714], [-117.1700642421235, 32.71571414447845], [-117.1700642454934, 32.715714144471214]]]}, "properties": {"block_id": "KETTNER_BL_W_A_ST", "neighborhood": "Columbia", "latest_count_date": "2025-01-31", "latest_individuals": 5, "latest_tents": 0.0, "latest_vehicles": 0, "history": [{"date": "2018-01-24", "individuals": 5, "tents": 0.0, "vehicles": 0}, {"date": "2018-02-21", "individuals": 6, "tents": 0.0, "vehicles": 0}, {"date": "2019-01-31", "individuals": 0, "tents": 0.0, "vehicles": 0}, {"date": "2020-01-31", "individuals": 1, "tents": 0.0, "vehicles": 0}, {"date": "2020-02-26", "individuals": 4, "tents": 0.0, "vehicles": 0}, {"date": "2021-01-28", "individuals": 2, "tents": 2.0, "vehicles": 0}, {"date": "2021-02-25", "individuals": 0, "tents": 0.0, "vehicles": 0}, {"date": "2022-01-27", "individuals": 6, "tents": 1.0, "vehicles": 0}, {"date": "2022-03-01", "individuals": 7, "tents": 0.0, "vehicles": 0}, {"date": "2023-01-31", "individuals": 7, "tents": 0.0, "vehicles": 0}, {"date": "2024-01-25", "individuals": 3, "tents": 0.0, "vehicles": 0}, {"date": "2025-01-31", "individuals": 5, "tents": 0.0, "vehicles": 0}], "has_panel_data": true}}, {"type": "Feature", "geometry": {"type": "Polygon", "coordinates": [[[-117.17006116891392, 32.71881162209251], [-117.1700642454934, 32.715714144471214], [-117.17109811115392, 32.715711924507865], [-117.17110606299255, 32.71672934714983], [-117.17110775577497, 32.7169459366619], [-117.17110764229957, 32.71695967735981], [-117.17110751605307, 32.716973420858366], [-117.17110737377915, 32.716987161771335], [-117.1711072144395, 32.71700090281184], [-117.17110704336713, 32.71701464393991], [-117.17110685522896, 32.71702838519546], [-117.17110665749125, 32.7170421265227], [-117.17110643628804, 32.71705586802519], [-117.17110620332383, 32.71706960691029], [-117.17110595652198, 32.71708334860401], [-117.17110569369254, 32.71709708771216], [-117.17110541489222, 32.717110829644824], [-117.17110512219757, 32.71712456897602], [-117.17110481457033, 32.717138308418825], [-117.1711044930771, 32.717152047965094], [-117.1711041523847, 32.7171657876548], [-117.17110379779807, 32.71717952474302], [-117.17110343150686, 32.7171932646239], [-117.17110304814037, 32.71720700373055], [-117.17110264872746, 32.71722073844828], [-117.17110223657166, 32.717234478671706], [-117.17110180729341, 32.71724821361259], [-117.17110136311076, 32.71726195136995], [-117.17110090826185, 32.71727568920697], [-117.17110043101393, 32.7172894272113], [-117.17109994304325, 32.71730315988526], [-117.17109944015867, 32.71731689447407], [-117.1710989202176, 32.71733063009199], [-117.171098387477, 32.7173443658055], [-117.17109783550895, 32.717358098957426], [-117.17109727290288, 32.71737183489401], [-117.17109669532637, 32.71738556733541], [-117.1710961006933, 32.71739930080597], [-117.17109549323243, 32.717413031667064], [-117.17109486553397, 32.71742676538456], [-117.17109422927416, 32.71744049646071], [-117.17109357273905, 32.717454226786586], [-117.17109290341381, 32.71746795810971], [-117.17109222126074, 32.71748168682339], [-117.17109152203226, 32.71749541476288], [-117.17109080788028, 32.71750914371557], [-117.17109007666235, 32.7175228727957], [-117.17108933263533, 32.71753660106973], [-117.17108857155169, 32.7175503303729], [-117.17108779867851, 32.71756405435365], [-117.17108700875814, 32.717577780265174], [-117.17108620281942, 32.717591504492894], [-117.1710853840811, 32.717605228816176], [-117.17108454829548, 32.71761895507022], [-117.17108370072972, 32.71763267690354], [-117.17108283608847, 32.71764639796268], [-117.17108195545708, 32.71766012004291], [-117.17108106095003, 32.71767384132503], [-117.17108015151948, 32.717687563620366], [-117.17107922498512, 32.717701282436465], [-117.17107828566043, 32.71771500224978], [-117.17107733349843, 32.717728718552024], [-117.17107636107978, 32.7177424359073], [-117.17107537374707, 32.71775615517741], [-117.17107437570074, 32.71776987001879], [-117.17107336167373, 32.71778358678301], [-117.17107233053339, 32.71779729916631], [-117.17107128447894, 32.71781101346449], [-117.17107022455815, 32.71782472786621], [-117.17106914859059, 32.71783843787902], [-117.17106525098119, 32.71788887439287], [-117.17104905495107, 32.71846905384501], [-117.17104264337928, 32.71880442009635], [-117.17102130420719, 32.719873753044325], [-117.17008166903761, 32.71987526907861], [-117.17006872011837, 32.71891360141442], [-117.17006116891392, 32.71881162209251]]]}, "properties": {"block_id": "CALIFORNIA_ST_W_ASH_ST", "neighborhood": "Columbia", "latest_count_date": "2025-01-31", "latest_individuals": 1, "latest_tents": 0.0, "latest_vehicles": 0, "history": [{"date": "2018-01-24", "individuals": 0, "tents": 0.0, "vehicles": 0}, {"date": "2018-02-21", "individuals": 0, "tents": 1.0, "vehicles": 0}, {"date": "2019-01-31", "individuals": 0, "tents": 0.0, "vehicles": 0}, {"date": "2020-01-31", "individuals": 0, "tents": 0.0, "vehicles": 0}, {"date": "2020-02-26", "individuals": 1, "tents": 0.0, "vehicles": 0}, {"date": "2021-01-28", "individuals": 1, "tents": 0.0, "vehicles": 0}, {"date": "2021-02-25", "individuals": 1, "tents": 0.0, "vehicles": 0}, {"date": "2022-01-27", "individuals": 1, "tents": 0.0, "vehicles": 0}, {"date": "2022-03-01", "individuals": 1, "tents": 0.0, "vehicles": 0}, {"date": "2023-01-31", "individuals": 0, "tents": 0.0, "vehicles": 0}, {"date": "2024-01-25", "individuals": 1, "tents": 0.0, "vehicles": 0}, {"date": "2025-01-31", "individuals": 1, "tents": 0.0, "vehicles": 0}], "has_panel_data": true}}, {"type": "Feature", "geometry": {"type": "Polygon", "coordinates": [[[-117.16739608924873, 32.719881531134725], [-117.16648896524445, 32.71988278068078], [-117.16648765891163, 32.718819111516275], [-117.16738824121413, 32.718815164750836], [-117.16739608924873, 32.719881531134725]]]}, "properties": {"block_id": "STATE_ST_W_ASH_ST", "neighborhood": "Columbia", "latest_count_date": "2025-01-31", "latest_individuals": 0, "latest_tents": 0.0, "latest_vehicles": 0, "history": [{"date": "2018-01-24", "individuals": 0, "tents": 0.0, "vehicles": 0}, {"date": "2018-02-21", "individuals": 3, "tents": 5.0, "vehicles": 0}, {"date": "2019-01-31", "individuals": 4, "tents": 1.0, "vehicles": 0}, {"date": "2020-01-31", "individuals": 1, "tents": 0.0, "vehicles": 0}, {"date": "2020-02-26", "individuals": 0, "tents": 0.0, "vehicles": 0}, {"date": "2021-01-28", "individuals": 0, "tents": 0.0, "vehicles": 0}, {"date": "2021-02-25", "individuals": 3, "tents": 0.0, "vehicles": 0}, {"date": "2022-01-27", "individuals": 0, "tents": 0.0, "vehicles": 0}, {"date": "2022-03-01", "individuals": 0, "tents": 0.0, "vehicles": 0}, {"date": "2023-01-31", "individuals": 1, "tents": 1.0, "vehicles": 0}, {"date": "2024-01-25", "individuals": 0, "tents": 0.0, "vehicles": 0}, {"date": "2025-01-31", "individuals": 0, "tents": 0.0, "vehicles": 0}], "has_panel_data": true}}, {"type": "Feature", "geometry": {"type": "Polygon", "coordinates": [[[-117.16016532134155, 32.716763316325505], [-117.16108866843061, 32.716761995914915], [-117.16109949221978, 32.71780909692437], [-117.16017288313628, 32.717810444112615], [-117.16016532134155, 32.716763316325505]]]}, "properties": {"block_id": "05TH_AV_B_ST", "neighborhood": "City Center", "latest_count_date": "2025-01-31", "latest_individuals": 2, "latest_tents": 0.0, "latest_vehicles": 0, "history": [{"date": "2018-01-24", "individuals": 10, "tents": 1.0, "vehicles": 0}, {"date": "2018-02-21", "individuals": 0, "tents": 0.0, "vehicles": 0}, {"date": "2019-01-31", "individuals": 2, "tents": 0.0, "vehicles": 0}, {"date": "2020-01-31", "individuals": 28, "tents": 0.0, "vehicles": 0}, {"date": "2020-02-26", "individuals": 1, "tents": 0.0, "vehicles": 0}, {"date": "2021-01-28", "individuals": 4, "tents": 0.0, "vehicles": 0}, {"date": "2021-02-25", "individuals": 1, "tents": 0.0, "vehicles": 0}, {"date": "2022-01-27", "individuals": 1, "tents": 0.0, "vehicles": 0}, {"date": "2022-03-01", "individuals": 0, "tents": 0.0, "vehicles": 0}, {"date": "2023-01-31", "individuals": 1, "tents": 0.0, "vehicles": 0}, {"date": "2024-01-25", "individuals": 0, "tents": 0.0, "vehicles": 0}, {"date": "2025-01-31", "individuals": 2, "tents": 0.0, "vehicles": 0}], "has_panel_data": true}}, {"type": "Feature", "geometry": {"type": "Polygon", "coordinates": [[[-117.15469907542366, 32.7157288650595], [-117.15469913724291, 32.715737589854136], [-117.1547064593619, 32.716765000851375], [-117.15470091210852, 32.71676505777379], [-117.15468601207951, 32.71676521215666], [-117.15463662866227, 32.716765723172], [-117.15462010103792, 32.71676589399369], [-117.15379879243643, 32.7167743869665], [-117.15379294974105, 32.71677444691484], [-117.15378552015157, 32.715732811761974], [-117.15469907542366, 32.7157288650595]]]}, "properties": {"block_id": "PARK_BL_C_ST", "neighborhood": "City Center", "latest_count_date": "2025-01-31", "latest_individuals": 16, "latest_tents": 0.0, "latest_vehicles": 0, "history": [{"date": "2018-01-24", "individuals": 4, "tents": 0.0, "vehicles": 0}, {"date": "2018-02-21", "individuals": 5, "tents": 0.0, "vehicles": 0}, {"date": "2019-01-31", "individuals": 2, "tents": 0.0, "vehicles": 0}, {"date": "2020-01-31", "individuals": 5, "tents": 0.0, "vehicles": 0}, {"date": "2020-02-26", "individuals": 4, "tents": 0.0, "vehicles": 0}, {"date": "2021-01-28", "individuals": 6, "tents": 0.0, "vehicles": 0}, {"date": "2021-02-25", "individuals": 1, "tents": 0.0, "vehicles": 0}, {"date": "2022-01-27", "individuals": 6, "tents": 0.0, "vehicles": 0}, {"date": "2022-03-01", "individuals": 9, "tents": 0.0, "vehicles": 0}, {"date": "2023-01-31", "individuals": 2, "tents": 0.0, "vehicles": 0}, {"date": "2024-01-25", "individuals": 15, "tents": 0.0, "vehicles": 0}, {"date": "2025-01-31", "individuals": 16, "tents": 0.0, "vehicles": 0}], "has_panel_data": true}}, {"type": "Feature", "geometry": {"type": "Polygon", "coordinates": [[[-117.1547064593619, 32.716765000851375], [-117.15469913724291, 32.715737589854136], [-117.15469907542366, 32.7157288650595], [-117.15560610039321, 32.71572220832767], [-117.15561355146895, 32.716763840665436], [-117.15471489461304, 32.71676499037457], [-117.1547064593619, 32.716765000851375]]]}, "properties": {"block_id": "11TH_AV_C_ST", "neighborhood": "City Center", "latest_count_date": "2025-01-31", "latest_individuals": 5, "latest_tents": 1.0, "latest_vehicles": 0, "history": [{"date": "2018-01-24", "individuals": 2, "tents": 0.0, "vehicles": 0}, {"date": "2018-02-21", "individuals": 0, "tents": 0.0, "vehicles": 0}, {"date": "2019-01-31", "individuals": 1, "tents": 0.0, "vehicles": 0}, {"date": "2020-01-31", "individuals": 4, "tents": 1.0, "vehicles": 0}, {"date": "2020-02-26", "individuals": 1, "tents": 0.0, "vehicles": 0}, {"date": "2021-01-28", "individuals": 2, "tents": 0.0, "vehicles": 0}, {"date": "2021-02-25", "individuals": 3, "tents": 1.0, "vehicles": 0}, {"date": "2022-01-27", "individuals": 4, "tents": 2.0, "vehicles": 0}, {"date": "2022-03-01", "individuals": 2, "tents": 1.0, "vehicles": 0}, {"date": "2023-01-31", "individuals": 21, "tents": 1.0, "vehicles": 0}, {"date": "2024-01-25", "individuals": 16, "tents": 2.0, "vehicles": 0}, {"date": "2025-01-31", "individuals": 5, "tents": 1.0, "vehicles": 0}], "has_panel_data": true}}, {"type": "Feature", "geometry": {"type": "Polygon", "coordinates": [[[-117.16111023109225, 32.71884795847468], [-117.16018366782167, 32.71885479963718], [-117.16018051753733, 32.71854973841575], [-117.16017288313628, 32.717810444112615], [-117.16109949221978, 32.71780909692437], [-117.16110707760127, 32.71854289727698], [-117.16111023109225, 32.71884795847468]]]}, "properties": {"block_id": "05TH_AV_A_ST", "neighborhood": "City Center", "latest_count_date": "2025-01-31", "latest_individuals": 2, "latest_tents": 2.0, "latest_vehicles": 0, "history": [{"date": "2018-01-24", "individuals": 1, "tents": 0.0, "vehicles": 0}, {"date": "2018-02-21", "individuals": 0, "tents": 0.0, "vehicles": 0}, {"date": "2019-01-31", "individuals": 3, "tents": 0.0, "vehicles": 0}, {"date": "2020-01-31", "individuals": 0, "tents": 0.0, "vehicles": 0}, {"date": "2020-02-26", "individuals": 0, "tents": 0.0, "vehicles": 0}, {"date": "2021-01-28", "individuals": 0, "tents": 0.0, "vehicles": 0}, {"date": "2021-02-25", "individuals": 0, "tents": 0.0, "vehicles": 0}, {"date": "2022-01-27", "individuals": 0, "tents": 0.0, "vehicles": 0}, {"date": "2022-03-01", "individuals": 0, "tents": 0.0, "vehicles": 0}, {"date": "2023-01-31", "individuals": 0, "tents": 0.0, "vehicles": 0}, {"date": "2024-01-25", "individuals": 0, "tents": 0.0, "vehicles": 0}, {"date": "2025-01-31", "individuals": 2, "tents": 2.0, "vehicles": 0}], "has_panel_data": true}}, {"type": "Feature", "geometry": {"type": "Polygon", "coordinates": [[[-117.15834785896311, 32.71676297261454], [-117.15835217646378, 32.71781287546113], [-117.15783908377125, 32.717815102250746], [-117.15744185081007, 32.71781682530285], [-117.1574412848764, 32.7177383373794], [-117.15743448803406, 32.716795098179745], [-117.15743426487005, 32.71676420074896], [-117.15749075263248, 32.716764125083934], [-117.15834785896311, 32.71676297261454]]]}, "properties": {"block_id": "08TH_AV_B_ST", "neighborhood": "City Center", "latest_count_date": "2025-01-31", "latest_individuals": 3, "latest_tents": 0.0, "latest_vehicles": 0, "history": [{"date": "2018-01-24", "individuals": 1, "tents": 0.0, "vehicles": 0}, {"date": "2018-02-21", "individuals": 0, "tents": 0.0, "vehicles": 0}, {"date": "2019-01-31", "individuals": 0, "tents": 0.0, "vehicles": 0}, {"date": "2020-01-31", "individuals": 2, "tents": 0.0, "vehicles": 0}, {"date": "2020-02-26", "individuals": 0, "tents": 0.0, "vehicles": 0}, {"date": "2021-01-28", "individuals": 1, "tents": 0.0, "vehicles": 0}, {"date": "2021-02-25", "individuals": 1, "tents": 0.0, "vehicles": 0}, {"date": "2022-01-27", "individuals": 1, "tents": 0.0, "vehicles": 0}, {"date": "2022-03-01", "individuals": 0, "tents": 0.0, "vehicles": 0}, {"date": "2023-01-31", "individuals": 0, "tents": 0.0, "vehicles": 0}, {"date": "2024-01-25", "individuals": 0, "tents": 0.0, "vehicles": 0}, {"date": "2025-01-31", "individuals": 3, "tents": 0.0, "vehicles": 0}], "has_panel_data": true}}, {"type": "Feature", "geometry": {"type": "Polygon", "coordinates": [[[-117.15835217646378, 32.71781287546113], [-117.15834785896311, 32.71676297261454], [-117.15927123442759, 32.716764414109385], [-117.15928025427712, 32.717638746608586], [-117.15928036502667, 32.7176494819278], [-117.15928203665432, 32.71781151798331], [-117.15835217646378, 32.71781287546113]]]}, "properties": {"block_id": "07TH_AV_B_ST", "neighborhood": "City Center", "latest_count_date": "2025-01-31", "latest_individuals": 3, "latest_tents": 0.0, "latest_vehicles": 0, "history": [{"date": "2018-01-24", "individuals": 0, "tents": 0.0, "vehicles": 0}, {"date": "2018-02-21", "individuals": 0, "tents": 0.0, "vehicles": 0}, {"date": "2019-01-31", "individuals": 2, "tents": 0.0, "vehicles": 0}, {"date": "2020-01-31", "individuals": 4, "tents": 0.0, "vehicles": 0}, {"date": "2020-02-26", "individuals": 1, "tents": 0.0, "vehicles": 0}, {"date": "2021-01-28", "individuals": 0, "tents": 0.0, "vehicles": 0}, {"date": "2021-02-25", "individuals": 4, "tents": 0.0, "vehicles": 0}, {"date": "2022-01-27", "individuals": 3, "tents": 0.0, "vehicles": 0}, {"date": "2022-03-01", "individuals": 0, "tents": 0.0, "vehicles": 0}, {"date": "2023-01-31", "individuals": 0, "tents": 0.0, "vehicles": 0}, {"date": "2024-01-25", "individuals": 2, "tents": 0.0, "vehicles": 0}, {"date": "2025-01-31", "individuals": 3, "tents": 0.0, "vehicles": 0}], "has_panel_data": true}}, {"type": "Feature", "geometry": {"type": "Polygon", "coordinates": [[[-117.16648974655597, 32.717769160613805], [-117.16648864034923, 32.71672473590394], [-117.16737941961422, 32.71671811337902], [-117.1673838446643, 32.717768013199276], [-117.16648974655597, 32.717769160613805]]]}, "properties": {"block_id": "STATE_ST_W_B_ST", "neighborhood": "Columbia", "latest_count_date": "2025-01-31", "latest_individuals": 2, "latest_tents": 0.0, "latest_vehicles": 0, "history": [{"date": "2018-01-24", "individuals": 0, "tents": 0.0, "vehicles": 0}, {"date": "2018-02-21", "individuals": 0, "tents": 1.0, "vehicles": 0}, {"date": "2019-01-31", "individuals": 0, "tents": 0.0, "vehicles": 0}, {"date": "2020-01-31", "individuals": 1, "tents": 0.0, "vehicles": 0}, {"date": "2020-02-26", "individuals": 0, "tents": 0.0, "vehicles": 0}, {"date": "2021-01-28", "individuals": 2, "tents": 0.0, "vehicles": 0}, {"date": "2021-02-25", "individuals": 0, "tents": 0.0, "vehicles": 0}, {"date": "2022-01-27", "individuals": 0, "tents": 0.0, "vehicles": 0}, {"date": "2022-03-01", "individuals": 1, "tents": 0.0, "vehicles": 0}, {"date": "2023-01-31", "individuals": 0, "tents": 0.0, "vehicles": 0}, {"date": "2024-01-25", "individuals": 1, "tents": 0.0, "vehicles": 0}, {"date": "2025-01-31", "individuals": 2, "tents": 0.0, "vehicles": 0}], "has_panel_data": true}}, {"type": "Feature", "geometry": {"type": "Polygon", "coordinates": [[[-117.16737941961422, 32.71671811337902], [-117.16827995071074, 32.716711411813314], [-117.16827794165448, 32.717766856606204], [-117.1673838446643, 32.717768013199276], [-117.16737941961422, 32.71671811337902]]]}, "properties": {"block_id": "COLUMBIA_ST_W_B_ST", "neighborhood": "Columbia", "latest_count_date": "2025-01-31", "latest_individuals": 3, "latest_tents": 0.0, "latest_vehicles": 0, "history": [{"date": "2018-01-24", "individuals": 0, "tents": 0.0, "vehicles": 0}, {"date": "2018-02-21", "individuals": 0, "tents": 0.0, "vehicles": 0}, {"date": "2019-01-31", "individuals": 2, "tents": 0.0, "vehicles": 0}, {"date": "2020-01-31", "individuals": 1, "tents": 0.0, "vehicles": 0}, {"date": "2020-02-26", "individuals": 0, "tents": 0.0, "vehicles": 0}, {"date": "2021-01-28", "individuals": 0, "tents": 0.0, "vehicles": 0}, {"date": "2021-02-25", "individuals": 0, "tents": 0.0, "vehicles": 0}, {"date": "2022-01-27", "individuals": 0, "tents": 0.0, "vehicles": 0}, {"date": "2022-03-01", "individuals": 1, "tents": 0.0, "vehicles": 0}, {"date": "2023-01-31", "individuals": 0, "tents": 0.0, "vehicles": 0}, {"date": "2024-01-25", "individuals": 0, "tents": 0.0, "vehicles": 0}, {"date": "2025-01-31", "individuals": 3, "tents": 0.0, "vehicles": 0}], "has_panel_data": true}}, {"type": "Feature", "geometry": {"type": "Polygon", "coordinates": [[[-117.16827995071074, 32.716711411813314], [-117.16737941961422, 32.71671811337902], [-117.16737934885874, 32.716708240729886], [-117.16737865875193, 32.716611805435726], [-117.16737228925466, 32.71572198746477], [-117.16737225853427, 32.71571770351617], [-117.16737496358205, 32.715717699626886], [-117.16737536464903, 32.71571769934888], [-117.16738810163854, 32.71571768215789], [-117.16745069857693, 32.71571759616089], [-117.16755780083122, 32.715717448656136], [-117.1682696608467, 32.71571646633486], [-117.1682793397178, 32.71571645288418], [-117.16827995071074, 32.716711411813314]]]}, "properties": {"block_id": "COLUMBIA_ST_W_C_ST", "neighborhood": "Columbia", "latest_count_date": "2025-01-31", "latest_individuals": 2, "latest_tents": 0.0, "latest_vehicles": 0, "history": [{"date": "2018-01-24", "individuals": 2, "tents": 0.0, "vehicles": 0}, {"date": "2018-02-21", "individuals": 1, "tents": 0.0, "vehicles": 0}, {"date": "2019-01-31", "individuals": 7, "tents": 0.0, "vehicles": 0}, {"date": "2020-01-31", "individuals": 1, "tents": 0.0, "vehicles": 0}, {"date": "2020-02-26", "individuals": 0, "tents": 0.0, "vehicles": 0}, {"date": "2021-01-28", "individuals": 0, "tents": 0.0, "vehicles": 0}, {"date": "2021-02-25", "individuals": 0, "tents": 0.0, "vehicles": 0}, {"date": "2022-01-27", "individuals": 3, "tents": 0.0, "vehicles": 0}, {"date": "2022-03-01", "individuals": 0, "tents": 0.0, "vehicles": 0}, {"date": "2023-01-31", "individuals": 2, "tents": 0.0, "vehicles": 0}, {"date": "2024-01-25", "individuals": 0, "tents": 0.0, "vehicles": 0}, {"date": "2025-01-31", "individuals": 2, "tents": 0.0, "vehicles": 0}], "has_panel_data": true}}, {"type": "Feature", "geometry": {"type": "Polygon", "coordinates": [[[-117.16827584665005, 32.71881405653626], [-117.16738824121413, 32.718815164750836], [-117.16738690262669, 32.71849634750167], [-117.1673860346474, 32.71828987121411], [-117.1673838446643, 32.717768013199276], [-117.16827794165448, 32.717766856606204], [-117.16827649657432, 32.718489727446666], [-117.16827584665005, 32.71881405653626]]]}, "properties": {"block_id": "COLUMBIA_ST_W_A_ST", "neighborhood": "Columbia", "latest_count_date": "2025-01-31", "latest_individuals": 1, "latest_tents": 0.0, "latest_vehicles": 0, "history": [{"date": "2018-01-24", "individuals": 0, "tents": 0.0, "vehicles": 0}, {"date": "2018-02-21", "individuals": 0, "tents": 0.0, "vehicles": 0}, {"date": "2019-01-31", "individuals": 0, "tents": 0.0, "vehicles": 0}, {"date": "2020-01-31", "individuals": 0, "tents": 0.0, "vehicles": 0}, {"date": "2020-02-26", "individuals": 0, "tents": 0.0, "vehicles": 0}, {"date": "2021-01-28", "individuals": 0, "tents": 0.0, "vehicles": 0}, {"date": "2021-02-25", "individuals": 0, "tents": 0.0, "vehicles": 0}, {"date": "2022-01-27", "individuals": 1, "tents": 0.0, "vehicles": 0}, {"date": "2022-03-01", "individuals": 0, "tents": 0.0, "vehicles": 0}, {"date": "2023-01-31", "individuals": 0, "tents": 0.0, "vehicles": 0}, {"date": "2024-01-25", "individuals": 0, "tents": 0.0, "vehicles": 0}, {"date": "2025-01-31", "individuals": 1, "tents": 0.0, "vehicles": 0}], "has_panel_data": true}}, {"type": "Feature", "geometry": {"type": "Polygon", "coordinates": [[[-117.15927123442759, 32.716764414109385], [-117.16016532134155, 32.716763316325505], [-117.16017288313628, 32.717810444112615], [-117.15928203665432, 32.71781151798331], [-117.15928036502667, 32.7176494819278], [-117.15928025427712, 32.717638746608586], [-117.15927123442759, 32.716764414109385]]]}, "properties": {"block_id": "06TH_AV_B_ST", "neighborhood": "City Center", "latest_count_date": "2025-01-31", "latest_individuals": 7, "latest_tents": 0.0, "latest_vehicles": 0, "history": [{"date": "2018-01-24", "individuals": 1, "tents": 0.0, "vehicles": 0}, {"date": "2018-02-21", "individuals": 4, "tents": 1.0, "vehicles": 0}, {"date": "2019-01-31", "individuals": 0, "tents": 0.0, "vehicles": 0}, {"date": "2020-01-31", "individuals": 0, "tents": 0.0, "vehicles": 0}, {"date": "2020-02-26", "individuals": 0, "tents": 0.0, "vehicles": 0}, {"date": "2021-01-28", "individuals": 0, "tents": 0.0, "vehicles": 0}, {"date": "2021-02-25", "individuals": 0, "tents": 0.0, "vehicles": 0}, {"date": "2022-01-27", "individuals": 4, "tents": 0.0, "vehicles": 0}, {"date": "2022-03-01", "individuals": 0, "tents": 0.0, "vehicles": 0}, {"date": "2023-01-31", "individuals": 1, "tents": 0.0, "vehicles": 0}, {"date": "2024-01-25", "individuals": 1, "tents": 0.0, "vehicles": 0}, {"date": "2025-01-31", "individuals": 7, "tents": 0.0, "vehicles": 0}], "has_panel_data": true}}, {"type": "Feature", "geometry": {"type": "Polygon", "coordinates": [[[-117.16202171165921, 32.71675509987395], [-117.16202604442661, 32.71780224888221], [-117.16109949221978, 32.71780909692437], [-117.16108866843061, 32.716761995914915], [-117.16202171165921, 32.71675509987395]]]}, "properties": {"block_id": "04TH_AV_B_ST", "neighborhood": "City Center", "latest_count_date": "2025-01-31", "latest_individuals": 1, "latest_tents": 0.0, "latest_vehicles": 0, "history": [{"date": "2018-01-24", "individuals": 4, "tents": 0.0, "vehicles": 0}, {"date": "2018-02-21", "individuals": 20, "tents": 0.0, "vehicles": 0}, {"date": "2019-01-31", "individuals": 0, "tents": 0.0, "vehicles": 0}, {"date": "2020-01-31", "individuals": 7, "tents": 0.0, "vehicles": 0}, {"date": "2020-02-26", "individuals": 31, "tents": 1.0, "vehicles": 0}, {"date": "2021-01-28", "individuals": 9, "tents": 0.0, "vehicles": 0}, {"date": "2021-02-25", "individuals": 18, "tents": 0.0, "vehicles": 0}, {"date": "2022-01-27", "individuals": 25, "tents": 13.0, "vehicles": 0}, {"date": "2022-03-01", "individuals": 0, "tents": 0.0, "vehicles": 0}, {"date": "2023-01-31", "individuals": 0, "tents": 0.0, "vehicles": 0}, {"date": "2024-01-25", "individuals": 0, "tents": 0.0, "vehicles": 0}, {"date": "2025-01-31", "individuals": 1, "tents": 0.0, "vehicles": 0}], "has_panel_data": true}}, {"type": "Feature", "geometry": {"type": "Polygon", "coordinates": [[[-117.16559809680052, 32.719883897473764], [-117.16559932217447, 32.71921806001573], [-117.16560005233589, 32.71882020687028], [-117.16648765891163, 32.718819111516275], [-117.16648896524445, 32.71988278068078], [-117.16559809680052, 32.719883897473764]]]}, "properties": {"block_id": "UNION_ST_W_ASH_ST", "neighborhood": "Columbia", "latest_count_date": "2025-01-31", "latest_individuals": 3, "latest_tents": 2.0, "latest_vehicles": 0, "history": [{"date": "2018-01-24", "individuals": 10, "tents": 1.0, "vehicles": 0}, {"date": "2018-02-21", "individuals": 13, "tents": 3.0, "vehicles": 0}, {"date": "2019-01-31", "individuals": 6, "tents": 10.0, "vehicles": 0}, {"date": "2020-01-31", "individuals": 2, "tents": 0.0, "vehicles": 0}, {"date": "2020-02-26", "individuals": 20, "tents": 3.0, "vehicles": 0}, {"date": "2021-01-28", "individuals": 8, "tents": 1.0, "vehicles": 0}, {"date": "2021-02-25", "individuals": 0, "tents": 5.0, "vehicles": 1}, {"date": "2022-01-27", "individuals": 7, "tents": 2.0, "vehicles": 0}, {"date": "2022-03-01", "individuals": 4, "tents": 2.0, "vehicles": 0}, {"date": "2023-01-31", "individuals": 0, "tents": 1.0, "vehicles": 0}, {"date": "2024-01-25", "individuals": 2, "tents": 6.0, "vehicles": 0}, {"date": "2025-01-31", "individuals": 3, "tents": 2.0, "vehicles": 0}], "has_panel_data": true}}, {"type": "Feature", "geometry": {"type": "Polygon", "coordinates": [[[-117.15835974510426, 32.718862748983], [-117.15744618583807, 32.71886947380527], [-117.15744495115177, 32.718569895505944], [-117.15744185081007, 32.71781682530285], [-117.15783908377125, 32.717815102250746], [-117.15835217646378, 32.71781287546113], [-117.15835290767365, 32.717914256485585], [-117.15835758467988, 32.71856317748792], [-117.15835974510426, 32.718862748983]]]}, "properties": {"block_id": "08TH_AV_A_ST", "neighborhood": "City Center", "latest_count_date": "2025-01-31", "latest_individuals": 0, "latest_tents": 0.0, "latest_vehicles": 0, "history": [{"date": "2018-01-24", "individuals": 0, "tents": 0.0, "vehicles": 0}, {"date": "2018-02-21", "individuals": 0, "tents": 0.0, "vehicles": 0}, {"date": "2019-01-31", "individuals": 0, "tents": 0.0, "vehicles": 0}, {"date": "2020-01-31", "individuals": 0, "tents": 0.0, "vehicles": 0}, {"date": "2020-02-26", "individuals": 0, "tents": 0.0, "vehicles": 0}, {"date": "2021-01-28", "individuals": 1, "tents": 0.0, "vehicles": 0}, {"date": "2021-02-25", "individuals": 0, "tents": 0.0, "vehicles": 0}, {"date": "2022-01-27", "individuals": 0, "tents": 0.0, "vehicles": 0}, {"date": "2022-03-01", "individuals": 0, "tents": 0.0, "vehicles": 0}, {"date": "2023-01-31", "individuals": 0, "tents": 0.0, "vehicles": 0}, {"date": "2024-01-25", "individuals": 0, "tents": 0.0, "vehicles": 0}, {"date": "2025-01-31", "individuals": 0, "tents": 0.0, "vehicles": 0}], "has_panel_data": true}}, {"type": "Feature", "geometry": {"type": "Polygon", "coordinates": [[[-117.15561355146895, 32.716763840665436], [-117.15560610039321, 32.71572220832767], [-117.15581196572488, 32.715721314228745], [-117.15652290535652, 32.71571822154772], [-117.15652803754507, 32.7162172228284], [-117.15652839677087, 32.716252150041946], [-117.15653367481508, 32.71676532653434], [-117.15561355146895, 32.716763840665436]]]}, "properties": {"block_id": "10TH_AV_C_ST", "neighborhood": "City Center", "latest_count_date": "2025-01-31", "latest_individuals": 5, "latest_tents": 0.0, "latest_vehicles": 0, "history": [{"date": "2018-01-24", "individuals": 1, "tents": 3.0, "vehicles": 0}, {"date": "2018-02-21", "individuals": 1, "tents": 0.0, "vehicles": 0}, {"date": "2019-01-31", "individuals": 0, "tents": 0.0, "vehicles": 0}, {"date": "2020-01-31", "individuals": 3, "tents": 0.0, "vehicles": 0}, {"date": "2020-02-26", "individuals": 0, "tents": 0.0, "vehicles": 0}, {"date": "2021-01-28", "individuals": 1, "tents": 1.0, "vehicles": 0}, {"date": "2021-02-25", "individuals": 1, "tents": 1.0, "vehicles": 0}, {"date": "2022-01-27", "individuals": 0, "tents": 0.0, "vehicles": 0}, {"date": "2022-03-01", "individuals": 0, "tents": 0.0, "vehicles": 0}, {"date": "2023-01-31", "individuals": 3, "tents": 30.0, "vehicles": 0}, {"date": "2024-01-25", "individuals": 9, "tents": 2.0, "vehicles": 0}, {"date": "2025-01-31", "individuals": 5, "tents": 0.0, "vehicles": 0}], "has_panel_data": true}}, {"type": "Feature", "geometry": {"type": "Polygon", "coordinates": [[[-117.15469907542366, 32.7157288650595], [-117.15378552015157, 32.715732811761974], [-117.15377817534234, 32.71469942785113], [-117.15468846896447, 32.714695505050194], [-117.15469907542366, 32.7157288650595]]]}, "properties": {"block_id": "PARK_BL_BROADWAY", "neighborhood": "City Center", "latest_count_date": "2025-01-31", "latest_individuals": 1, "latest_tents": 0.0, "latest_vehicles": 0, "history": [{"date": "2018-01-24", "individuals": 1, "tents": 0.0, "vehicles": 0}, {"date": "2018-02-21", "individuals": 0, "tents": 0.0, "vehicles": 0}, {"date": "2019-01-31", "individuals": 0, "tents": 1.0, "vehicles": 0}, {"date": "2020-01-31", "individuals": 2, "tents": 0.0, "vehicles": 0}, {"date": "2020-02-26", "individuals": 7, "tents": 0.0, "vehicles": 0}, {"date": "2021-01-28", "individuals": 1, "tents": 0.0, "vehicles": 0}, {"date": "2021-02-25", "individuals": 0, "tents": 0.0, "vehicles": 0}, {"date": "2022-01-27", "individuals": 0, "tents": 0.0, "vehicles": 0}, {"date": "2022-03-01", "individuals": 1, "tents": 0.0, "vehicles": 0}, {"date": "2023-01-31", "individuals": 3, "tents": 0.0, "vehicles": 0}, {"date": "2024-01-25", "individuals": 3, "tents": 0.0, "vehicles": 0}, {"date": "2025-01-31", "individuals": 1, "tents": 0.0, "vehicles": 0}], "has_panel_data": true}}, {"type": "Feature", "geometry": {"type": "Polygon", "coordinates": [[[-117.16111023109225, 32.71884795847468], [-117.16110707760127, 32.71854289727698], [-117.16109949221978, 32.71780909692437], [-117.16202604442661, 32.71780224888221], [-117.16202674817623, 32.718536100121746], [-117.16202704094609, 32.718841182473206], [-117.16111023109225, 32.71884795847468]]]}, "properties": {"block_id": "04TH_AV_A_ST", "neighborhood": "City Center", "latest_count_date": "2025-01-31", "latest_individuals": 2, "latest_tents": 0.0, "latest_vehicles": 0, "history": [{"date": "2018-01-24", "individuals": 4, "tents": 0.0, "vehicles": 0}, {"date": "2018-02-21", "individuals": 5, "tents": 0.0, "vehicles": 0}, {"date": "2019-01-31", "individuals": 1, "tents": 0.0, "vehicles": 0}, {"date": "2020-01-31", "individuals": 0, "tents": 0.0, "vehicles": 0}, {"date": "2020-02-26", "individuals": 5, "tents": 1.0, "vehicles": 0}, {"date": "2021-01-28", "individuals": 2, "tents": 0.0, "vehicles": 0}, {"date": "2021-02-25", "individuals": 1, "tents": 2.0, "vehicles": 0}, {"date": "2022-01-27", "individuals": 4, "tents": 1.0, "vehicles": 0}, {"date": "2022-03-01", "individuals": 0, "tents": 0.0, "vehicles": 0}, {"date": "2023-01-31", "individuals": 1, "tents": 0.0, "vehicles": 0}, {"date": "2024-01-25", "individuals": 6, "tents": 1.0, "vehicles": 0}, {"date": "2025-01-31", "individuals": 2, "tents": 0.0, "vehicles": 0}], "has_panel_data": true}}, {"type": "Feature", "geometry": {"type": "Polygon", "coordinates": [[[-117.16827794165448, 32.717766856606204], [-117.16827995071074, 32.716711411813314], [-117.1682793397178, 32.71571645288418], [-117.1691669139385, 32.71571533825714], [-117.16916747869608, 32.716704800579706], [-117.16916663339069, 32.71716647461549], [-117.16916553438921, 32.717765742005], [-117.16827794165448, 32.717766856606204]]]}, "properties": {"block_id": "INDIA_ST_W_B_ST", "neighborhood": "Columbia", "latest_count_date": "2025-01-31", "latest_individuals": 5, "latest_tents": 0.0, "latest_vehicles": 0, "history": [{"date": "2018-01-24", "individuals": 0, "tents": 0.0, "vehicles": 0}, {"date": "2018-02-21", "individuals": 3, "tents": 0.0, "vehicles": 0}, {"date": "2019-01-31", "individuals": 0, "tents": 0.0, "vehicles": 0}, {"date": "2020-01-31", "individuals": 0, "tents": 0.0, "vehicles": 0}, {"date": "2020-02-26", "individuals": 1, "tents": 0.0, "vehicles": 0}, {"date": "2021-01-28", "individuals": 3, "tents": 0.0, "vehicles": 0}, {"date": "2021-02-25", "individuals": 5, "tents": 0.0, "vehicles": 0}, {"date": "2022-01-27", "individuals": 5, "tents": 0.0, "vehicles": 0}, {"date": "2022-03-01", "individuals": 8, "tents": 0.0, "vehicles": 0}, {"date": "2023-01-31", "individuals": 13, "tents": 0.0, "vehicles": 1}, {"date": "2024-01-25", "individuals": 12, "tents": 0.0, "vehicles": 0}, {"date": "2025-01-31", "individuals": 5, "tents": 0.0, "vehicles": 0}], "has_panel_data": true}}, {"type": "Feature", "geometry": {"type": "Polygon", "coordinates": [[[-117.15833600170103, 32.714665943760615], [-117.15834026228478, 32.7157103472444], [-117.1574299583728, 32.715714299703016], [-117.15742573686855, 32.714672644487365], [-117.15833600170103, 32.714665943760615]]]}, "properties": {"block_id": "08TH_AV_BROADWAY", "neighborhood": "City Center", "latest_count_date": "2025-01-31", "latest_individuals": 0, "latest_tents": 0.0, "latest_vehicles": 0, "history": [{"date": "2018-01-24", "individuals": 0, "tents": 0.0, "vehicles": 0}, {"date": "2018-02-21", "individuals": 3, "tents": 0.0, "vehicles": 0}, {"date": "2019-01-31", "individuals": 0, "tents": 0.0, "vehicles": 0}, {"date": "2020-01-31", "individuals": 0, "tents": 0.0, "vehicles": 0}, {"date": "2020-02-26", "individuals": 0, "tents": 0.0, "vehicles": 0}, {"date": "2021-01-28", "individuals": 18, "tents": 1.0, "vehicles": 1}, {"date": "2021-02-25", "individuals": 0, "tents": 0.0, "vehicles": 0}, {"date": "2022-01-27", "individuals": 0, "tents": 0.0, "vehicles": 0}, {"date": "2022-03-01", "individuals": 1, "tents": 0.0, "vehicles": 0}, {"date": "2023-01-31", "individuals": 0, "tents": 23.0, "vehicles": 0}, {"date": "2024-01-25", "individuals": 0, "tents": 0.0, "vehicles": 0}, {"date": "2025-01-31", "individuals": 0, "tents": 0.0, "vehicles": 0}], "has_panel_data": true}}, {"type": "Feature", "geometry": {"type": "Polygon", "coordinates": [[[-117.15469907542366, 32.7157288650595], [-117.15468846896447, 32.714695505050194], [-117.15559548330134, 32.7146888483966], [-117.15560610039321, 32.71572220832767], [-117.15469907542366, 32.7157288650595]]]}, "properties": {"block_id": "11TH_AV_BROADWAY", "neighborhood": "City Center", "latest_count_date": "2025-01-31", "latest_individuals": 1, "latest_tents": 0.0, "latest_vehicles": 0, "history": [{"date": "2018-01-24", "individuals": 0, "tents": 0.0, "vehicles": 0}, {"date": "2018-02-21", "individuals": 6, "tents": 0.0, "vehicles": 0}, {"date": "2019-01-31", "individuals": 2, "tents": 0.0, "vehicles": 0}, {"date": "2020-01-31", "individuals": 2, "tents": 0.0, "vehicles": 0}, {"date": "2020-02-26", "individuals": 3, "tents": 0.0, "vehicles": 0}, {"date": "2021-01-28", "individuals": 0, "tents": 0.0, "vehicles": 0}, {"date": "2021-02-25", "individuals": 1, "tents": 0.0, "vehicles": 0}, {"date": "2022-01-27", "individuals": 4, "tents": 1.0, "vehicles": 0}, {"date": "2022-03-01", "individuals": 2, "tents": 1.0, "vehicles": 0}, {"date": "2023-01-31", "individuals": 0, "tents": 1.0, "vehicles": 0}, {"date": "2024-01-25", "individuals": 5, "tents": 5.0, "vehicles": 0}, {"date": "2025-01-31", "individuals": 1, "tents": 0.0, "vehicles": 0}], "has_panel_data": true}}, {"type": "Feature", "geometry": {"type": "Polygon", "coordinates": [[[-117.1574299583728, 32.715714299703016], [-117.15743112084104, 32.71599775447175], [-117.15743133110901, 32.71604905389688], [-117.15743426487005, 32.71676420074896], [-117.15653367481508, 32.71676532653434], [-117.15652839677087, 32.716252150041946], [-117.15652803754507, 32.7162172228284], [-117.15652290535652, 32.71571822154772], [-117.1574299583728, 32.715714299703016]]]}, "properties": {"block_id": "09TH_AV_C_ST", "neighborhood": "City Center", "latest_count_date": "2025-01-31", "latest_individuals": 0, "latest_tents": 0.0, "latest_vehicles": 0, "history": [{"date": "2018-01-24", "individuals": 2, "tents": 2.0, "vehicles": 0}, {"date": "2018-02-21", "individuals": 10, "tents": 8.0, "vehicles": 0}, {"date": "2019-01-31", "individuals": 3, "tents": 2.0, "vehicles": 0}, {"date": "2020-01-31", "individuals": 2, "tents": 0.0, "vehicles": 0}, {"date": "2020-02-26", "individuals": 3, "tents": 0.0, "vehicles": 0}, {"date": "2021-01-28", "individuals": 6, "tents": 9.0, "vehicles": 0}, {"date": "2021-02-25", "individuals": 3, "tents": 7.0, "vehicles": 0}, {"date": "2022-01-27", "individuals": 2, "tents": 0.0, "vehicles": 0}, {"date": "2022-03-01", "individuals": 0, "tents": 0.0, "vehicles": 0}, {"date": "2023-01-31", "individuals": 1, "tents": 0.0, "vehicles": 0}, {"date": "2024-01-25", "individuals": 0, "tents": 0.0, "vehicles": 0}, {"date": "2025-01-31", "individuals": 0, "tents": 0.0, "vehicles": 0}], "has_panel_data": true}}, {"type": "Feature", "geometry": {"type": "Polygon", "coordinates": [[[-117.15743426487005, 32.71676420074896], [-117.15743133110901, 32.71604905389688], [-117.15743112084104, 32.71599775447175], [-117.1574299583728, 32.715714299703016], [-117.15834026228478, 32.7157103472444], [-117.15834093152537, 32.71580302691386], [-117.15834122972055, 32.715844383091664], [-117.15834447605357, 32.71629415506098], [-117.15834785896311, 32.71676297261454], [-117.15749075263248, 32.716764125083934], [-117.15743426487005, 32.71676420074896]]]}, "properties": {"block_id": "08TH_AV_C_ST", "neighborhood": "City Center", "latest_count_date": "2025-01-31", "latest_individuals": 2, "latest_tents": 0.0, "latest_vehicles": 0, "history": [{"date": "2018-01-24", "individuals": 2, "tents": 0.0, "vehicles": 0}, {"date": "2018-02-21", "individuals": 0, "tents": 0.0, "vehicles": 0}, {"date": "2019-01-31", "individuals": 0, "tents": 0.0, "vehicles": 0}, {"date": "2020-01-31", "individuals": 0, "tents": 0.0, "vehicles": 0}, {"date": "2020-02-26", "individuals": 1, "tents": 0.0, "vehicles": 0}, {"date": "2021-01-28", "individuals": 0, "tents": 0.0, "vehicles": 0}, {"date": "2021-02-25", "individuals": 0, "tents": 0.0, "vehicles": 0}, {"date": "2022-01-27", "individuals": 0, "tents": 0.0, "vehicles": 0}, {"date": "2022-03-01", "individuals": 0, "tents": 0.0, "vehicles": 0}, {"date": "2023-01-31", "individuals": 0, "tents": 0.0, "vehicles": 0}, {"date": "2024-01-25", "individuals": 2, "tents": 0.0, "vehicles": 0}, {"date": "2025-01-31", "individuals": 2, "tents": 0.0, "vehicles": 0}], "has_panel_data": true}}, {"type": "Feature", "geometry": {"type": "Polygon", "coordinates": [[[-117.15833600170103, 32.714665943760615], [-117.15742573686855, 32.714672644487365], [-117.15741832115033, 32.713636509819324], [-117.15832860680463, 32.71363255742332], [-117.15833600170103, 32.714665943760615]]]}, "properties": {"block_id": "08TH_AV_E_ST", "neighborhood": "East Village", "latest_count_date": "2025-01-31", "latest_individuals": 9, "latest_tents": 2.0, "latest_vehicles": 0, "history": [{"date": "2018-01-24", "individuals": 8, "tents": 0.0, "vehicles": 0}, {"date": "2018-02-21", "individuals": 3, "tents": 5.0, "vehicles": 0}, {"date": "2019-01-31", "individuals": 21, "tents": 2.0, "vehicles": 0}, {"date": "2020-01-31", "individuals": 9, "tents": 3.0, "vehicles": 0}, {"date": "2020-02-26", "individuals": 29, "tents": 3.0, "vehicles": 0}, {"date": "2021-01-28", "individuals": 17, "tents": 13.0, "vehicles": 0}, {"date": "2021-02-25", "individuals": 13, "tents": 4.0, "vehicles": 2}, {"date": "2022-01-27", "individuals": 14, "tents": 20.0, "vehicles": 0}, {"date": "2022-03-01", "individuals": 10, "tents": 15.0, "vehicles": 1}, {"date": "2023-01-31", "individuals": 4, "tents": 31.0, "vehicles": 2}, {"date": "2024-01-25", "individuals": 10, "tents": 0.0, "vehicles": 0}, {"date": "2025-01-31", "individuals": 9, "tents": 2.0, "vehicles": 0}], "has_panel_data": true}}, {"type": "Feature", "geometry": {"type": "Polygon", "coordinates": [[[-117.1574140149958, 32.71258660886282], [-117.15741403638202, 32.71259179461996], [-117.15741832115033, 32.713636509819324], [-117.15650803861412, 32.71364045547326], [-117.15649729810596, 32.71259609887368], [-117.15650095308145, 32.71259606118778], [-117.15739561214477, 32.71258679926998], [-117.157407567862, 32.71258667523513], [-117.1574140149958, 32.71258660886282]]]}, "properties": {"block_id": "09TH_AV_F_ST", "neighborhood": "East Village", "latest_count_date": "2025-01-31", "latest_individuals": 2, "latest_tents": 0.0, "latest_vehicles": 1, "history": [{"date": "2018-01-24", "individuals": 4, "tents": 0.0, "vehicles": 0}, {"date": "2018-02-21", "individuals": 3, "tents": 0.0, "vehicles": 0}, {"date": "2019-01-31", "individuals": 8, "tents": 0.0, "vehicles": 0}, {"date": "2020-01-31", "individuals": 8, "tents": 2.0, "vehicles": 0}, {"date": "2020-02-26", "individuals": 4, "tents": 0.0, "vehicles": 0}, {"date": "2021-01-28", "individuals": 2, "tents": 0.0, "vehicles": 0}, {"date": "2021-02-25", "individuals": 1, "tents": 0.0, "vehicles": 0}, {"date": "2022-01-27", "individuals": 3, "tents": 0.0, "vehicles": 1}, {"date": "2022-03-01", "individuals": 0, "tents": 1.0, "vehicles": 0}, {"date": "2023-01-31", "individuals": 1, "tents": 0.0, "vehicles": 0}, {"date": "2024-01-25", "individuals": 5, "tents": 0.0, "vehicles": 0}, {"date": "2025-01-31", "individuals": 2, "tents": 0.0, "vehicles": 1}], "has_panel_data": true}}, {"type": "Feature", "geometry": {"type": "Polygon", "coordinates": [[[-117.15741832115033, 32.713636509819324], [-117.15741403638202, 32.71259179461996], [-117.1574140149958, 32.71258660886282], [-117.15827118115477, 32.71258029912808], [-117.1582922338931, 32.71258014408056], [-117.15830874310511, 32.712580022492375], [-117.15831595941935, 32.712579969344446], [-117.15832425828738, 32.712579908223034], [-117.15832428676421, 32.712586915445854], [-117.15832436427647, 32.71260561609032], [-117.15832454764582, 32.71264990827842], [-117.15832697193022, 32.71323687900716], [-117.15832856256542, 32.71362195056451], [-117.15832860680463, 32.71363255742332], [-117.15741832115033, 32.713636509819324]]]}, "properties": {"block_id": "08TH_AV_F_ST", "neighborhood": "East Village", "latest_count_date": "2025-01-31", "latest_individuals": 0, "latest_tents": 0.0, "latest_vehicles": 0, "history": [{"date": "2018-01-24", "individuals": 2, "tents": 2.0, "vehicles": 0}, {"date": "2018-02-21", "individuals": 2, "tents": 0.0, "vehicles": 0}, {"date": "2019-01-31", "individuals": 0, "tents": 0.0, "vehicles": 0}, {"date": "2020-01-31", "individuals": 0, "tents": 0.0, "vehicles": 0}, {"date": "2020-02-26", "individuals": 0, "tents": 2.0, "vehicles": 0}, {"date": "2021-01-28", "individuals": 0, "tents": 0.0, "vehicles": 0}, {"date": "2021-02-25", "individuals": 1, "tents": 0.0, "vehicles": 0}, {"date": "2022-01-27", "individuals": 0, "tents": 1.0, "vehicles": 0}, {"date": "2022-03-01", "individuals": 1, "tents": 1.0, "vehicles": 0}, {"date": "2023-01-31", "individuals": 0, "tents": 0.0, "vehicles": 0}, {"date": "2024-01-25", "individuals": 2, "tents": 0.0, "vehicles": 0}, {"date": "2025-01-31", "individuals": 0, "tents": 0.0, "vehicles": 0}], "has_panel_data": true}}, {"type": "Feature", "geometry": {"type": "Polygon", "coordinates": [[[-117.15742573686855, 32.714672644487365], [-117.15651550019085, 32.71468208950077], [-117.15651265517683, 32.71428432345512], [-117.15650803861412, 32.71364045547326], [-117.15741832115033, 32.713636509819324], [-117.15742573686855, 32.714672644487365]]]}, "properties": {"block_id": "09TH_AV_E_ST", "neighborhood": "East Village", "latest_count_date": "2025-01-31", "latest_individuals": 5, "latest_tents": 3.0, "latest_vehicles": 0, "history": [{"date": "2018-01-24", "individuals": 21, "tents": 9.0, "vehicles": 0}, {"date": "2018-02-21", "individuals": 6, "tents": 4.0, "vehicles": 0}, {"date": "2019-01-31", "individuals": 16, "tents": 9.0, "vehicles": 0}, {"date": "2020-01-31", "individuals": 21, "tents": 3.0, "vehicles": 0}, {"date": "2020-02-26", "individuals": 12, "tents": 2.0, "vehicles": 0}, {"date": "2021-01-28", "individuals": 11, "tents": 11.0, "vehicles": 1}, {"date": "2021-02-25", "individuals": 4, "tents": 10.0, "vehicles": 0}, {"date": "2022-01-27", "individuals": 5, "tents": 18.0, "vehicles": 1}, {"date": "2022-03-01", "individuals": 7, "tents": 13.0, "vehicles": 0}, {"date": "2023-01-31", "individuals": 6, "tents": 31.0, "vehicles": 0}, {"date": "2024-01-25", "individuals": 7, "tents": 20.0, "vehicles": 0}, {"date": "2025-01-31", "individuals": 5, "tents": 3.0, "vehicles": 0}], "has_panel_data": true}}, {"type": "Feature", "geometry": {"type": "Polygon", "coordinates": [[[-117.15651550019085, 32.71468208950077], [-117.15742573686855, 32.714672644487365], [-117.1574299583728, 32.715714299703016], [-117.15652290535652, 32.71571822154772], [-117.15651552691527, 32.71468582882571], [-117.15651550019085, 32.71468208950077]]]}, "properties": {"block_id": "09TH_AV_BROADWAY", "neighborhood": "City Center", "latest_count_date": "2025-01-31", "latest_individuals": 0, "latest_tents": 0.0, "latest_vehicles": 0, "history": [{"date": "2018-01-24", "individuals": 15, "tents": 0.0, "vehicles": 0}, {"date": "2018-02-21", "individuals": 6, "tents": 0.0, "vehicles": 0}, {"date": "2019-01-31", "individuals": 6, "tents": 3.0, "vehicles": 0}, {"date": "2020-01-31", "individuals": 0, "tents": 0.0, "vehicles": 0}, {"date": "2020-02-26", "individuals": 2, "tents": 0.0, "vehicles": 0}, {"date": "2021-01-28", "individuals": 6, "tents": 1.0, "vehicles": 0}, {"date": "2021-02-25", "individuals": 14, "tents": 1.0, "vehicles": 0}, {"date": "2022-01-27", "individuals": 15, "tents": 4.0, "vehicles": 0}, {"date": "2022-03-01", "individuals": 5, "tents": 5.0, "vehicles": 0}, {"date": "2023-01-31", "individuals": 1, "tents": 2.0, "vehicles": 0}, {"date": "2024-01-25", "individuals": 0, "tents": 5.0, "vehicles": 0}, {"date": "2025-01-31", "individuals": 0, "tents": 0.0, "vehicles": 0}], "has_panel_data": true}}, {"type": "Feature", "geometry": {"type": "Polygon", "coordinates": [[[-117.15650803861412, 32.71364045547326], [-117.15651265517683, 32.71428432345512], [-117.15651550019085, 32.71468208950077], [-117.15559548330134, 32.7146888483966], [-117.15558800435996, 32.713644466013335], [-117.1555957820189, 32.713644432348616], [-117.15588025204787, 32.71364319264007], [-117.15650803861412, 32.71364045547326]]]}, "properties": {"block_id": "10TH_AV_E_ST", "neighborhood": "East Village", "latest_count_date": "2025-01-31", "latest_individuals": 4, "latest_tents": 0.0, "latest_vehicles": 0, "history": [{"date": "2018-01-24", "individuals": 0, "tents": 0.0, "vehicles": 0}, {"date": "2018-02-21", "individuals": 0, "tents": 0.0, "vehicles": 0}, {"date": "2019-01-31", "individuals": 3, "tents": 1.0, "vehicles": 0}, {"date": "2020-01-31", "individuals": 0, "tents": 0.0, "vehicles": 0}, {"date": "2020-02-26", "individuals": 0, "tents": 0.0, "vehicles": 0}, {"date": "2021-01-28", "individuals": 0, "tents": 0.0, "vehicles": 0}, {"date": "2021-02-25", "individuals": 0, "tents": 0.0, "vehicles": 0}, {"date": "2022-01-27", "individuals": 1, "tents": 1.0, "vehicles": 0}, {"date": "2022-03-01", "individuals": 1, "tents": 0.0, "vehicles": 0}, {"date": "2023-01-31", "individuals": 3, "tents": 0.0, "vehicles": 0}, {"date": "2024-01-25", "individuals": 1, "tents": 6.0, "vehicles": 0}, {"date": "2025-01-31", "individuals": 4, "tents": 0.0, "vehicles": 0}], "has_panel_data": true}}, {"type": "Feature", "geometry": {"type": "Polygon", "coordinates": [[[-117.15467025369911, 32.71260401755282], [-117.1555693157686, 32.71260013440994], [-117.1555700495776, 32.71260013082529], [-117.15557859935875, 32.712600094196766], [-117.15558052561434, 32.71260008546313], [-117.15558321866266, 32.71297610349967], [-117.15558794213803, 32.713635814262965], [-117.15558800435996, 32.713644466013335], [-117.15468097256131, 32.71364837431156], [-117.1546809015421, 32.71364145487077], [-117.15468085558412, 32.71363697716121], [-117.15467516388472, 32.713082428256904], [-117.15467025369911, 32.71260401755282]]]}, "properties": {"block_id": "11TH_AV_F_ST", "neighborhood": "East Village", "latest_count_date": "2025-01-31", "latest_individuals": 0, "latest_tents": 0.0, "latest_vehicles": 0, "history": [{"date": "2018-01-24", "individuals": 0, "tents": 0.0, "vehicles": 0}, {"date": "2018-02-21", "individuals": 0, "tents": 0.0, "vehicles": 0}, {"date": "2019-01-31", "individuals": 0, "tents": 0.0, "vehicles": 0}, {"date": "2020-01-31", "individuals": 3, "tents": 0.0, "vehicles": 0}, {"date": "2020-02-26", "individuals": 0, "tents": 0.0, "vehicles": 0}, {"date": "2021-01-28", "individuals": 0, "tents": 0.0, "vehicles": 0}, {"date": "2021-02-25", "individuals": 0, "tents": 0.0, "vehicles": 0}, {"date": "2022-01-27", "individuals": 1, "tents": 0.0, "vehicles": 0}, {"date": "2022-03-01", "individuals": 0, "tents": 0.0, "vehicles": 0}, {"date": "2023-01-31", "individuals": 0, "tents": 0.0, "vehicles": 0}, {"date": "2024-01-25", "individuals": 0, "tents": 0.0, "vehicles": 0}, {"date": "2025-01-31", "individuals": 0, "tents": 0.0, "vehicles": 0}], "has_panel_data": true}}, {"type": "Feature", "geometry": {"type": "Polygon", "coordinates": [[[-117.15468097256131, 32.71364837431156], [-117.15558800435996, 32.713644466013335], [-117.15559548330134, 32.7146888483966], [-117.15468846896447, 32.714695505050194], [-117.15468097256131, 32.71364837431156]]]}, "properties": {"block_id": "11TH_AV_E_ST", "neighborhood": "East Village", "latest_count_date": "2025-01-31", "latest_individuals": 1, "latest_tents": 1.0, "latest_vehicles": 0, "history": [{"date": "2018-01-24", "individuals": 0, "tents": 0.0, "vehicles": 0}, {"date": "2018-02-21", "individuals": 0, "tents": 0.0, "vehicles": 0}, {"date": "2019-01-31", "individuals": 0, "tents": 0.0, "vehicles": 0}, {"date": "2020-01-31", "individuals": 1, "tents": 0.0, "vehicles": 0}, {"date": "2020-02-26", "individuals": 1, "tents": 0.0, "vehicles": 0}, {"date": "2021-01-28", "individuals": 0, "tents": 0.0, "vehicles": 0}, {"date": "2021-02-25", "individuals": 0, "tents": 0.0, "vehicles": 0}, {"date": "2022-01-27", "individuals": 0, "tents": 0.0, "vehicles": 0}, {"date": "2022-03-01", "individuals": 1, "tents": 0.0, "vehicles": 0}, {"date": "2023-01-31", "individuals": 1, "tents": 2.0, "vehicles": 0}, {"date": "2024-01-25", "individuals": 1, "tents": 0.0, "vehicles": 0}, {"date": "2025-01-31", "individuals": 1, "tents": 1.0, "vehicles": 0}], "has_panel_data": true}}, {"type": "Feature", "geometry": {"type": "Polygon", "coordinates": [[[-117.15647966052948, 32.71151331479945], [-117.15647888307916, 32.71143771582199], [-117.15647582217643, 32.71114007353401], [-117.15647542415859, 32.711101370118364], [-117.15647431397775, 32.710993415504696], [-117.15647397699341, 32.71096064690144], [-117.15646863800089, 32.71044147616646], [-117.15738469345008, 32.7104352887389], [-117.15738881502932, 32.71095752262893], [-117.15738911093803, 32.71099497157178], [-117.15739088980467, 32.71122030724461], [-117.15739257920625, 32.711434257289454], [-117.15739316094825, 32.711507968558784], [-117.1573931631945, 32.7115081867637], [-117.15739316730732, 32.71150868990509], [-117.15739317038148, 32.71150919575932], [-117.1573931719223, 32.71150934543707], [-117.1573930290056, 32.7115093464886], [-117.1569440529135, 32.71151129734801], [-117.15648243361476, 32.71151330163064], [-117.15648201659656, 32.71151330469582], [-117.15648091695392, 32.71151330917148], [-117.15647966052948, 32.71151331479945]]]}, "properties": {"block_id": "09TH_AV_MARKET_ST", "neighborhood": "South East Village", "latest_count_date": "2025-01-31", "latest_individuals": 0, "latest_tents": 0.0, "latest_vehicles": 0, "history": [{"date": "2018-01-24", "individuals": 0, "tents": 0.0, "vehicles": 0}, {"date": "2018-02-21", "individuals": 0, "tents": 0.0, "vehicles": 0}, {"date": "2019-01-31", "individuals": 0, "tents": 0.0, "vehicles": 0}, {"date": "2020-01-31", "individuals": 0, "tents": 0.0, "vehicles": 0}, {"date": "2020-02-26", "individuals": 0, "tents": 0.0, "vehicles": 0}, {"date": "2021-01-28", "individuals": 0, "tents": 0.0, "vehicles": 0}, {"date": "2021-02-25", "individuals": 0, "tents": 0.0, "vehicles": 0}, {"date": "2022-01-27", "individuals": 1, "tents": 0.0, "vehicles": 0}, {"date": "2022-03-01", "individuals": 0, "tents": 0.0, "vehicles": 0}, {"date": "2023-01-31", "individuals": 0, "tents": 0.0, "vehicles": 0}, {"date": "2024-01-25", "individuals": 0, "tents": 0.0, "vehicles": 0}, {"date": "2025-01-31", "individuals": 0, "tents": 0.0, "vehicles": 0}], "has_panel_data": true}}, {"type": "Feature", "geometry": {"type": "Polygon", "coordinates": [[[-117.15652290535652, 32.71571822154772], [-117.15581196572488, 32.715721314228745], [-117.15560610039321, 32.71572220832767], [-117.15559548330134, 32.7146888483966], [-117.15651550019085, 32.71468208950077], [-117.15651552691527, 32.71468582882571], [-117.15652290535652, 32.71571822154772]]]}, "properties": {"block_id": "10TH_AV_BROADWAY", "neighborhood": "City Center", "latest_count_date": "2025-01-31", "latest_individuals": 3, "latest_tents": 2.0, "latest_vehicles": 0, "history": [{"date": "2018-01-24", "individuals": 2, "tents": 0.0, "vehicles": 0}, {"date": "2018-02-21", "individuals": 0, "tents": 0.0, "vehicles": 0}, {"date": "2019-01-31", "individuals": 0, "tents": 0.0, "vehicles": 0}, {"date": "2020-01-31", "individuals": 1, "tents": 1.0, "vehicles": 0}, {"date": "2020-02-26", "individuals": 0, "tents": 0.0, "vehicles": 0}, {"date": "2021-01-28", "individuals": 0, "tents": 0.0, "vehicles": 0}, {"date": "2021-02-25", "individuals": 0, "tents": 0.0, "vehicles": 0}, {"date": "2022-01-27", "individuals": 1, "tents": 0.0, "vehicles": 0}, {"date": "2022-03-01", "individuals": 1, "tents": 4.0, "vehicles": 0}, {"date": "2023-01-31", "individuals": 1, "tents": 0.0, "vehicles": 0}, {"date": "2024-01-25", "individuals": 0, "tents": 0.0, "vehicles": 0}, {"date": "2025-01-31", "individuals": 3, "tents": 2.0, "vehicles": 0}], "has_panel_data": true}}, {"type": "Feature", "geometry": {"type": "Polygon", "coordinates": [[[-117.15468846896447, 32.714695505050194], [-117.15377817534234, 32.71469942785113], [-117.15377068978052, 32.71365229976206], [-117.15468097256131, 32.71364837431156], [-117.15468846896447, 32.714695505050194]]]}, "properties": {"block_id": "PARK_BL_E_ST", "neighborhood": "East Village", "latest_count_date": "2025-01-31", "latest_individuals": 4, "latest_tents": 0.0, "latest_vehicles": 0, "history": [{"date": "2018-01-24", "individuals": 3, "tents": 0.0, "vehicles": 0}, {"date": "2018-02-21", "individuals": 0, "tents": 0.0, "vehicles": 0}, {"date": "2019-01-31", "individuals": 5, "tents": 0.0, "vehicles": 0}, {"date": "2020-01-31", "individuals": 0, "tents": 2.0, "vehicles": 0}, {"date": "2020-02-26", "individuals": 0, "tents": 0.0, "vehicles": 0}, {"date": "2021-01-28", "individuals": 1, "tents": 0.0, "vehicles": 0}, {"date": "2021-02-25", "individuals": 0, "tents": 0.0, "vehicles": 0}, {"date": "2022-01-27", "individuals": 0, "tents": 0.0, "vehicles": 0}, {"date": "2022-03-01", "individuals": 0, "tents": 0.0, "vehicles": 0}, {"date": "2023-01-31", "individuals": 1, "tents": 0.0, "vehicles": 0}, {"date": "2024-01-25", "individuals": 1, "tents": 1.0, "vehicles": 0}, {"date": "2025-01-31", "individuals": 4, "tents": 0.0, "vehicles": 0}], "has_panel_data": true}}, {"type": "Feature", "geometry": {"type": "Polygon", "coordinates": [[[-117.15828574454818, 32.710419861169164], [-117.15830154480979, 32.71112792378039], [-117.1583038003562, 32.711229018527824], [-117.15830990573387, 32.71150259706671], [-117.15830310436496, 32.71150264445364], [-117.15759666291166, 32.71150784806343], [-117.1574498255977, 32.71150892858885], [-117.15739426619496, 32.71150933738583], [-117.1573931719223, 32.71150934543707], [-117.15739317038148, 32.71150919575932], [-117.15739316730732, 32.71150868990509], [-117.1573931631945, 32.7115081867637], [-117.15739316094825, 32.711507968558784], [-117.15739257920625, 32.711434257289454], [-117.15739088980467, 32.71122030724461], [-117.15738911093803, 32.71099497157178], [-117.15738881502932, 32.71095752262893], [-117.15738469345008, 32.7104352887389], [-117.15738531411463, 32.7104352787619], [-117.15828574454818, 32.710419861169164]]]}, "properties": {"block_id": "08TH_AV_MARKET_ST", "neighborhood": "South East Village", "latest_count_date": "2025-01-31", "latest_individuals": 4, "latest_tents": 0.0, "latest_vehicles": 0, "history": [{"date": "2018-01-24", "individuals": 2, "tents": 0.0, "vehicles": 0}, {"date": "2018-02-21", "individuals": 0, "tents": 0.0, "vehicles": 0}, {"date": "2019-01-31", "individuals": 6, "tents": 1.0, "vehicles": 0}, {"date": "2020-01-31", "individuals": 0, "tents": 0.0, "vehicles": 0}, {"date": "2020-02-26", "individuals": 4, "tents": 0.0, "vehicles": 0}, {"date": "2021-01-28", "individuals": 2, "tents": 0.0, "vehicles": 0}, {"date": "2021-02-25", "individuals": 2, "tents": 0.0, "vehicles": 0}, {"date": "2022-01-27", "individuals": 3, "tents": 1.0, "vehicles": 0}, {"date": "2022-03-01", "individuals": 3, "tents": 3.0, "vehicles": 0}, {"date": "2023-01-31", "individuals": 1, "tents": 6.0, "vehicles": 0}, {"date": "2024-01-25", "individuals": 1, "tents": 6.0, "vehicles": 0}, {"date": "2025-01-31", "individuals": 4, "tents": 0.0, "vehicles": 0}], "has_panel_data": true}}, {"type": "Feature", "geometry": {"type": "Polygon", "coordinates": [[[-117.15650803861412, 32.71364045547326], [-117.15588025204787, 32.71364319264007], [-117.1555957820189, 32.713644432348616], [-117.15558800435996, 32.713644466013335], [-117.15558794213803, 32.713635814262965], [-117.15558321866266, 32.71297610349967], [-117.15558052561434, 32.71260008546313], [-117.15558937723075, 32.71260004661749], [-117.15638251395924, 32.712596598046986], [-117.15647791925058, 32.712596182698356], [-117.15648957600074, 32.71259613218755], [-117.15649410580241, 32.71259611241872], [-117.15649729810596, 32.71259609887368], [-117.15650803861412, 32.71364045547326]]]}, "properties": {"block_id": "10TH_AV_F_ST", "neighborhood": "East Village", "latest_count_date": "2025-01-31", "latest_individuals": 2, "latest_tents": 0.0, "latest_vehicles": 0, "history": [{"date": "2018-01-24", "individuals": 0, "tents": 0.0, "vehicles": 0}, {"date": "2018-02-21", "individuals": 1, "tents": 0.0, "vehicles": 0}, {"date": "2019-01-31", "individuals": 1, "tents": 0.0, "vehicles": 0}, {"date": "2020-01-31", "individuals": 3, "tents": 2.0, "vehicles": 0}, {"date": "2020-02-26", "individuals": 0, "tents": 0.0, "vehicles": 0}, {"date": "2021-01-28", "individuals": 1, "tents": 0.0, "vehicles": 0}, {"date": "2021-02-25", "individuals": 0, "tents": 0.0, "vehicles": 0}, {"date": "2022-01-27", "individuals": 0, "tents": 0.0, "vehicles": 0}, {"date": "2022-03-01", "individuals": 0, "tents": 0.0, "vehicles": 0}, {"date": "2023-01-31", "individuals": 0, "tents": 0.0, "vehicles": 0}, {"date": "2024-01-25", "individuals": 0, "tents": 0.0, "vehicles": 0}, {"date": "2025-01-31", "individuals": 2, "tents": 0.0, "vehicles": 0}], "has_panel_data": true}}, {"type": "Feature", "geometry": {"type": "Polygon", "coordinates": [[[-117.1574140149958, 32.71258660886282], [-117.157407567862, 32.71258667523513], [-117.15739561214477, 32.71258679926998], [-117.15650095308145, 32.71259606118778], [-117.15649729810596, 32.71259609887368], [-117.15649724592393, 32.71259289176349], [-117.15649713679319, 32.7125862214836], [-117.15649705284008, 32.71258106594407], [-117.15648929306028, 32.7121046942889], [-117.15648862461478, 32.712063654644766], [-117.15647969748323, 32.711515767264075], [-117.15647966967292, 32.71151389274843], [-117.15647966052948, 32.71151331479945], [-117.15648091695392, 32.71151330917148], [-117.15648201659656, 32.71151330469582], [-117.15648243361476, 32.71151330163064], [-117.1569440529135, 32.71151129734801], [-117.1573930290056, 32.7115093464886], [-117.1573931719223, 32.71150934543707], [-117.1573952436269, 32.71161640927134], [-117.15740020651806, 32.71187294341328], [-117.15740380353559, 32.71205885781461], [-117.15741370440247, 32.71257052949276], [-117.15741391421105, 32.712581377701014], [-117.1574140149958, 32.71258660886282]]]}, "properties": {"block_id": "09TH_AV_G_ST", "neighborhood": "East Village", "latest_count_date": "2025-01-31", "latest_individuals": 2, "latest_tents": 0.0, "latest_vehicles": 0, "history": [{"date": "2018-01-24", "individuals": 4, "tents": 0.0, "vehicles": 0}, {"date": "2018-02-21", "individuals": 0, "tents": 0.0, "vehicles": 0}, {"date": "2019-01-31", "individuals": 0, "tents": 0.0, "vehicles": 0}, {"date": "2020-01-31", "individuals": 0, "tents": 0.0, "vehicles": 0}, {"date": "2020-02-26", "individuals": 1, "tents": 3.0, "vehicles": 0}, {"date": "2021-01-28", "individuals": 1, "tents": 0.0, "vehicles": 0}, {"date": "2021-02-25", "individuals": 0, "tents": 0.0, "vehicles": 0}, {"date": "2022-01-27", "individuals": 0, "tents": 0.0, "vehicles": 0}, {"date": "2022-03-01", "individuals": 1, "tents": 0.0, "vehicles": 0}, {"date": "2023-01-31", "individuals": 3, "tents": 0.0, "vehicles": 0}, {"date": "2024-01-25", "individuals": 0, "tents": 0.0, "vehicles": 0}, {"date": "2025-01-31", "individuals": 2, "tents": 0.0, "vehicles": 0}], "has_panel_data": true}}, {"type": "Feature", "geometry": {"type": "Polygon", "coordinates": [[[-117.1573931719223, 32.71150934543707], [-117.15739426619496, 32.71150933738583], [-117.1574498255977, 32.71150892858885], [-117.15759666291166, 32.71150784806343], [-117.15830310436496, 32.71150264445364], [-117.15830990573387, 32.71150259706671], [-117.15830992801418, 32.71150424167892], [-117.15832407860604, 32.71256640506687], [-117.15832425828738, 32.712579908223034], [-117.15831595941935, 32.712579969344446], [-117.15830874310511, 32.712580022492375], [-117.1582922338931, 32.71258014408056], [-117.15827118115477, 32.71258029912808], [-117.1574140149958, 32.71258660886282], [-117.15741391421105, 32.712581377701014], [-117.15741370440247, 32.71257052949276], [-117.15740380353559, 32.71205885781461], [-117.15740020651806, 32.71187294341328], [-117.1573952436269, 32.71161640927134], [-117.1573931719223, 32.71150934543707]]]}, "properties": {"block_id": "08TH_AV_G_ST", "neighborhood": "East Village", "latest_count_date": "2025-01-31", "latest_individuals": 0, "latest_tents": 0.0, "latest_vehicles": 0, "history": [{"date": "2018-01-24", "individuals": 2, "tents": 0.0, "vehicles": 0}, {"date": "2018-02-21", "individuals": 3, "tents": 0.0, "vehicles": 0}, {"date": "2019-01-31", "individuals": 0, "tents": 0.0, "vehicles": 0}, {"date": "2020-01-31", "individuals": 0, "tents": 0.0, "vehicles": 0}, {"date": "2020-02-26", "individuals": 2, "tents": 0.0, "vehicles": 0}, {"date": "2021-01-28", "individuals": 0, "tents": 0.0, "vehicles": 0}, {"date": "2021-02-25", "individuals": 1, "tents": 0.0, "vehicles": 0}, {"date": "2022-01-27", "individuals": 0, "tents": 0.0, "vehicles": 0}, {"date": "2022-03-01", "individuals": 2, "tents": 1.0, "vehicles": 0}, {"date": "2023-01-31", "individuals": 1, "tents": 0.0, "vehicles": 0}, {"date": "2024-01-25", "individuals": 0, "tents": 0.0, "vehicles": 0}, {"date": "2025-01-31", "individuals": 0, "tents": 0.0, "vehicles": 0}], "has_panel_data": true}}, {"type": "Feature", "geometry": {"type": "Polygon", "coordinates": [[[-117.15653367481508, 32.71676532653434], [-117.15653980172104, 32.71761563987151], [-117.15653990672527, 32.717630308628976], [-117.15654127826718, 32.7178206994437], [-117.15561956508681, 32.717817438874626], [-117.15561355146895, 32.716763840665436], [-117.15653367481508, 32.71676532653434]]]}, "properties": {"block_id": "10TH_AV_B_ST", "neighborhood": "City Center", "latest_count_date": "2025-01-31", "latest_individuals": 3, "latest_tents": 0.0, "latest_vehicles": 0, "history": [{"date": "2018-01-24", "individuals": 6, "tents": 2.0, "vehicles": 0}, {"date": "2018-02-21", "individuals": 5, "tents": 0.0, "vehicles": 0}, {"date": "2019-01-31", "individuals": 1, "tents": 0.0, "vehicles": 0}, {"date": "2020-01-31", "individuals": 0, "tents": 1.0, "vehicles": 0}, {"date": "2020-02-26", "individuals": 7, "tents": 0.0, "vehicles": 0}, {"date": "2021-01-28", "individuals": 5, "tents": 3.0, "vehicles": 0}, {"date": "2021-02-25", "individuals": 2, "tents": 3.0, "vehicles": 0}, {"date": "2022-01-27", "individuals": 4, "tents": 10.0, "vehicles": 0}, {"date": "2022-03-01", "individuals": 9, "tents": 16.0, "vehicles": 0}, {"date": "2023-01-31", "individuals": 3, "tents": 2.0, "vehicles": 0}, {"date": "2024-01-25", "individuals": 1, "tents": 0.0, "vehicles": 0}, {"date": "2025-01-31", "individuals": 3, "tents": 0.0, "vehicles": 0}], "has_panel_data": true}}, {"type": "Feature", "geometry": {"type": "Polygon", "coordinates": [[[-117.14854926300559, 32.71045545381728], [-117.14776251479046, 32.71045568652446], [-117.14773251375884, 32.70942521365323], [-117.14855162017352, 32.70941100278347], [-117.14854926300559, 32.71045545381728]]]}, "properties": {"block_id": "I-5_SB_ISLAND_AV", "neighborhood": "South East Village", "latest_count_date": "2025-01-31", "latest_individuals": 0, "latest_tents": 0.0, "latest_vehicles": 0, "history": [{"date": "2018-01-24", "individuals": 1, "tents": 0.0, "vehicles": 1}, {"date": "2018-02-21", "individuals": 1, "tents": 0.0, "vehicles": 0}, {"date": "2019-01-31", "individuals": 0, "tents": 0.0, "vehicles": 0}, {"date": "2020-01-31", "individuals": 1, "tents": 0.0, "vehicles": 0}, {"date": "2020-02-26", "individuals": 0, "tents": 0.0, "vehicles": 0}, {"date": "2021-01-28", "individuals": 0, "tents": 0.0, "vehicles": 0}, {"date": "2021-02-25", "individuals": 0, "tents": 0.0, "vehicles": 0}, {"date": "2022-01-27", "individuals": 0, "tents": 0.0, "vehicles": 0}, {"date": "2022-03-01", "individuals": 0, "tents": 0.0, "vehicles": 0}, {"date": "2023-01-31", "individuals": 0, "tents": 0.0, "vehicles": 0}, {"date": "2024-01-25", "individuals": 1, "tents": 0.0, "vehicles": 0}, {"date": "2025-01-31", "individuals": 0, "tents": 0.0, "vehicles": 0}], "has_panel_data": true}}, {"type": "Feature", "geometry": {"type": "Polygon", "coordinates": [[[-117.14776251479046, 32.71045568652446], [-117.14854926300559, 32.71045545381728], [-117.14855048960678, 32.71153286173919], [-117.1477344807471, 32.71153330738403], [-117.14776249378167, 32.710456451353444], [-117.14776251479046, 32.71045568652446]]]}, "properties": {"block_id": "I-5_SB_MARKET_ST", "neighborhood": "South East Village", "latest_count_date": "2025-01-31", "latest_individuals": 0, "latest_tents": 0.0, "latest_vehicles": 0, "history": [{"date": "2018-01-24", "individuals": 0, "tents": 0.0, "vehicles": 1}, {"date": "2018-02-21", "individuals": 2, "tents": 0.0, "vehicles": 0}, {"date": "2019-01-31", "individuals": 0, "tents": 0.0, "vehicles": 0}, {"date": "2020-01-31", "individuals": 0, "tents": 0.0, "vehicles": 1}, {"date": "2020-02-26", "individuals": 0, "tents": 0.0, "vehicles": 0}, {"date": "2021-01-28", "individuals": 1, "tents": 0.0, "vehicles": 0}, {"date": "2021-02-25", "individuals": 0, "tents": 0.0, "vehicles": 0}, {"date": "2022-01-27", "individuals": 1, "tents": 1.0, "vehicles": 0}, {"date": "2022-03-01", "individuals": 0, "tents": 0.0, "vehicles": 0}, {"date": "2023-01-31", "individuals": 0, "tents": 0.0, "vehicles": 0}, {"date": "2024-01-25", "individuals": 0, "tents": 1.0, "vehicles": 0}, {"date": "2025-01-31", "individuals": 0, "tents": 0.0, "vehicles": 0}], "has_panel_data": true}}, {"type": "Feature", "geometry": {"type": "Polygon", "coordinates": [[[-117.14855162017352, 32.70941100278347], [-117.14773251375884, 32.70942521365323], [-117.14773244651049, 32.70935158432205], [-117.14788141104599, 32.70872325994981], [-117.14788525447442, 32.70870990694695], [-117.14788910752785, 32.7086965565791], [-117.14789297021544, 32.70868320974795], [-117.14789684569081, 32.70866986192186], [-117.14790073188516, 32.70865651942802], [-117.14790462342006, 32.708643177796894], [-117.1479085288368, 32.708629837868095], [-117.14791244388765, 32.70861650147593], [-117.14791637172623, 32.70860316408885], [-117.14792030602698, 32.70858983296671], [-117.14792425312461, 32.70857650175129], [-117.14792821090451, 32.70856317226146], [-117.14793217725199, 32.70854984631611], [-117.14793615426336, 32.70853652029292], [-117.14794014092723, 32.70852319960981], [-117.14794414038795, 32.70850987883334], [-117.14794814630166, 32.70849656342023], [-117.14795216500299, 32.70848324701211], [-117.14795619437741, 32.70846993142789], [-117.14796023233775, 32.70845662119145], [-117.14796428099868, 32.70844331448396], [-117.14796834241973, 32.70843000407644], [-117.1479724103212, 32.708416701737235], [-117.14797649528562, 32.708403399273685], [-117.14798058240935, 32.708390099499454], [-117.14798468235743, 32.70837680233699], [-117.14798879300612, 32.708363508703385], [-117.14799126724459, 32.708355528317995], [-117.14799291644242, 32.70835021407477], [-117.14799704633162, 32.70833692480951], [-117.1480011890268, 32.70832363635257], [-117.1480053424042, 32.708310349621165], [-117.14800950434906, 32.70829706643422], [-117.14801367697612, 32.70828378497286], [-117.14801785814318, 32.70827050435084], [-117.1480220532286, 32.7082572290378], [-117.14802625790212, 32.708243952753044], [-117.14803047010422, 32.70823068272552], [-117.14803469406411, 32.70821741531743], [-117.1480389275937, 32.70820414513428], [-117.1480431750417, 32.708190880260105], [-117.1480474288782, 32.70817761443745], [-117.14805169237634, 32.7081643548565], [-117.14805596869874, 32.70815109788728], [-117.14806025461837, 32.708137840847954], [-117.1480645512293, 32.7081245864359], [-117.14806885642608, 32.70811133737159], [-117.14807317229577, 32.70809808913109], [-117.14807750098059, 32.70808484260067], [-117.14808183609064, 32.70807159872848], [-117.1480861839974, 32.70805835476295], [-117.14809054263219, 32.708045117031304], [-117.14809490978854, 32.70803187833572], [-117.14809857160084, 32.70802080534699], [-117.14823459062926, 32.70836026685557], [-117.14827536751703, 32.70846203064653], [-117.14854800620012, 32.70905647102269], [-117.14855162017352, 32.70941100278347]]]}, "properties": {"block_id": "I-5_SB_OFF_RA_J_ST", "neighborhood": "South East Village", "latest_count_date": "2025-01-31", "latest_individuals": 5, "latest_tents": 15.0, "latest_vehicles": 0, "history": [{"date": "2018-01-24", "individuals": 2, "tents": 2.0, "vehicles": 0}, {"date": "2018-02-21", "individuals": 1, "tents": 2.0, "vehicles": 0}, {"date": "2019-01-31", "individuals": 5, "tents": 7.0, "vehicles": 0}, {"date": "2020-01-31", "individuals": 4, "tents": 0.0, "vehicles": 1}, {"date": "2020-02-26", "individuals": 0, "tents": 0.0, "vehicles": 0}, {"date": "2021-01-28", "individuals": 0, "tents": 0.0, "vehicles": 0}, {"date": "2021-02-25", "individuals": 0, "tents": 2.0, "vehicles": 0}, {"date": "2022-01-27", "individuals": 0, "tents": 0.0, "vehicles": 0}, {"date": "2022-03-01", "individuals": 0, "tents": 11.0, "vehicles": 0}, {"date": "2023-01-31", "individuals": 0, "tents": 5.0, "vehicles": 0}, {"date": "2024-01-25", "individuals": 3, "tents": 15.0, "vehicles": 0}, {"date": "2025-01-31", "individuals": 5, "tents": 15.0, "vehicles": 0}], "has_panel_data": true}}, {"type": "Feature", "geometry": {"type": "Polygon", "coordinates": [[[-117.15463414278273, 32.70940226560796], [-117.15464816802256, 32.71045209502916], [-117.15374111263918, 32.71045049620833], [-117.15373034898423, 32.709400646469156], [-117.15463414278273, 32.70940226560796]]]}, "properties": {"block_id": "PARK_BL_ISLAND_AV", "neighborhood": "South East Village", "latest_count_date": "2025-01-31", "latest_individuals": 0, "latest_tents": 0.0, "latest_vehicles": 0, "history": [{"date": "2018-01-24", "individuals": 2, "tents": 0.0, "vehicles": 0}, {"date": "2018-02-21", "individuals": 1, "tents": 0.0, "vehicles": 0}, {"date": "2019-01-31", "individuals": 0, "tents": 0.0, "vehicles": 0}, {"date": "2020-01-31", "individuals": 0, "tents": 0.0, "vehicles": 0}, {"date": "2020-02-26", "individuals": 0, "tents": 0.0, "vehicles": 0}, {"date": "2021-01-28", "individuals": 0, "tents": 0.0, "vehicles": 0}, {"date": "2021-02-25", "individuals": 0, "tents": 0.0, "vehicles": 0}, {"date": "2022-01-27", "individuals": 0, "tents": 0.0, "vehicles": 0}, {"date": "2022-03-01", "individuals": 0, "tents": 0.0, "vehicles": 0}, {"date": "2023-01-31", "individuals": 1, "tents": 0.0, "vehicles": 0}, {"date": "2024-01-25", "individuals": 0, "tents": 0.0, "vehicles": 0}, {"date": "2025-01-31", "individuals": 0, "tents": 0.0, "vehicles": 0}], "has_panel_data": true}}, {"type": "Feature", "geometry": {"type": "Polygon", "coordinates": [[[-117.15464816802256, 32.71045209502916], [-117.15463414278273, 32.70940226560796], [-117.15554760414796, 32.709395561616034], [-117.1555476126737, 32.70939608005462], [-117.15554768255751, 32.70940028706558], [-117.15555737342225, 32.70998707445022], [-117.15556086062014, 32.710198192435975], [-117.15556448351792, 32.71041753420776], [-117.15556477461476, 32.71043517553772], [-117.15556480630889, 32.71043711855716], [-117.15556224474521, 32.71043716081166], [-117.15556116125285, 32.71043717868674], [-117.15556056938442, 32.710437188443144], [-117.15474893940075, 32.71045044863493], [-117.15464816802256, 32.71045209502916]]]}, "properties": {"block_id": "11TH_AV_ISLAND_AV", "neighborhood": "South East Village", "latest_count_date": "2025-01-31", "latest_individuals": 1, "latest_tents": 0.0, "latest_vehicles": 0, "history": [{"date": "2018-01-24", "individuals": 0, "tents": 0.0, "vehicles": 0}, {"date": "2018-02-21", "individuals": 2, "tents": 0.0, "vehicles": 0}, {"date": "2019-01-31", "individuals": 0, "tents": 0.0, "vehicles": 0}, {"date": "2020-01-31", "individuals": 0, "tents": 0.0, "vehicles": 0}, {"date": "2020-02-26", "individuals": 0, "tents": 0.0, "vehicles": 0}, {"date": "2021-01-28", "individuals": 0, "tents": 0.0, "vehicles": 0}, {"date": "2021-02-25", "individuals": 1, "tents": 0.0, "vehicles": 0}, {"date": "2022-01-27", "individuals": 2, "tents": 0.0, "vehicles": 0}, {"date": "2022-03-01", "individuals": 2, "tents": 0.0, "vehicles": 0}, {"date": "2023-01-31", "individuals": 0, "tents": 0.0, "vehicles": 0}, {"date": "2024-01-25", "individuals": 0, "tents": 0.0, "vehicles": 0}, {"date": "2025-01-31", "individuals": 1, "tents": 0.0, "vehicles": 0}], "has_panel_data": true}}, {"type": "Feature", "geometry": {"type": "Polygon", "coordinates": [[[-117.15374111263918, 32.71045049620833], [-117.15464816802256, 32.71045209502916], [-117.15465261035779, 32.71151848491722], [-117.15374567268967, 32.71152371587442], [-117.15374418376783, 32.711523724080024], [-117.15374111263918, 32.71045049620833]]]}, "properties": {"block_id": "PARK_BL_MARKET_ST", "neighborhood": "South East Village", "latest_count_date": "2025-01-31", "latest_individuals": 1, "latest_tents": 0.0, "latest_vehicles": 0, "history": [{"date": "2018-01-24", "individuals": 4, "tents": 0.0, "vehicles": 0}, {"date": "2018-02-21", "individuals": 3, "tents": 0.0, "vehicles": 0}, {"date": "2019-01-31", "individuals": 1, "tents": 0.0, "vehicles": 0}, {"date": "2020-01-31", "individuals": 2, "tents": 0.0, "vehicles": 0}, {"date": "2020-02-26", "individuals": 0, "tents": 0.0, "vehicles": 0}, {"date": "2021-01-28", "individuals": 4, "tents": 0.0, "vehicles": 0}, {"date": "2021-02-25", "individuals": 1, "tents": 0.0, "vehicles": 0}, {"date": "2022-01-27", "individuals": 0, "tents": 0.0, "vehicles": 0}, {"date": "2022-03-01", "individuals": 1, "tents": 0.0, "vehicles": 0}, {"date": "2023-01-31", "individuals": 1, "tents": 0.0, "vehicles": 0}, {"date": "2024-01-25", "individuals": 2, "tents": 0.0, "vehicles": 0}, {"date": "2025-01-31", "individuals": 1, "tents": 0.0, "vehicles": 0}], "has_panel_data": true}}, {"type": "Feature", "geometry": {"type": "Polygon", "coordinates": [[[-117.15556480630889, 32.71043711855716], [-117.15556477461476, 32.71043517553772], [-117.15556448351792, 32.71041753420776], [-117.15556086062014, 32.710198192435975], [-117.15555737342225, 32.70998707445022], [-117.15554768255751, 32.70940028706558], [-117.1555476126737, 32.70939608005462], [-117.15554760414796, 32.709395561616034], [-117.15645136859936, 32.70939441914569], [-117.15645318239802, 32.70950442004381], [-117.15645318510572, 32.709504579632096], [-117.15646225758901, 32.71005460574406], [-117.15646505718765, 32.710224371315206], [-117.15646863800089, 32.71044147616646], [-117.15601681334128, 32.710439298421555], [-117.1555893448925, 32.710437236847575], [-117.15557124788809, 32.71043714970887], [-117.15556480630889, 32.71043711855716]]]}, "properties": {"block_id": "10TH_AV_ISLAND_AV", "neighborhood": "South East Village", "latest_count_date": "2025-01-31", "latest_individuals": 1, "latest_tents": 0.0, "latest_vehicles": 0, "history": [{"date": "2018-01-24", "individuals": 2, "tents": 0.0, "vehicles": 0}, {"date": "2018-02-21", "individuals": 0, "tents": 0.0, "vehicles": 0}, {"date": "2019-01-31", "individuals": 0, "tents": 0.0, "vehicles": 0}, {"date": "2020-01-31", "individuals": 3, "tents": 0.0, "vehicles": 0}, {"date": "2020-02-26", "individuals": 0, "tents": 0.0, "vehicles": 0}, {"date": "2021-01-28", "individuals": 0, "tents": 0.0, "vehicles": 0}, {"date": "2021-02-25", "individuals": 3, "tents": 0.0, "vehicles": 0}, {"date": "2022-01-27", "individuals": 1, "tents": 0.0, "vehicles": 0}, {"date": "2022-03-01", "individuals": 0, "tents": 0.0, "vehicles": 0}, {"date": "2023-01-31", "individuals": 2, "tents": 0.0, "vehicles": 0}, {"date": "2024-01-25", "individuals": 0, "tents": 0.0, "vehicles": 0}, {"date": "2025-01-31", "individuals": 1, "tents": 0.0, "vehicles": 0}], "has_panel_data": true}}, {"type": "Feature", "geometry": {"type": "Polygon", "coordinates": [[[-117.15465261035779, 32.71151848491722], [-117.15465280492232, 32.71153047935209], [-117.1546546172282, 32.71164200422068], [-117.15467025369911, 32.71260401755282], [-117.15376326074498, 32.7126106674019], [-117.15375007356539, 32.71185942346085], [-117.15374435112999, 32.71153338951761], [-117.15374421207558, 32.711525340694266], [-117.15374418376783, 32.711523724080024], [-117.15374567268967, 32.71152371587442], [-117.15465261035779, 32.71151848491722]]]}, "properties": {"block_id": "PARK_BL_G_ST", "neighborhood": "East Village", "latest_count_date": "2025-01-31", "latest_individuals": 0, "latest_tents": 0.0, "latest_vehicles": 0, "history": [{"date": "2018-01-24", "individuals": 0, "tents": 0.0, "vehicles": 0}, {"date": "2018-02-21", "individuals": 0, "tents": 0.0, "vehicles": 0}, {"date": "2019-01-31", "individuals": 0, "tents": 0.0, "vehicles": 0}, {"date": "2020-01-31", "individuals": 0, "tents": 0.0, "vehicles": 0}, {"date": "2020-02-26", "individuals": 0, "tents": 0.0, "vehicles": 0}, {"date": "2021-01-28", "individuals": 0, "tents": 0.0, "vehicles": 0}, {"date": "2021-02-25", "individuals": 0, "tents": 0.0, "vehicles": 0}, {"date": "2022-01-27", "individuals": 3, "tents": 0.0, "vehicles": 0}, {"date": "2022-03-01", "individuals": 1, "tents": 0.0, "vehicles": 0}, {"date": "2023-01-31", "individuals": 0, "tents": 0.0, "vehicles": 0}, {"date": "2024-01-25", "individuals": 2, "tents": 0.0, "vehicles": 0}, {"date": "2025-01-31", "individuals": 0, "tents": 0.0, "vehicles": 0}], "has_panel_data": true}}, {"type": "Feature", "geometry": {"type": "Polygon", "coordinates": [[[-117.14855162017352, 32.70941100278347], [-117.14854800620012, 32.70905647102269], [-117.14854422516068, 32.70836662283662], [-117.14943172561185, 32.70836565023136], [-117.14945213412561, 32.70940993528988], [-117.14855162017352, 32.70941100278347]]]}, "properties": {"block_id": "17TH_ST_J_ST", "neighborhood": "South East Village", "latest_count_date": "2025-01-31", "latest_individuals": 10, "latest_tents": 0.0, "latest_vehicles": 0, "history": [{"date": "2018-01-24", "individuals": 8, "tents": 1.0, "vehicles": 0}, {"date": "2018-02-21", "individuals": 9, "tents": 1.0, "vehicles": 0}, {"date": "2019-01-31", "individuals": 11, "tents": 5.0, "vehicles": 0}, {"date": "2020-01-31", "individuals": 7, "tents": 2.0, "vehicles": 0}, {"date": "2020-02-26", "individuals": 12, "tents": 1.0, "vehicles": 0}, {"date": "2021-01-28", "individuals": 5, "tents": 3.0, "vehicles": 0}, {"date": "2021-02-25", "individuals": 8, "tents": 2.0, "vehicles": 0}, {"date": "2022-01-27", "individuals": 6, "tents": 5.0, "vehicles": 1}, {"date": "2022-03-01", "individuals": 7, "tents": 5.0, "vehicles": 0}, {"date": "2023-01-31", "individuals": 4, "tents": 1.0, "vehicles": 0}, {"date": "2024-01-25", "individuals": 7, "tents": 3.0, "vehicles": 0}, {"date": "2025-01-31", "individuals": 10, "tents": 0.0, "vehicles": 0}], "has_panel_data": true}}, {"type": "Feature", "geometry": {"type": "Polygon", "coordinates": [[[-117.14772984312754, 32.70646883626396], [-117.14772966621706, 32.7062726927694], [-117.14852282233521, 32.706266916301196], [-117.14853344163082, 32.706670870082846], [-117.14853337532097, 32.7067032890399], [-117.1485331186028, 32.70671702802569], [-117.14853303378949, 32.706719903392454], [-117.14853272537441, 32.70673076800614], [-117.14853219555303, 32.706744500866094], [-117.14853152919369, 32.70675823201572], [-117.14853072625964, 32.70677195784823], [-117.14852978994104, 32.7067856774387], [-117.14852871488694, 32.70679938902257], [-117.14852750214551, 32.706813090788756], [-117.14852615601009, 32.7068267854112], [-117.14852467325369, 32.70684047020818], [-117.14852305067672, 32.706854145203025], [-117.14852129784074, 32.70686780671905], [-117.14851940515655, 32.706881455727874], [-117.14851737899538, 32.70689508947786], [-117.1485152161853, 32.706908710697306], [-117.14851291986133, 32.70692231305125], [-117.14851048686076, 32.70693590016958], [-117.148507920383, 32.706949472029066], [-117.1485052203912, 32.70696302502298], [-117.14850238361234, 32.706976551961276], [-117.14849941335612, 32.70699006364061], [-117.14849630635858, 32.70700355377265], [-117.14849306897273, 32.70701701780239], [-117.14848969593956, 32.70703046298203], [-117.14848619142393, 32.707043879362104], [-117.14848255017598, 32.70705727509644], [-117.14847877850274, 32.7070706411218], [-117.14847487429867, 32.70708398015862], [-117.14847083861186, 32.70709729039584], [-117.14846666613747, 32.707110574577236], [-117.14846236746665, 32.70712382541176], [-117.14845793412267, 32.707137048371656], [-117.14845337136441, 32.707150236204555], [-117.14844867815286, 32.707163391623276], [-117.14844385128853, 32.7071765146512], [-117.14843889608535, 32.70718960344599], [-117.14843380824989, 32.707202655333745], [-117.14842859629552, 32.70721566844894], [-117.14842325173623, 32.707228647362086], [-117.14841777881043, 32.70724158933707], [-117.14841217851097, 32.707254487152696], [-117.14840644877835, 32.70726734803789], [-117.14840059064231, 32.70728016837817], [-117.14839460938924, 32.707292943626314], [-117.14838849759047, 32.70730567744337], [-117.14838226163566, 32.707318368881], [-117.14837589828862, 32.70733101435588], [-117.14836941074867, 32.70734361384457], [-117.14836279686446, 32.70735616555938], [-117.14835605773924, 32.707368673099076], [-117.14834919864099, 32.70738113011316], [-117.14834221212271, 32.70739353845932], [-117.14833510455574, 32.70740589538589], [-117.14832787383453, 32.70741820361345], [-117.14832052099806, 32.707430460429144], [-117.14831304815169, 32.707442663112374], [-117.14830545103854, 32.707454812595955], [-117.14829773923874, 32.707466907006484], [-117.14829375581017, 32.707472790121976], [-117.14828579540433, 32.70748477091989], [-117.14827798613466, 32.70749682546084], [-117.14827033326948, 32.707508947394345], [-117.1482628315039, 32.70752113946422], [-117.14825548504876, 32.70753339622945], [-117.14824829286523, 32.70754572040284], [-117.14824125704033, 32.70755810746049], [-117.1482343818494, 32.70757055827308], [-117.14822765981782, 32.70758307199331], [-117.14822110050726, 32.707595644944554], [-117.14821469857621, 32.707608276264075], [-117.14820845934794, 32.70762096501134], [-117.14820237638676, 32.70763370762632], [-117.1481978305602, 32.70764353904788], [-117.14819646038539, 32.70764650673628], [-117.14819070385073, 32.707659359690766], [-117.14818510991802, 32.707672260154645], [-117.14817968292691, 32.707685215310335], [-117.14817441211133, 32.707698215317066], [-117.14816931134503, 32.7077112609756], [-117.14816437639882, 32.707724355923744], [-117.14815960825666, 32.7077374920386], [-117.14815500268003, 32.70775067205631], [-117.14815056282269, 32.707763891445325], [-117.14814629935886, 32.707777151029504], [-117.14814219946304, 32.707790448197166], [-117.1481382652591, 32.707803782031036], [-117.14813450312774, 32.70781715068127], [-117.14813090770899, 32.707830551481614], [-117.1481274843262, 32.70784398349165], [-117.14812423088323, 32.707857450333535], [-117.1481211472883, 32.70787094299059], [-117.14811823568364, 32.707884462349], [-117.1481154928606, 32.70789800753039], [-117.14811291986746, 32.70791157672364], [-117.14811052629355, 32.707925168957175], [-117.14810829825615, 32.707938782528686], [-117.14810624530782, 32.707952412859754], [-117.1481043664097, 32.70796606266339], [-117.1481026551354, 32.707979729280986], [-117.14810112104671, 32.707993409036156], [-117.14809976096252, 32.70800710375537], [-117.14809857160084, 32.70802080534699], [-117.14808792906288, 32.70801042175908], [-117.14807754168018, 32.70799985235707], [-117.14806742017275, 32.707989102473384], [-117.14805755286426, 32.70797817760362], [-117.14804796647222, 32.70796708296368], [-117.14803865142568, 32.707955821328525], [-117.1480296109884, 32.7079443989867], [-117.14802085802258, 32.707932822156714], [-117.14801239041351, 32.70792109265755], [-117.14800421037688, 32.7079092185888], [-117.14799632539639, 32.70789720169944], [-117.14798873343089, 32.70788505102191], [-117.14798143983111, 32.707872768320726], [-117.1479744542965, 32.70786036344442], [-117.14796776934311, 32.707847834644085], [-117.1479613957644, 32.70783519446559], [-117.14795532930346, 32.70782244384169], [-117.14794958499219, 32.70780959258208], [-117.1479441532228, 32.707796639855076], [-117.14793904051363, 32.70778359733584], [-117.14793424472222, 32.707770464138314], [-117.14792977665134, 32.70775725370995], [-117.14792563306455, 32.70774396246739], [-117.14792181306981, 32.70773060755029], [-117.14791832518047, 32.70771718709311], [-117.1479151609196, 32.707703706568125], [-117.14791233423414, 32.70769017398942], [-117.14790983985579, 32.70767659570762], [-117.1479076756973, 32.707662976246574], [-117.14790584927914, 32.70764932096204], [-117.14790545050239, 32.707645668209466], [-117.14790435429391, 32.707635638917324], [-117.14790319715894, 32.707621931869184], [-117.14790260830064, 32.70761270684253], [-117.14790095451892, 32.707599036774866], [-117.14789930073765, 32.70758536670721], [-117.14789764266335, 32.70757169396556], [-117.14789598568363, 32.70755802392115], [-117.1478943244385, 32.7075443539078], [-117.14789265786132, 32.70753068393325], [-117.14789099341772, 32.707517013943146], [-117.14788932366965, 32.70750334669688], [-117.14788765282809, 32.70748967675332], [-117.14788597878753, 32.70747600683306], [-117.14788430584157, 32.70746233961006], [-117.14788262540311, 32.70744866973632], [-117.14788094497437, 32.70743500076425], [-117.14787926563099, 32.70742133358778], [-117.14787758202216, 32.70740766644231], [-117.14787589518681, 32.70739399661514], [-117.14787420518007, 32.70738032951625], [-117.14787251197437, 32.70736666244065], [-117.14787081876919, 32.707352995364985], [-117.14786912236508, 32.70733932831264], [-117.14786742596146, 32.70732566126025], [-117.14786572635889, 32.70731199423117], [-117.14786402355742, 32.70729832722534], [-117.14786231758447, 32.707284662947814], [-117.14786061158456, 32.70727099596525], [-117.1478589013192, 32.70725732901373], [-117.14785718895811, 32.70724366568439], [-117.14785547336135, 32.70722999877169], [-117.14785375782023, 32.707216337268925], [-117.14785203793103, 32.70720266768223], [-117.14785031916394, 32.70718900349777], [-117.14784859719792, 32.70717533933655], [-117.14784687096648, 32.70716167520639], [-117.14784514260255, 32.70714801109171], [-117.14784341317268, 32.707134346984795], [-117.14784168161955, 32.70712068379511], [-117.1478399458194, 32.707107022439786], [-117.14783820783165, 32.70709335568991], [-117.14783646883313, 32.70707969435785], [-117.14783472660807, 32.707066030344016], [-117.14783298545005, 32.707052366322365], [-117.14783124005413, 32.70703870503683], [-117.14782949144099, 32.70702504197124], [-117.14782773961971, 32.70701137802721], [-117.14782598465456, 32.70699771951647], [-117.14782423390085, 32.706984055564675], [-117.14782247570982, 32.7069703943722], [-117.14782071431985, 32.706956733203], [-117.14781895293962, 32.706943072935445], [-117.14781718835128, 32.706929411789524], [-117.14781542376349, 32.70691575064354], [-117.14781365600439, 32.706902092225896], [-117.1478118850463, 32.70688843383153], [-117.1478101108342, 32.70687477005035], [-117.14780833562052, 32.70686111258866], [-117.14780655823759, 32.70684745153573], [-117.14780477768336, 32.7068337932111], [-117.14780299390263, 32.70682013220478], [-117.14780120908355, 32.706806473911215], [-117.14779942214125, 32.70679281653482], [-117.14772984312754, 32.70646883626396]]]}, "properties": {"block_id": "I-5_SB_ON_RA_Map_Border", "neighborhood": "South East Village", "latest_count_date": "2025-01-31", "latest_individuals": 6, "latest_tents": 2.0, "latest_vehicles": 0, "history": [{"date": "2018-01-24", "individuals": 0, "tents": 0.0, "vehicles": 0}, {"date": "2018-02-21", "individuals": 0, "tents": 1.0, "vehicles": 0}, {"date": "2019-01-31", "individuals": 0, "tents": 0.0, "vehicles": 0}, {"date": "2020-01-31", "individuals": 0, "tents": 0.0, "vehicles": 0}, {"date": "2020-02-26", "individuals": 0, "tents": 0.0, "vehicles": 0}, {"date": "2021-01-28", "individuals": 0, "tents": 0.0, "vehicles": 0}, {"date": "2021-02-25", "individuals": 1, "tents": 0.0, "vehicles": 0}, {"date": "2022-01-27", "individuals": 0, "tents": 0.0, "vehicles": 0}, {"date": "2022-03-01", "individuals": 0, "tents": 0.0, "vehicles": 0}, {"date": "2023-01-31", "individuals": 0, "tents": 2.0, "vehicles": 0}, {"date": "2024-01-25", "individuals": 0, "tents": 0.0, "vehicles": 0}, {"date": "2025-01-31", "individuals": 6, "tents": 2.0, "vehicles": 0}], "has_panel_data": true}}, {"type": "Feature", "geometry": {"type": "Polygon", "coordinates": [[[-117.14854926300559, 32.71045545381728], [-117.14855162017352, 32.70941100278347], [-117.14945213412561, 32.70940993528988], [-117.14944647755584, 32.71044891347074], [-117.14854926300559, 32.71045545381728]]]}, "properties": {"block_id": "17TH_ST_ISLAND_AV", "neighborhood": "South East Village", "latest_count_date": "2025-01-31", "latest_individuals": 5, "latest_tents": 0.0, "latest_vehicles": 0, "history": [{"date": "2018-01-24", "individuals": 18, "tents": 12.0, "vehicles": 0}, {"date": "2018-02-21", "individuals": 13, "tents": 3.0, "vehicles": 1}, {"date": "2019-01-31", "individuals": 10, "tents": 0.0, "vehicles": 1}, {"date": "2020-01-31", "individuals": 9, "tents": 0.0, "vehicles": 0}, {"date": "2020-02-26", "individuals": 8, "tents": 5.0, "vehicles": 0}, {"date": "2021-01-28", "individuals": 3, "tents": 3.0, "vehicles": 0}, {"date": "2021-02-25", "individuals": 3, "tents": 7.0, "vehicles": 0}, {"date": "2022-01-27", "individuals": 4, "tents": 16.0, "vehicles": 0}, {"date": "2022-03-01", "individuals": 8, "tents": 17.0, "vehicles": 0}, {"date": "2023-01-31", "individuals": 1, "tents": 3.0, "vehicles": 0}, {"date": "2024-01-25", "individuals": 2, "tents": 4.0, "vehicles": 0}, {"date": "2025-01-31", "individuals": 5, "tents": 0.0, "vehicles": 0}], "has_panel_data": true}}, {"type": "Feature", "geometry": {"type": "Polygon", "coordinates": [[[-117.14857735667107, 32.71576262708554], [-117.1485880877546, 32.716815226662774], [-117.14821741439698, 32.71681242973295], [-117.14812868719498, 32.71640079910446], [-117.14806742485929, 32.7161318907374], [-117.14802395966852, 32.715852757772566], [-117.14802016181207, 32.715840878841156], [-117.14801603388571, 32.715827592892175], [-117.14801201869821, 32.71581427456126], [-117.14800811209334, 32.7158009346996], [-117.14800432471867, 32.71578757142616], [-117.14800064378413, 32.7157741857358], [-117.14799867988337, 32.71576684183082], [-117.14831402613376, 32.71576454536876], [-117.14857735667107, 32.71576262708554]]]}, "properties": {"block_id": "I-5_SB_ON_RA_C_ST", "neighborhood": "East Village", "latest_count_date": "2025-01-31", "latest_individuals": 0, "latest_tents": 12.0, "latest_vehicles": 0, "history": [{"date": "2018-01-24", "individuals": 0, "tents": 0.0, "vehicles": 0}, {"date": "2018-02-21", "individuals": 0, "tents": 0.0, "vehicles": 0}, {"date": "2019-01-31", "individuals": 1, "tents": 0.0, "vehicles": 0}, {"date": "2020-01-31", "individuals": 0, "tents": 0.0, "vehicles": 3}, {"date": "2020-02-26", "individuals": 1, "tents": 0.0, "vehicles": 1}, {"date": "2021-01-28", "individuals": 0, "tents": 2.0, "vehicles": 0}, {"date": "2021-02-25", "individuals": 0, "tents": 0.0, "vehicles": 1}, {"date": "2022-01-27", "individuals": 1, "tents": 0.0, "vehicles": 1}, {"date": "2022-03-01", "individuals": 0, "tents": 0.0, "vehicles": 0}, {"date": "2023-01-31", "individuals": 0, "tents": 0.0, "vehicles": 2}, {"date": "2024-01-25", "individuals": 0, "tents": 0.0, "vehicles": 0}, {"date": "2025-01-31", "individuals": 0, "tents": 12.0, "vehicles": 0}], "has_panel_data": true}}, {"type": "Feature", "geometry": {"type": "Polygon", "coordinates": [[[-117.1485880877546, 32.716815226662774], [-117.14857735667107, 32.71576262708554], [-117.14948763236305, 32.715755991671294], [-117.14949195641856, 32.71681688349402], [-117.1485880877546, 32.716815226662774]]]}, "properties": {"block_id": "17TH_ST_C_ST", "neighborhood": "East Village", "latest_count_date": "2025-01-31", "latest_individuals": 3, "latest_tents": 12.0, "latest_vehicles": 0, "history": [{"date": "2018-01-24", "individuals": 0, "tents": 0.0, "vehicles": 0}, {"date": "2018-02-21", "individuals": 0, "tents": 0.0, "vehicles": 0}, {"date": "2019-01-31", "individuals": 1, "tents": 0.0, "vehicles": 0}, {"date": "2020-01-31", "individuals": 0, "tents": 0.0, "vehicles": 0}, {"date": "2020-02-26", "individuals": 0, "tents": 0.0, "vehicles": 0}, {"date": "2021-01-28", "individuals": 0, "tents": 0.0, "vehicles": 1}, {"date": "2021-02-25", "individuals": 0, "tents": 0.0, "vehicles": 1}, {"date": "2022-01-27", "individuals": 0, "tents": 0.0, "vehicles": 0}, {"date": "2022-03-01", "individuals": 0, "tents": 0.0, "vehicles": 1}, {"date": "2023-01-31", "individuals": 0, "tents": 0.0, "vehicles": 0}, {"date": "2024-01-25", "individuals": 0, "tents": 0.0, "vehicles": 0}, {"date": "2025-01-31", "individuals": 3, "tents": 12.0, "vehicles": 0}], "has_panel_data": true}}, {"type": "Feature", "geometry": {"type": "Polygon", "coordinates": [[[-117.15196855186281, 32.71641400474293], [-117.15197243301522, 32.71679327118541], [-117.1504184678161, 32.71680737437256], [-117.15041313340853, 32.71628519530884], [-117.15040768677248, 32.71575202394865], [-117.15196494059441, 32.71574339372469], [-117.15196855186281, 32.71641400474293]]]}, "properties": {"block_id": "15TH_ST_C_ST", "neighborhood": "East Village", "latest_count_date": "2025-01-31", "latest_individuals": 0, "latest_tents": 0.0, "latest_vehicles": 0, "history": [{"date": "2018-01-24", "individuals": 0, "tents": 0.0, "vehicles": 0}, {"date": "2018-02-21", "individuals": 1, "tents": 0.0, "vehicles": 0}, {"date": "2019-01-31", "individuals": 0, "tents": 0.0, "vehicles": 0}, {"date": "2020-01-31", "individuals": 0, "tents": 0.0, "vehicles": 0}, {"date": "2020-02-26", "individuals": 0, "tents": 0.0, "vehicles": 0}, {"date": "2021-01-28", "individuals": 0, "tents": 0.0, "vehicles": 0}, {"date": "2021-02-25", "individuals": 1, "tents": 0.0, "vehicles": 0}, {"date": "2022-01-27", "individuals": 0, "tents": 0.0, "vehicles": 0}, {"date": "2022-03-01", "individuals": 0, "tents": 0.0, "vehicles": 0}, {"date": "2023-01-31", "individuals": 0, "tents": 0.0, "vehicles": 0}, {"date": "2024-01-25", "individuals": 3, "tents": 0.0, "vehicles": 0}, {"date": "2025-01-31", "individuals": 0, "tents": 0.0, "vehicles": 0}], "has_panel_data": true}}, {"type": "Feature", "geometry": {"type": "Polygon", "coordinates": [[[-117.15197243301522, 32.71679327118541], [-117.15196855186281, 32.71641400474293], [-117.15196494059441, 32.71574339372469], [-117.15286874306508, 32.71573952649468], [-117.15287230493283, 32.716404643589804], [-117.152872938956, 32.71678393380288], [-117.15197243301522, 32.71679327118541]]]}, "properties": {"block_id": "14TH_ST_C_ST", "neighborhood": "East Village", "latest_count_date": "2025-01-31", "latest_individuals": 0, "latest_tents": 0.0, "latest_vehicles": 0, "history": [{"date": "2018-01-24", "individuals": 0, "tents": 0.0, "vehicles": 0}, {"date": "2018-02-21", "individuals": 1, "tents": 0.0, "vehicles": 1}, {"date": "2019-01-31", "individuals": 1, "tents": 0.0, "vehicles": 0}, {"date": "2020-01-31", "individuals": 0, "tents": 0.0, "vehicles": 0}, {"date": "2020-02-26", "individuals": 1, "tents": 0.0, "vehicles": 0}, {"date": "2021-01-28", "individuals": 1, "tents": 0.0, "vehicles": 0}, {"date": "2021-02-25", "individuals": 1, "tents": 0.0, "vehicles": 0}, {"date": "2022-01-27", "individuals": 0, "tents": 0.0, "vehicles": 0}, {"date": "2022-03-01", "individuals": 1, "tents": 2.0, "vehicles": 0}, {"date": "2023-01-31", "individuals": 0, "tents": 3.0, "vehicles": 0}, {"date": "2024-01-25", "individuals": 1, "tents": 0.0, "vehicles": 0}, {"date": "2025-01-31", "individuals": 0, "tents": 0.0, "vehicles": 0}], "has_panel_data": true}}, {"type": "Feature", "geometry": {"type": "Polygon", "coordinates": [[[-117.152872938956, 32.71678393380288], [-117.15287230493283, 32.716404643589804], [-117.15286874306508, 32.71573952649468], [-117.15378552015157, 32.715732811761974], [-117.15379294974105, 32.71677444691484], [-117.152872938956, 32.71678393380288]]]}, "properties": {"block_id": "13TH_ST_C_ST", "neighborhood": "East Village", "latest_count_date": "2025-01-31", "latest_individuals": 0, "latest_tents": 0.0, "latest_vehicles": 0, "history": [{"date": "2018-01-24", "individuals": 0, "tents": 0.0, "vehicles": 0}, {"date": "2018-02-21", "individuals": 0, "tents": 0.0, "vehicles": 0}, {"date": "2019-01-31", "individuals": 0, "tents": 0.0, "vehicles": 0}, {"date": "2020-01-31", "individuals": 0, "tents": 0.0, "vehicles": 0}, {"date": "2020-02-26", "individuals": 2, "tents": 0.0, "vehicles": 0}, {"date": "2021-01-28", "individuals": 0, "tents": 0.0, "vehicles": 0}, {"date": "2021-02-25", "individuals": 0, "tents": 0.0, "vehicles": 0}, {"date": "2022-01-27", "individuals": 0, "tents": 0.0, "vehicles": 0}, {"date": "2022-03-01", "individuals": 0, "tents": 0.0, "vehicles": 0}, {"date": "2023-01-31", "individuals": 0, "tents": 0.0, "vehicles": 0}, {"date": "2024-01-25", "individuals": 1, "tents": 0.0, "vehicles": 0}, {"date": "2025-01-31", "individuals": 0, "tents": 0.0, "vehicles": 0}], "has_panel_data": true}}, {"type": "Feature", "geometry": {"type": "Polygon", "coordinates": [[[-117.14949195641856, 32.71681688349402], [-117.14948763236305, 32.715755991671294], [-117.15040768677248, 32.71575202394865], [-117.15041313340853, 32.71628519530884], [-117.1504184678161, 32.71680737437256], [-117.14949195641856, 32.71681688349402]]]}, "properties": {"block_id": "16TH_ST_C_ST", "neighborhood": "East Village", "latest_count_date": "2025-01-31", "latest_individuals": 0, "latest_tents": 0.0, "latest_vehicles": 0, "history": [{"date": "2018-01-24", "individuals": 0, "tents": 0.0, "vehicles": 0}, {"date": "2018-02-21", "individuals": 0, "tents": 0.0, "vehicles": 0}, {"date": "2019-01-31", "individuals": 0, "tents": 0.0, "vehicles": 0}, {"date": "2020-01-31", "individuals": 0, "tents": null, "vehicles": 0}, {"date": "2020-02-26", "individuals": 0, "tents": 0.0, "vehicles": 0}, {"date": "2021-01-28", "individuals": 0, "tents": 0.0, "vehicles": 0}, {"date": "2021-02-25", "individuals": 0, "tents": 0.0, "vehicles": 0}, {"date": "2022-01-27", "individuals": 0, "tents": 0.0, "vehicles": 0}, {"date": "2022-03-01", "individuals": 0, "tents": 0.0, "vehicles": 0}, {"date": "2023-01-31", "individuals": 0, "tents": 0.0, "vehicles": 0}, {"date": "2024-01-25", "individuals": 0, "tents": 0.0, "vehicles": 0}, {"date": "2025-01-31", "individuals": 0, "tents": 0.0, "vehicles": 0}], "has_panel_data": true}}, {"type": "Feature", "geometry": {"type": "Polygon", "coordinates": [[[-117.14948763236305, 32.715755991671294], [-117.14857735667107, 32.71576262708554], [-117.14856979268733, 32.71470175443842], [-117.14948028499168, 32.714717105468445], [-117.14948763236305, 32.715755991671294]]]}, "properties": {"block_id": "17TH_ST_BROADWAY", "neighborhood": "East Village", "latest_count_date": "2025-01-31", "latest_individuals": 0, "latest_tents": 0.0, "latest_vehicles": 0, "history": [{"date": "2018-01-24", "individuals": 0, "tents": 0.0, "vehicles": 0}, {"date": "2018-02-21", "individuals": 0, "tents": 1.0, "vehicles": 0}, {"date": "2019-01-31", "individuals": 0, "tents": 0.0, "vehicles": 0}, {"date": "2020-01-31", "individuals": 0, "tents": 0.0, "vehicles": 0}, {"date": "2020-02-26", "individuals": 0, "tents": 0.0, "vehicles": 0}, {"date": "2021-01-28", "individuals": 0, "tents": 0.0, "vehicles": 0}, {"date": "2021-02-25", "individuals": 0, "tents": 0.0, "vehicles": 0}, {"date": "2022-01-27", "individuals": 0, "tents": 0.0, "vehicles": 0}, {"date": "2022-03-01", "individuals": 0, "tents": 0.0, "vehicles": 0}, {"date": "2023-01-31", "individuals": 0, "tents": 1.0, "vehicles": 0}, {"date": "2024-01-25", "individuals": 0, "tents": 0.0, "vehicles": 0}, {"date": "2025-01-31", "individuals": 0, "tents": 0.0, "vehicles": 0}], "has_panel_data": true}}, {"type": "Feature", "geometry": {"type": "Polygon", "coordinates": [[[-117.15040768677248, 32.71575202394865], [-117.14948763236305, 32.715755991671294], [-117.14948028499168, 32.714717105468445], [-117.15040032858518, 32.7147131405058], [-117.15040768677248, 32.71575202394865]]]}, "properties": {"block_id": "16TH_ST_BROADWAY", "neighborhood": "East Village", "latest_count_date": "2025-01-31", "latest_individuals": 1, "latest_tents": 0.0, "latest_vehicles": 0, "history": [{"date": "2018-01-24", "individuals": 0, "tents": 0.0, "vehicles": 0}, {"date": "2018-02-21", "individuals": 5, "tents": 1.0, "vehicles": 0}, {"date": "2019-01-31", "individuals": 2, "tents": 1.0, "vehicles": 0}, {"date": "2020-01-31", "individuals": 4, "tents": 1.0, "vehicles": 0}, {"date": "2020-02-26", "individuals": 7, "tents": 0.0, "vehicles": 0}, {"date": "2021-01-28", "individuals": 0, "tents": 0.0, "vehicles": 0}, {"date": "2021-02-25", "individuals": 0, "tents": 0.0, "vehicles": 0}, {"date": "2022-01-27", "individuals": 0, "tents": 0.0, "vehicles": 0}, {"date": "2022-03-01", "individuals": 0, "tents": 0.0, "vehicles": 0}, {"date": "2023-01-31", "individuals": 0, "tents": 0.0, "vehicles": 0}, {"date": "2024-01-25", "individuals": 0, "tents": 0.0, "vehicles": 0}, {"date": "2025-01-31", "individuals": 1, "tents": 0.0, "vehicles": 0}], "has_panel_data": true}}, {"type": "Feature", "geometry": {"type": "Polygon", "coordinates": [[[-117.15378552015157, 32.715732811761974], [-117.15286874306508, 32.71573952649468], [-117.15286463179278, 32.714703370429525], [-117.15377817534234, 32.71469942785113], [-117.15378552015157, 32.715732811761974]]]}, "properties": {"block_id": "13TH_ST_BROADWAY", "neighborhood": "East Village", "latest_count_date": "2025-01-31", "latest_individuals": 3, "latest_tents": 0.0, "latest_vehicles": 0, "history": [{"date": "2018-01-24", "individuals": 0, "tents": 0.0, "vehicles": 0}, {"date": "2018-02-21", "individuals": 6, "tents": 1.0, "vehicles": 1}, {"date": "2019-01-31", "individuals": 0, "tents": 1.0, "vehicles": 0}, {"date": "2020-01-31", "individuals": 3, "tents": 2.0, "vehicles": 0}, {"date": "2020-02-26", "individuals": 5, "tents": 0.0, "vehicles": 0}, {"date": "2021-01-28", "individuals": 4, "tents": 1.0, "vehicles": 0}, {"date": "2021-02-25", "individuals": 7, "tents": 0.0, "vehicles": 1}, {"date": "2022-01-27", "individuals": 4, "tents": 0.0, "vehicles": 0}, {"date": "2022-03-01", "individuals": 1, "tents": 0.0, "vehicles": 0}, {"date": "2023-01-31", "individuals": 4, "tents": 13.0, "vehicles": 1}, {"date": "2024-01-25", "individuals": 8, "tents": 13.0, "vehicles": 0}, {"date": "2025-01-31", "individuals": 3, "tents": 0.0, "vehicles": 0}], "has_panel_data": true}}, {"type": "Feature", "geometry": {"type": "Polygon", "coordinates": [[[-117.15286874306508, 32.71573952649468], [-117.15196494059441, 32.71574339372469], [-117.15195758897737, 32.71470725869935], [-117.15286463179278, 32.714703370429525], [-117.15286874306508, 32.71573952649468]]]}, "properties": {"block_id": "14TH_ST_BROADWAY", "neighborhood": "East Village", "latest_count_date": "2025-01-31", "latest_individuals": 0, "latest_tents": 0.0, "latest_vehicles": 0, "history": [{"date": "2018-01-24", "individuals": 5, "tents": 5.0, "vehicles": 0}, {"date": "2018-02-21", "individuals": 0, "tents": 0.0, "vehicles": 0}, {"date": "2019-01-31", "individuals": 2, "tents": 0.0, "vehicles": 0}, {"date": "2020-01-31", "individuals": 0, "tents": 0.0, "vehicles": 0}, {"date": "2020-02-26", "individuals": 0, "tents": 0.0, "vehicles": 0}, {"date": "2021-01-28", "individuals": 0, "tents": 0.0, "vehicles": 0}, {"date": "2021-02-25", "individuals": 2, "tents": 0.0, "vehicles": 0}, {"date": "2022-01-27", "individuals": 0, "tents": 0.0, "vehicles": 0}, {"date": "2022-03-01", "individuals": 0, "tents": 0.0, "vehicles": 0}, {"date": "2023-01-31", "individuals": 0, "tents": 0.0, "vehicles": 0}, {"date": "2024-01-25", "individuals": 0, "tents": 0.0, "vehicles": 0}, {"date": "2025-01-31", "individuals": 0, "tents": 0.0, "vehicles": 0}], "has_panel_data": true}}, {"type": "Feature", "geometry": {"type": "Polygon", "coordinates": [[[-117.15195758897737, 32.71470725869935], [-117.15196494059441, 32.71574339372469], [-117.15040768677248, 32.71575202394865], [-117.15040032858518, 32.7147131405058], [-117.15195758897737, 32.71470725869935]]]}, "properties": {"block_id": "15TH_ST_BROADWAY", "neighborhood": "East Village", "latest_count_date": "2025-01-31", "latest_individuals": 0, "latest_tents": 0.0, "latest_vehicles": 0, "history": [{"date": "2018-01-24", "individuals": 1, "tents": 0.0, "vehicles": 0}, {"date": "2018-02-21", "individuals": 2, "tents": 0.0, "vehicles": 0}, {"date": "2019-01-31", "individuals": 0, "tents": 0.0, "vehicles": 0}, {"date": "2020-01-31", "individuals": 0, "tents": 0.0, "vehicles": 0}, {"date": "2020-02-26", "individuals": 1, "tents": 0.0, "vehicles": 0}, {"date": "2021-01-28", "individuals": 0, "tents": 0.0, "vehicles": 0}, {"date": "2021-02-25", "individuals": 0, "tents": 1.0, "vehicles": 0}, {"date": "2022-01-27", "individuals": 0, "tents": 0.0, "vehicles": 0}, {"date": "2022-03-01", "individuals": 0, "tents": 0.0, "vehicles": 0}, {"date": "2023-01-31", "individuals": 0, "tents": 0.0, "vehicles": 0}, {"date": "2024-01-25", "individuals": 0, "tents": 0.0, "vehicles": 0}, {"date": "2025-01-31", "individuals": 0, "tents": 0.0, "vehicles": 0}], "has_panel_data": true}}, {"type": "Feature", "geometry": {"type": "Polygon", "coordinates": [[[-117.14756956250847, 32.70523492153159], [-117.14772961272566, 32.70523512805578], [-117.1482124116686, 32.70523575143983], [-117.14853182095611, 32.70523615953213], [-117.14852282233521, 32.706266916301196], [-117.14772966621706, 32.7062726927694], [-117.1477295206071, 32.70626886774462], [-117.14772896372503, 32.70625513468433], [-117.14772836631688, 32.706241401919094], [-117.14772772519248, 32.70622767037381], [-117.14772704572097, 32.706213943616426], [-117.14772632460179, 32.706200211751764], [-117.14772555981239, 32.7061864856154], [-117.14772475449693, 32.70617275977413], [-117.14772391188258, 32.70615903690959], [-117.14772302127696, 32.70614531439435], [-117.14772209231508, 32.706131595765356], [-117.14772111961874, 32.70611787655296], [-117.14772010858458, 32.706104163030105], [-117.14771905274027, 32.70609044802997], [-117.14771795745504, 32.70607673512045], [-117.14771682276552, 32.70606302790818], [-117.14771564332106, 32.70604932462868], [-117.14771442444483, 32.70603562434143], [-117.1477131628732, 32.706021920758005], [-117.14771185977362, 32.7060082237891], [-117.14771051720564, 32.705994526205764], [-117.14770912991033, 32.705980835260206], [-117.14770770318334, 32.70596714730689], [-117.14770623698804, 32.7059534587391], [-117.14770472606548, 32.70593977680914], [-117.14770317571129, 32.70592609787138], [-117.1477015837926, 32.705912421941456], [-117.14769994924288, 32.705898749027035], [-117.14769827528924, 32.70588508180988], [-117.14769655974357, 32.70587141489548], [-117.14769480156696, 32.705857750996614], [-117.14769300402315, 32.70584409640171], [-117.14769116170632, 32.70583044393625], [-117.14768927993047, 32.70581679175793], [-117.14768735985396, 32.70580314887583], [-117.14768539393808, 32.70578950813086], [-117.14768338857237, 32.705775868574776], [-117.14768134488773, 32.70576223651156], [-117.14767925644853, 32.705748608381], [-117.14767712753905, 32.70573498595552], [-117.14767496026478, 32.70572136651448], [-117.14767274825437, 32.705707752809516], [-117.1476704957462, 32.705694142104505], [-117.14766820274029, 32.705680534399484], [-117.14766586611991, 32.70566693783281], [-117.14766349113481, 32.70565334425059], [-117.14766107351906, 32.70563975368386], [-117.14765861757535, 32.705626169708296], [-117.14765611901936, 32.705612590551546], [-117.14765357893606, 32.70559901800927], [-117.14765099947672, 32.70558545386916], [-117.14764837732258, 32.705571886432864], [-117.1476457136962, 32.705558331020995], [-117.14764301066631, 32.705544781306386], [-117.14764026929939, 32.70553123728125], [-117.14763747464644, 32.705517697250826], [-117.1476346523396, 32.705504164635606], [-117.14763178636345, 32.70549063774865], [-117.14762887248877, 32.705477120227705], [-117.14762592983871, 32.70546360471958], [-117.14762293819615, 32.70545009588022], [-117.14761990717774, 32.70543659544308], [-117.14761683462305, 32.70542310071866], [-117.14761372269254, 32.70540961439644], [-117.14761056815931, 32.705396133794686], [-117.14760737528921, 32.705382658882385], [-117.14760413984396, 32.705369192395544], [-117.14760086607109, 32.70535573249978], [-117.14759754969558, 32.705342278324494], [-117.1475941950016, 32.70532883164196], [-117.14759079667529, 32.70531539429435], [-117.14758735787929, 32.70530196265162], [-117.14758388184062, 32.70528853939559], [-117.14758035786694, 32.705275121898744], [-117.1475767988203, 32.70526171637981], [-117.1475731971344, 32.705248312974554], [-117.14756989052202, 32.705236131083296], [-117.14756956250847, 32.70523492153159]]]}, "properties": {"block_id": "I-5_SB_IMPERIAL_AV", "neighborhood": "South East Village", "latest_count_date": "2025-01-31", "latest_individuals": 0, "latest_tents": 0.0, "latest_vehicles": 0, "history": [{"date": "2018-01-24", "individuals": 1, "tents": 0.0, "vehicles": 0}, {"date": "2018-02-21", "individuals": 3, "tents": 0.0, "vehicles": 1}, {"date": "2019-01-31", "individuals": 0, "tents": 0.0, "vehicles": 0}, {"date": "2020-01-31", "individuals": 1, "tents": 0.0, "vehicles": 0}, {"date": "2020-02-26", "individuals": 0, "tents": 0.0, "vehicles": 0}, {"date": "2021-01-28", "individuals": 0, "tents": 3.0, "vehicles": 0}, {"date": "2021-02-25", "individuals": 3, "tents": 5.0, "vehicles": 0}, {"date": "2022-01-27", "individuals": 0, "tents": 3.0, "vehicles": 0}, {"date": "2022-03-01", "individuals": 1, "tents": 5.0, "vehicles": 0}, {"date": "2023-01-31", "individuals": 0, "tents": 7.0, "vehicles": 1}, {"date": "2024-01-25", "individuals": 0, "tents": 0.0, "vehicles": 0}, {"date": "2025-01-31", "individuals": 0, "tents": 0.0, "vehicles": 0}], "has_panel_data": true}}, {"type": "Feature", "geometry": {"type": "Polygon", "coordinates": [[[-117.14854422516068, 32.70836662283662], [-117.14854800620012, 32.70905647102269], [-117.14827536751703, 32.70846203064653], [-117.14823459062926, 32.70836026685557], [-117.14809857160084, 32.70802080534699], [-117.14809976096252, 32.70800710375537], [-117.14810112104671, 32.707993409036156], [-117.1481026551354, 32.707979729280986], [-117.1481043664097, 32.70796606266339], [-117.14810624530782, 32.707952412859754], [-117.14810829825615, 32.707938782528686], [-117.14811052629355, 32.707925168957175], [-117.14811291986746, 32.70791157672364], [-117.1481154928606, 32.70789800753039], [-117.14811823568364, 32.707884462349], [-117.1481211472883, 32.70787094299059], [-117.14812423088323, 32.707857450333535], [-117.1481274843262, 32.70784398349165], [-117.14813090770899, 32.707830551481614], [-117.14813450312774, 32.70781715068127], [-117.1481382652591, 32.707803782031036], [-117.14814219946304, 32.707790448197166], [-117.14814629935886, 32.707777151029504], [-117.14815056282269, 32.707763891445325], [-117.14815500268003, 32.70775067205631], [-117.14815960825666, 32.7077374920386], [-117.14816437639882, 32.707724355923744], [-117.14816931134503, 32.7077112609756], [-117.14817441211133, 32.707698215317066], [-117.14817968292691, 32.707685215310335], [-117.14818510991802, 32.707672260154645], [-117.14819070385073, 32.707659359690766], [-117.14819646038539, 32.70764650673628], [-117.1481978305602, 32.70764353904788], [-117.14820237638676, 32.70763370762632], [-117.14820845934794, 32.70762096501134], [-117.14821469857621, 32.707608276264075], [-117.14822110050726, 32.707595644944554], [-117.14822765981782, 32.70758307199331], [-117.1482343818494, 32.70757055827308], [-117.14824125704033, 32.70755810746049], [-117.14824829286523, 32.70754572040284], [-117.14825548504876, 32.70753339622945], [-117.1482628315039, 32.70752113946422], [-117.14827033326948, 32.707508947394345], [-117.14827798613466, 32.70749682546084], [-117.14828579540433, 32.70748477091989], [-117.14829375581017, 32.707472790121976], [-117.14829773923874, 32.707466907006484], [-117.14830545103854, 32.707454812595955], [-117.14831304815169, 32.707442663112374], [-117.14832052099806, 32.707430460429144], [-117.14832787383453, 32.70741820361345], [-117.14833510455574, 32.70740589538589], [-117.14834221212271, 32.70739353845932], [-117.14834919864099, 32.70738113011316], [-117.14835605773924, 32.707368673099076], [-117.14836279686446, 32.70735616555938], [-117.14836941074867, 32.70734361384457], [-117.14837589828862, 32.70733101435588], [-117.14838226163566, 32.707318368881], [-117.14838849759047, 32.70730567744337], [-117.14839460938924, 32.707292943626314], [-117.14840059064231, 32.70728016837817], [-117.14840644877835, 32.70726734803789], [-117.14841217851097, 32.707254487152696], [-117.14841777881043, 32.70724158933707], [-117.14842325173623, 32.707228647362086], [-117.14842859629552, 32.70721566844894], [-117.14843380824989, 32.707202655333745], [-117.14843889608535, 32.70718960344599], [-117.14844385128853, 32.7071765146512], [-117.14844867815286, 32.707163391623276], [-117.14845337136441, 32.707150236204555], [-117.14845793412267, 32.707137048371656], [-117.14846236746665, 32.70712382541176], [-117.14846666613747, 32.707110574577236], [-117.14847083861186, 32.70709729039584], [-117.14847487429867, 32.70708398015862], [-117.14847877850274, 32.7070706411218], [-117.14848255017598, 32.70705727509644], [-117.14848619142393, 32.707043879362104], [-117.14848969593956, 32.70703046298203], [-117.14849306897273, 32.70701701780239], [-117.14849630635858, 32.70700355377265], [-117.14849941335612, 32.70699006364061], [-117.14850238361234, 32.706976551961276], [-117.1485052203912, 32.70696302502298], [-117.148507920383, 32.706949472029066], [-117.14851048686076, 32.70693590016958], [-117.14851291986133, 32.70692231305125], [-117.1485152161853, 32.706908710697306], [-117.14851737899538, 32.70689508947786], [-117.14851940515655, 32.706881455727874], [-117.14852129784074, 32.70686780671905], [-117.14852305067672, 32.706854145203025], [-117.14852467325369, 32.70684047020818], [-117.14852615601009, 32.7068267854112], [-117.14852750214551, 32.706813090788756], [-117.14852871488694, 32.70679938902257], [-117.14852978994104, 32.7067856774387], [-117.14853072625964, 32.70677195784823], [-117.14853152919369, 32.70675823201572], [-117.14853219555303, 32.706744500866094], [-117.14853272537441, 32.70673076800614], [-117.14853303378949, 32.706719903392454], [-117.1485331186028, 32.70671702802569], [-117.14853337532097, 32.7067032890399], [-117.14853344163082, 32.706670870082846], [-117.1485465543088, 32.70731942266371], [-117.14854584013165, 32.70764100387896], [-117.14854422516068, 32.70836662283662]]]}, "properties": {"block_id": "I-5_SB_OFF_RA_Map_Border", "neighborhood": "South East Village", "latest_count_date": "2025-01-31", "latest_individuals": 0, "latest_tents": 9.0, "latest_vehicles": 0, "history": [{"date": "2018-01-24", "individuals": 1, "tents": 0.0, "vehicles": 0}, {"date": "2018-02-21", "individuals": 1, "tents": 0.0, "vehicles": 0}, {"date": "2019-01-31", "individuals": 0, "tents": 0.0, "vehicles": 0}, {"date": "2020-01-31", "individuals": 0, "tents": 0.0, "vehicles": 0}, {"date": "2020-02-26", "individuals": 4, "tents": 0.0, "vehicles": 0}, {"date": "2021-01-28", "individuals": 1, "tents": 2.0, "vehicles": 0}, {"date": "2021-02-25", "individuals": 0, "tents": 6.0, "vehicles": 0}, {"date": "2022-01-27", "individuals": 1, "tents": 7.0, "vehicles": 1}, {"date": "2022-03-01", "individuals": 3, "tents": 3.0, "vehicles": 0}, {"date": "2023-01-31", "individuals": 0, "tents": 5.0, "vehicles": 3}, {"date": "2024-01-25", "individuals": 1, "tents": 3.0, "vehicles": 0}, {"date": "2025-01-31", "individuals": 0, "tents": 9.0, "vehicles": 0}], "has_panel_data": true}}, {"type": "Feature", "geometry": {"type": "Polygon", "coordinates": [[[-117.1477344807471, 32.71153330738403], [-117.14855048960678, 32.71153286173919], [-117.14854544502785, 32.712632302527844], [-117.14841552138414, 32.71264424307477], [-117.14790919708123, 32.712727637119805], [-117.14773542898824, 32.711659610894635], [-117.14773448670704, 32.711533892570316], [-117.1477344807471, 32.71153330738403]]]}, "properties": {"block_id": "I-5_SB_ON_RA_G_ST", "neighborhood": "East Village", "latest_count_date": "2025-01-31", "latest_individuals": 1, "latest_tents": 0.0, "latest_vehicles": 0, "history": [{"date": "2018-01-24", "individuals": 0, "tents": 0.0, "vehicles": 0}, {"date": "2018-02-21", "individuals": 0, "tents": 0.0, "vehicles": 0}, {"date": "2019-01-31", "individuals": 0, "tents": 0.0, "vehicles": 0}, {"date": "2020-01-31", "individuals": 0, "tents": 0.0, "vehicles": 0}, {"date": "2020-02-26", "individuals": 0, "tents": 0.0, "vehicles": 0}, {"date": "2021-01-28", "individuals": 1, "tents": 1.0, "vehicles": 0}, {"date": "2021-02-25", "individuals": 0, "tents": 0.0, "vehicles": 0}, {"date": "2022-01-27", "individuals": 0, "tents": 0.0, "vehicles": 0}, {"date": "2022-03-01", "individuals": 1, "tents": 0.0, "vehicles": 0}, {"date": "2023-01-31", "individuals": 0, "tents": 0.0, "vehicles": 0}, {"date": "2024-01-25", "individuals": 3, "tents": 12.0, "vehicles": 0}, {"date": "2025-01-31", "individuals": 1, "tents": 0.0, "vehicles": 0}], "has_panel_data": true}}, {"type": "Feature", "geometry": {"type": "Polygon", "coordinates": [[[-117.14849112820659, 32.7136826301182], [-117.14849275680712, 32.71411121832132], [-117.1484945214176, 32.71457585442809], [-117.14849453545278, 32.71457723128396], [-117.14849455905961, 32.71457860536487], [-117.14849460290387, 32.7145799765931], [-117.14849465533598, 32.71458135316919], [-117.14849472480573, 32.71458272691598], [-117.14849481027429, 32.7145841005462], [-117.14849487142472, 32.71458497208401], [-117.1484949053144, 32.714585471401485], [-117.14849501741986, 32.71458684213243], [-117.14849514445746, 32.71458821275457], [-117.14849528213323, 32.714589580594], [-117.14849543580782, 32.7145909483169], [-117.14849560654764, 32.714592315915446], [-117.14849578899228, 32.714593680723546], [-117.14849598530245, 32.71459504543058], [-117.14849619437486, 32.714596406437714], [-117.14849641945524, 32.71459776822994], [-117.14849665730696, 32.714599127223885], [-117.14849691222395, 32.71460048609359], [-117.14849717564609, 32.714601842196], [-117.14849745929642, 32.71460319454416], [-117.14849775255524, 32.714604547723994], [-117.14849806281502, 32.714605894467866], [-117.14849838481638, 32.71460724202791], [-117.14849872065571, 32.71460858678186], [-117.14849906925733, 32.71460992783592], [-117.14849943385757, 32.714611268773446], [-117.14849981227749, 32.71461260510153], [-117.14850020239304, 32.71461393773746], [-117.14850060954626, 32.71461526754407], [-117.14850102950767, 32.71461659815912], [-117.14850146540353, 32.71461792234587], [-117.14850190873787, 32.71461924377321], [-117.14850236694919, 32.71462055968171], [-117.14850284222584, 32.7146218754659], [-117.1485033302463, 32.71462318574682], [-117.14850383106578, 32.71462449593446], [-117.1485043456681, 32.71462579790603], [-117.14850486877549, 32.714627097110395], [-117.14850541531091, 32.714628392537115], [-117.14850596819991, 32.71462968340892], [-117.14850653705086, 32.71463097055737], [-117.14850711974898, 32.714632255801526], [-117.14850771091548, 32.71463353467179], [-117.14850831910128, 32.71463480890934], [-117.1485089368496, 32.71463607947023], [-117.14850957374122, 32.71463734448126], [-117.14851022017695, 32.714638604012286], [-117.14851088045069, 32.714639860737236], [-117.1485115534683, 32.714641111958954], [-117.14851224242945, 32.71464235765404], [-117.14851294096232, 32.714643600574206], [-117.14851364901166, 32.71464483530934], [-117.14851437406205, 32.71464606360841], [-117.14851511402617, 32.71464728999539], [-117.1485158613645, 32.71464850731119], [-117.14851619204886, 32.714649032420375], [-117.14851662147423, 32.71464972182872], [-117.1485173986033, 32.71465093171358], [-117.14851818417316, 32.7146521325195], [-117.148518983581, 32.71465333051938], [-117.14851979462937, 32.71465451941704], [-117.1485206194973, 32.71465570370534], [-117.14852145497602, 32.714656882505885], [-117.14852230533167, 32.714658055787574], [-117.1485231651947, 32.71465921998259], [-117.14852403569598, 32.71466038139493], [-117.14852492209492, 32.71466153277222], [-117.14852581805629, 32.71466268047286], [-117.148526726734, 32.71466381996521], [-117.14852764602237, 32.714664953969866], [-117.14852857696043, 32.71466607977389], [-117.14852952169974, 32.714667199165255], [-117.1485300388427, 32.71466780858128], [-117.14853047276507, 32.71466831129654], [-117.14853143976474, 32.714669416999584], [-117.1485324194807, 32.714670514494266], [-117.14853340658928, 32.71467160472116], [-117.14853440536587, 32.71467268855083], [-117.14853541792536, 32.714673764164495], [-117.14853644001977, 32.714674833396415], [-117.1485371266662, 32.71467553806381], [-117.14853747481206, 32.7146758926167], [-117.14853852021504, 32.71467694634924], [-117.14853957405879, 32.71467799100286], [-117.14854063851321, 32.71467903016873], [-117.1485417145898, 32.714680058428996], [-117.14854280127702, 32.71468108120155], [-117.14854390068055, 32.71468209576576], [-117.14854500637328, 32.71468309946322], [-117.1485461258397, 32.71468409404296], [-117.1485472538204, 32.71468508675717], [-117.14854839234745, 32.71468606767187], [-117.14854954359079, 32.7146870403783], [-117.14855070432313, 32.71468800219466], [-117.14855186820002, 32.71468895857765], [-117.14855304796538, 32.71468990402399], [-117.14855423086618, 32.7146908431353], [-117.14855543393091, 32.71469177218053], [-117.14855664330327, 32.71469269216241], [-117.14855786219215, 32.71469360395926], [-117.14855908417051, 32.71469450491269], [-117.1485603220649, 32.71469539763448], [-117.14856156626692, 32.71469628129295], [-117.14856281679486, 32.7146971576913], [-117.14856408106888, 32.71469802226693], [-117.14856535379293, 32.7146988786653], [-117.1485666338727, 32.714699724189174], [-117.14856792346903, 32.714700561528005], [-117.1485692193454, 32.71470138709848], [-117.14856979268733, 32.71470175443842], [-117.14856271211177, 32.71470090969553], [-117.14854670206176, 32.71469855556981], [-117.14853082564994, 32.71469560351604], [-117.14851512244117, 32.71469206316516], [-117.148499617004, 32.71468793794523], [-117.14848434462778, 32.714683236616665], [-117.14846933206003, 32.71467796710032], [-117.14845461250286, 32.714672142680556], [-117.14844021057985, 32.714665772195495], [-117.14842615632082, 32.71465887165785], [-117.14841247115874, 32.71465145083073], [-117.14839919684664, 32.714643524739756], [-117.14838634740646, 32.71463510861246], [-117.14837395078068, 32.714626222985515], [-117.14826591356803, 32.714552800249805], [-117.14819010580764, 32.71445165674815], [-117.14802622086519, 32.71368326769651], [-117.14849112820659, 32.7136826301182]]]}, "properties": {"block_id": "I-5_SB_ON_RA_E_ST", "neighborhood": "East Village", "latest_count_date": "2025-01-31", "latest_individuals": 0, "latest_tents": 2.0, "latest_vehicles": 0, "history": [{"date": "2018-01-24", "individuals": 0, "tents": 0.0, "vehicles": 0}, {"date": "2018-02-21", "individuals": 0, "tents": 0.0, "vehicles": 0}, {"date": "2019-01-31", "individuals": 0, "tents": 0.0, "vehicles": 0}, {"date": "2020-01-31", "individuals": 0, "tents": 0.0, "vehicles": 0}, {"date": "2020-02-26", "individuals": 0, "tents": 0.0, "vehicles": 0}, {"date": "2021-01-28", "individuals": 0, "tents": 0.0, "vehicles": 0}, {"date": "2021-02-25", "individuals": 0, "tents": 0.0, "vehicles": 0}, {"date": "2022-01-27", "individuals": 0, "tents": 0.0, "vehicles": 0}, {"date": "2022-03-01", "individuals": 0, "tents": 0.0, "vehicles": 0}, {"date": "2023-01-31", "individuals": 0, "tents": 0.0, "vehicles": 0}, {"date": "2024-01-25", "individuals": 0, "tents": 0.0, "vehicles": 0}, {"date": "2025-01-31", "individuals": 0, "tents": 2.0, "vehicles": 0}], "has_panel_data": true}}, {"type": "Feature", "geometry": {"type": "Polygon", "coordinates": [[[-117.14849275680712, 32.71411121832132], [-117.14849112820659, 32.7136826301182], [-117.14855614735998, 32.71368215642111], [-117.14947290337629, 32.71367547374501], [-117.14947484409511, 32.71418393408982], [-117.14948028499168, 32.714717105468445], [-117.14856979268733, 32.71470175443842], [-117.1485692193454, 32.71470138709848], [-117.14856792346903, 32.714700561528005], [-117.1485666338727, 32.714699724189174], [-117.14856535379293, 32.7146988786653], [-117.14856408106888, 32.71469802226693], [-117.14856281679486, 32.7146971576913], [-117.14856156626692, 32.71469628129295], [-117.1485603220649, 32.71469539763448], [-117.14855908417051, 32.71469450491269], [-117.14855786219215, 32.71469360395926], [-117.14855664330327, 32.71469269216241], [-117.14855543393091, 32.71469177218053], [-117.14855423086618, 32.7146908431353], [-117.14855304796538, 32.71468990402399], [-117.14855186820002, 32.71468895857765], [-117.14855070432313, 32.71468800219466], [-117.14854954359079, 32.7146870403783], [-117.14854839234745, 32.71468606767187], [-117.1485472538204, 32.71468508675717], [-117.1485461258397, 32.71468409404296], [-117.14854500637328, 32.71468309946322], [-117.14854390068055, 32.71468209576576], [-117.14854280127702, 32.71468108120155], [-117.1485417145898, 32.714680058428996], [-117.14854063851321, 32.71467903016873], [-117.14853957405879, 32.71467799100286], [-117.14853852021504, 32.71467694634924], [-117.14853747481206, 32.7146758926167], [-117.1485371266662, 32.71467553806381], [-117.14853644001977, 32.714674833396415], [-117.14853541792536, 32.714673764164495], [-117.14853440536587, 32.71467268855083], [-117.14853340658928, 32.71467160472116], [-117.1485324194807, 32.714670514494266], [-117.14853143976474, 32.714669416999584], [-117.14853047276507, 32.71466831129654], [-117.1485300388427, 32.71466780858128], [-117.14852952169974, 32.714667199165255], [-117.14852857696043, 32.71466607977389], [-117.14852764602237, 32.714664953969866], [-117.148526726734, 32.71466381996521], [-117.14852581805629, 32.71466268047286], [-117.14852492209492, 32.71466153277222], [-117.14852403569598, 32.71466038139493], [-117.1485231651947, 32.71465921998259], [-117.14852230533167, 32.714658055787574], [-117.14852145497602, 32.714656882505885], [-117.1485206194973, 32.71465570370534], [-117.14851979462937, 32.71465451941704], [-117.148518983581, 32.71465333051938], [-117.14851818417316, 32.7146521325195], [-117.1485173986033, 32.71465093171358], [-117.14851662147423, 32.71464972182872], [-117.14851619204886, 32.714649032420375], [-117.1485158613645, 32.71464850731119], [-117.14851511402617, 32.71464728999539], [-117.14851437406205, 32.71464606360841], [-117.14851364901166, 32.71464483530934], [-117.14851294096232, 32.714643600574206], [-117.14851224242945, 32.71464235765404], [-117.1485115534683, 32.714641111958954], [-117.14851088045069, 32.714639860737236], [-117.14851022017695, 32.714638604012286], [-117.14850957374122, 32.71463734448126], [-117.1485089368496, 32.71463607947023], [-117.14850831910128, 32.71463480890934], [-117.14850771091548, 32.71463353467179], [-117.14850711974898, 32.714632255801526], [-117.14850653705086, 32.71463097055737], [-117.14850596819991, 32.71462968340892], [-117.14850541531091, 32.714628392537115], [-117.14850486877549, 32.714627097110395], [-117.1485043456681, 32.71462579790603], [-117.14850383106578, 32.71462449593446], [-117.1485033302463, 32.71462318574682], [-117.14850284222584, 32.7146218754659], [-117.14850236694919, 32.71462055968171], [-117.14850190873787, 32.71461924377321], [-117.14850146540353, 32.71461792234587], [-117.14850102950767, 32.71461659815912], [-117.14850060954626, 32.71461526754407], [-117.14850020239304, 32.71461393773746], [-117.14849981227749, 32.71461260510153], [-117.14849943385757, 32.714611268773446], [-117.14849906925733, 32.71460992783592], [-117.14849872065571, 32.71460858678186], [-117.14849838481638, 32.71460724202791], [-117.14849806281502, 32.714605894467866], [-117.14849775255524, 32.714604547723994], [-117.14849745929642, 32.71460319454416], [-117.14849717564609, 32.714601842196], [-117.14849691222395, 32.71460048609359], [-117.14849665730696, 32.714599127223885], [-117.14849641945524, 32.71459776822994], [-117.14849619437486, 32.714596406437714], [-117.14849598530245, 32.71459504543058], [-117.14849578899228, 32.714593680723546], [-117.14849560654764, 32.714592315915446], [-117.14849543580782, 32.7145909483169], [-117.14849528213323, 32.714589580594], [-117.14849514445746, 32.71458821275457], [-117.14849501741986, 32.71458684213243], [-117.1484949053144, 32.714585471401485], [-117.14849487142472, 32.71458497208401], [-117.14849481027429, 32.7145841005462], [-117.14849472480573, 32.71458272691598], [-117.14849465533598, 32.71458135316919], [-117.14849460290387, 32.7145799765931], [-117.14849455905961, 32.71457860536487], [-117.14849453545278, 32.71457723128396], [-117.1484945214176, 32.71457585442809], [-117.14849275680712, 32.71411121832132]]]}, "properties": {"block_id": "17TH_ST_E_ST", "neighborhood": "East Village", "latest_count_date": "2025-01-31", "latest_individuals": 1, "latest_tents": 0.0, "latest_vehicles": 1, "history": [{"date": "2018-01-24", "individuals": 0, "tents": 0.0, "vehicles": 0}, {"date": "2018-02-21", "individuals": 0, "tents": 0.0, "vehicles": 0}, {"date": "2019-01-31", "individuals": 0, "tents": 0.0, "vehicles": 0}, {"date": "2020-01-31", "individuals": 1, "tents": 0.0, "vehicles": 0}, {"date": "2020-02-26", "individuals": 2, "tents": 0.0, "vehicles": 0}, {"date": "2021-01-28", "individuals": 0, "tents": 0.0, "vehicles": 0}, {"date": "2021-02-25", "individuals": 0, "tents": 0.0, "vehicles": 1}, {"date": "2022-01-27", "individuals": 1, "tents": 0.0, "vehicles": 0}, {"date": "2022-03-01", "individuals": 1, "tents": 2.0, "vehicles": 0}, {"date": "2023-01-31", "individuals": 0, "tents": 0.0, "vehicles": 0}, {"date": "2024-01-25", "individuals": 0, "tents": 0.0, "vehicles": 0}, {"date": "2025-01-31", "individuals": 1, "tents": 0.0, "vehicles": 1}], "has_panel_data": true}}, {"type": "Feature", "geometry": {"type": "Polygon", "coordinates": [[[-117.14943215205416, 32.70522135067984], [-117.14853182095611, 32.70523615953213], [-117.14852736683916, 32.70479917878827], [-117.14852366911371, 32.704436402172846], [-117.14921094215535, 32.704887645358625], [-117.14921274469341, 32.704888489770134], [-117.14922679748392, 32.70489539292118], [-117.14924053898169, 32.704902727569156], [-117.14925395313472, 32.7049104884207], [-117.14926701635214, 32.704918663023605], [-117.1492797209848, 32.704927233398934], [-117.14929203821072, 32.70493619705181], [-117.14930396039902, 32.704945537806616], [-117.14931546607339, 32.704955241392234], [-117.14932654022044, 32.704965299802645], [-117.14933716984945, 32.70497569419613], [-117.14934733991949, 32.70498641386167], [-117.1493570331831, 32.704997440890175], [-117.14936624101648, 32.70500876632746], [-117.14937495143083, 32.7050203650122], [-117.14938314729825, 32.70503223075731], [-117.14939082310222, 32.70504434556826], [-117.14939796370054, 32.70505668881557], [-117.14939945656162, 32.70505989984665], [-117.14940508185651, 32.70507279068076], [-117.14941019145364, 32.70508583586653], [-117.14941478620761, 32.70509901465767], [-117.14941885858852, 32.70511232079706], [-117.14942239980694, 32.705125729100054], [-117.14942541086464, 32.70513923324723], [-117.14942788410289, 32.70515281435799], [-117.14942982044079, 32.7051664579977], [-117.1494312186552, 32.70518014884578], [-117.14943207325712, 32.70519387161272], [-117.14943238623201, 32.70520761185617], [-117.14943215205416, 32.70522135067984]]]}, "properties": {"block_id": "S_17TH_ST_COMMERCIAL_ST", "neighborhood": "Barrio Logan", "latest_count_date": null, "latest_individuals": null, "latest_tents": null, "latest_vehicles": null, "history": [], "has_panel_data": false}}, {"type": "Feature", "geometry": {"type": "Polygon", "coordinates": [[[-117.14853182095611, 32.70523615953213], [-117.14943215205416, 32.70522135067984], [-117.14942983347264, 32.70626854990231], [-117.14852282233521, 32.706266916301196], [-117.14853182095611, 32.70523615953213]]]}, "properties": {"block_id": "17TH_ST_IMPERIAL_AV", "neighborhood": "South East Village", "latest_count_date": "2025-01-31", "latest_individuals": 5, "latest_tents": 0.0, "latest_vehicles": 0, "history": [{"date": "2018-01-24", "individuals": 4, "tents": 0.0, "vehicles": 1}, {"date": "2018-02-21", "individuals": 6, "tents": 0.0, "vehicles": 1}, {"date": "2019-01-31", "individuals": 0, "tents": 0.0, "vehicles": 1}, {"date": "2020-01-31", "individuals": 2, "tents": 0.0, "vehicles": 2}, {"date": "2020-02-26", "individuals": 3, "tents": 0.0, "vehicles": 1}, {"date": "2021-01-28", "individuals": 1, "tents": 0.0, "vehicles": 0}, {"date": "2021-02-25", "individuals": 1, "tents": 4.0, "vehicles": 0}, {"date": "2022-01-27", "individuals": 1, "tents": 0.0, "vehicles": 3}, {"date": "2022-03-01", "individuals": 2, "tents": 0.0, "vehicles": 3}, {"date": "2023-01-31", "individuals": 0, "tents": 0.0, "vehicles": 1}, {"date": "2024-01-25", "individuals": 0, "tents": 0.0, "vehicles": 4}, {"date": "2025-01-31", "individuals": 5, "tents": 0.0, "vehicles": 0}], "has_panel_data": true}}, {"type": "Feature", "geometry": {"type": "Polygon", "coordinates": [[[-117.15037902037194, 32.71262717541641], [-117.15038415783117, 32.71313011541979], [-117.15038968839409, 32.71367153254796], [-117.14947290337629, 32.71367547374501], [-117.14946549708098, 32.712631092824914], [-117.15037902037194, 32.71262717541641]]]}, "properties": {"block_id": "16TH_ST_F_ST", "neighborhood": "East Village", "latest_count_date": "2025-01-31", "latest_individuals": 1, "latest_tents": 2.0, "latest_vehicles": 0, "history": [{"date": "2018-01-24", "individuals": 0, "tents": 0.0, "vehicles": 0}, {"date": "2018-02-21", "individuals": 6, "tents": 1.0, "vehicles": 0}, {"date": "2019-01-31", "individuals": 4, "tents": 4.0, "vehicles": 0}, {"date": "2020-01-31", "individuals": 3, "tents": 0.0, "vehicles": 0}, {"date": "2020-02-26", "individuals": 0, "tents": 0.0, "vehicles": 0}, {"date": "2021-01-28", "individuals": 0, "tents": 0.0, "vehicles": 0}, {"date": "2021-02-25", "individuals": 1, "tents": 0.0, "vehicles": 0}, {"date": "2022-01-27", "individuals": 0, "tents": 5.0, "vehicles": 0}, {"date": "2022-03-01", "individuals": 0, "tents": 8.0, "vehicles": 0}, {"date": "2023-01-31", "individuals": 1, "tents": 3.0, "vehicles": 0}, {"date": "2024-01-25", "individuals": 5, "tents": 3.0, "vehicles": 1}, {"date": "2025-01-31", "individuals": 1, "tents": 2.0, "vehicles": 0}], "has_panel_data": true}}, {"type": "Feature", "geometry": {"type": "Polygon", "coordinates": [[[-117.15038415783117, 32.71313011541979], [-117.15037902037194, 32.71262717541641], [-117.15194271751999, 32.71261849802984], [-117.1519501531652, 32.71366287880055], [-117.15038968839409, 32.71367153254796], [-117.15038415783117, 32.71313011541979]]]}, "properties": {"block_id": "15TH_ST_F_ST", "neighborhood": "East Village", "latest_count_date": "2025-01-31", "latest_individuals": 0, "latest_tents": 0.0, "latest_vehicles": 0, "history": [{"date": "2018-01-24", "individuals": 0, "tents": 0.0, "vehicles": 0}, {"date": "2018-02-21", "individuals": 0, "tents": 1.0, "vehicles": 0}, {"date": "2019-01-31", "individuals": 0, "tents": 0.0, "vehicles": 0}, {"date": "2020-01-31", "individuals": 2, "tents": 1.0, "vehicles": 0}, {"date": "2020-02-26", "individuals": 0, "tents": 0.0, "vehicles": 0}, {"date": "2021-01-28", "individuals": 1, "tents": 0.0, "vehicles": 0}, {"date": "2021-02-25", "individuals": 0, "tents": 0.0, "vehicles": 0}, {"date": "2022-01-27", "individuals": 0, "tents": 1.0, "vehicles": 0}, {"date": "2022-03-01", "individuals": 0, "tents": 1.0, "vehicles": 0}, {"date": "2023-01-31", "individuals": 5, "tents": 7.0, "vehicles": 0}, {"date": "2024-01-25", "individuals": 0, "tents": 0.0, "vehicles": 1}, {"date": "2025-01-31", "individuals": 0, "tents": 0.0, "vehicles": 0}], "has_panel_data": true}}, {"type": "Feature", "geometry": {"type": "Polygon", "coordinates": [[[-117.14947290337629, 32.71367547374501], [-117.14855614735998, 32.71368215642111], [-117.14854544502785, 32.712632302527844], [-117.14946549708098, 32.712631092824914], [-117.14947290337629, 32.71367547374501]]]}, "properties": {"block_id": "17TH_ST_F_ST", "neighborhood": "East Village", "latest_count_date": "2025-01-31", "latest_individuals": 0, "latest_tents": 1.0, "latest_vehicles": 0, "history": [{"date": "2018-01-24", "individuals": 1, "tents": 1.0, "vehicles": 0}, {"date": "2018-02-21", "individuals": 1, "tents": 0.0, "vehicles": 1}, {"date": "2019-01-31", "individuals": 1, "tents": 0.0, "vehicles": 0}, {"date": "2020-01-31", "individuals": 2, "tents": 0.0, "vehicles": 0}, {"date": "2020-02-26", "individuals": 1, "tents": 0.0, "vehicles": 0}, {"date": "2021-01-28", "individuals": 0, "tents": 0.0, "vehicles": 0}, {"date": "2021-02-25", "individuals": 4, "tents": 0.0, "vehicles": 0}, {"date": "2022-01-27", "individuals": 3, "tents": 2.0, "vehicles": 0}, {"date": "2022-03-01", "individuals": 1, "tents": 0.0, "vehicles": 0}, {"date": "2023-01-31", "individuals": 0, "tents": 1.0, "vehicles": 1}, {"date": "2024-01-25", "individuals": 15, "tents": 5.0, "vehicles": 0}, {"date": "2025-01-31", "individuals": 0, "tents": 1.0, "vehicles": 0}], "has_panel_data": true}}, {"type": "Feature", "geometry": {"type": "Polygon", "coordinates": [[[-117.15286043613625, 32.71365896678684], [-117.15286463179278, 32.714703370429525], [-117.15195758897737, 32.71470725869935], [-117.1519501531652, 32.71366287880055], [-117.15286043613625, 32.71365896678684]]]}, "properties": {"block_id": "14TH_ST_E_ST", "neighborhood": "East Village", "latest_count_date": "2025-01-31", "latest_individuals": 1, "latest_tents": 0.0, "latest_vehicles": 0, "history": [{"date": "2018-01-24", "individuals": 2, "tents": 0.0, "vehicles": 0}, {"date": "2018-02-21", "individuals": 0, "tents": 0.0, "vehicles": 0}, {"date": "2019-01-31", "individuals": 0, "tents": 0.0, "vehicles": 0}, {"date": "2020-01-31", "individuals": 0, "tents": 0.0, "vehicles": 0}, {"date": "2020-02-26", "individuals": 0, "tents": 0.0, "vehicles": 0}, {"date": "2021-01-28", "individuals": 0, "tents": 1.0, "vehicles": 0}, {"date": "2021-02-25", "individuals": 0, "tents": 0.0, "vehicles": 0}, {"date": "2022-01-27", "individuals": 4, "tents": 0.0, "vehicles": 0}, {"date": "2022-03-01", "individuals": 0, "tents": 0.0, "vehicles": 0}, {"date": "2023-01-31", "individuals": 0, "tents": 0.0, "vehicles": 0}, {"date": "2024-01-25", "individuals": 0, "tents": 0.0, "vehicles": 0}, {"date": "2025-01-31", "individuals": 1, "tents": 0.0, "vehicles": 0}], "has_panel_data": true}}, {"type": "Feature", "geometry": {"type": "Polygon", "coordinates": [[[-117.15286463179278, 32.714703370429525], [-117.15286043613625, 32.71365896678684], [-117.15377068978052, 32.71365229976206], [-117.15377817534234, 32.71469942785113], [-117.15286463179278, 32.714703370429525]]]}, "properties": {"block_id": "13TH_ST_E_ST", "neighborhood": "East Village", "latest_count_date": "2025-01-31", "latest_individuals": 0, "latest_tents": 0.0, "latest_vehicles": 0, "history": [{"date": "2018-01-24", "individuals": 0, "tents": 1.0, "vehicles": 1}, {"date": "2018-02-21", "individuals": 1, "tents": 0.0, "vehicles": 0}, {"date": "2019-01-31", "individuals": 0, "tents": 0.0, "vehicles": 0}, {"date": "2020-01-31", "individuals": 3, "tents": 0.0, "vehicles": 0}, {"date": "2020-02-26", "individuals": 0, "tents": 0.0, "vehicles": 0}, {"date": "2021-01-28", "individuals": 0, "tents": 0.0, "vehicles": 0}, {"date": "2021-02-25", "individuals": 0, "tents": 0.0, "vehicles": 0}, {"date": "2022-01-27", "individuals": 0, "tents": 0.0, "vehicles": 0}, {"date": "2022-03-01", "individuals": 0, "tents": 0.0, "vehicles": 0}, {"date": "2023-01-31", "individuals": 0, "tents": 0.0, "vehicles": 0}, {"date": "2024-01-25", "individuals": 1, "tents": 0.0, "vehicles": 0}, {"date": "2025-01-31", "individuals": 0, "tents": 0.0, "vehicles": 0}], "has_panel_data": true}}, {"type": "Feature", "geometry": {"type": "Polygon", "coordinates": [[[-117.15376326074498, 32.7126106674019], [-117.15467025369911, 32.71260401755282], [-117.15467516388472, 32.713082428256904], [-117.15468085558412, 32.71363697716121], [-117.1546809015421, 32.71364145487077], [-117.15468097256131, 32.71364837431156], [-117.15377068978052, 32.71365229976206], [-117.15376326074498, 32.7126106674019]]]}, "properties": {"block_id": "PARK_BL_F_ST", "neighborhood": "East Village", "latest_count_date": "2025-01-31", "latest_individuals": 0, "latest_tents": 0.0, "latest_vehicles": 0, "history": [{"date": "2018-01-24", "individuals": 0, "tents": 0.0, "vehicles": 0}, {"date": "2018-02-21", "individuals": 0, "tents": 0.0, "vehicles": 0}, {"date": "2019-01-31", "individuals": 0, "tents": 0.0, "vehicles": 0}, {"date": "2020-01-31", "individuals": 1, "tents": 0.0, "vehicles": 0}, {"date": "2020-02-26", "individuals": 0, "tents": 0.0, "vehicles": 0}, {"date": "2021-01-28", "individuals": 0, "tents": 0.0, "vehicles": 0}, {"date": "2021-02-25", "individuals": 0, "tents": 0.0, "vehicles": 0}, {"date": "2022-01-27", "individuals": 0, "tents": 0.0, "vehicles": 0}, {"date": "2022-03-01", "individuals": 0, "tents": 0.0, "vehicles": 0}, {"date": "2023-01-31", "individuals": 1, "tents": 0.0, "vehicles": 0}, {"date": "2024-01-25", "individuals": 0, "tents": 0.0, "vehicles": 0}, {"date": "2025-01-31", "individuals": 0, "tents": 0.0, "vehicles": 0}], "has_panel_data": true}}, {"type": "Feature", "geometry": {"type": "Polygon", "coordinates": [[[-117.14852282233521, 32.706266916301196], [-117.14942983347264, 32.70626854990231], [-117.14943084964084, 32.707323971253615], [-117.14943110900565, 32.7076345504737], [-117.14943172561185, 32.70836565023136], [-117.14854422516068, 32.70836662283662], [-117.14854584013165, 32.70764100387896], [-117.1485465543088, 32.70731942266371], [-117.14853344163082, 32.706670870082846], [-117.14852282233521, 32.706266916301196]]]}, "properties": {"block_id": "17TH_ST_K_ST", "neighborhood": "South East Village", "latest_count_date": "2025-01-31", "latest_individuals": 36, "latest_tents": 25.0, "latest_vehicles": 0, "history": [{"date": "2018-01-24", "individuals": 21, "tents": 2.0, "vehicles": 1}, {"date": "2018-02-21", "individuals": 20, "tents": 1.0, "vehicles": 0}, {"date": "2019-01-31", "individuals": 55, "tents": 11.0, "vehicles": 1}, {"date": "2020-01-31", "individuals": 58, "tents": 0.0, "vehicles": 0}, {"date": "2020-02-26", "individuals": 38, "tents": 0.0, "vehicles": 0}, {"date": "2021-01-28", "individuals": 32, "tents": 27.0, "vehicles": 0}, {"date": "2021-02-25", "individuals": 19, "tents": 27.0, "vehicles": 0}, {"date": "2022-01-27", "individuals": 41, "tents": 65.0, "vehicles": 1}, {"date": "2022-03-01", "individuals": 29, "tents": 76.0, "vehicles": 0}, {"date": "2023-01-31", "individuals": 21, "tents": 42.0, "vehicles": 4}, {"date": "2024-01-25", "individuals": 17, "tents": 8.0, "vehicles": 0}, {"date": "2025-01-31", "individuals": 36, "tents": 25.0, "vehicles": 0}], "has_panel_data": true}}, {"type": "Feature", "geometry": {"type": "Polygon", "coordinates": [[[-117.15036126143751, 32.7115251523611], [-117.14945752688524, 32.71153174683563], [-117.14944647755584, 32.71044891347074], [-117.15035673064796, 32.71044501991295], [-117.15035878229249, 32.710964474349886], [-117.15036126143751, 32.7115251523611]]]}, "properties": {"block_id": "16TH_ST_MARKET_ST", "neighborhood": "South East Village", "latest_count_date": "2025-01-31", "latest_individuals": 7, "latest_tents": 5.0, "latest_vehicles": 0, "history": [{"date": "2018-01-24", "individuals": 33, "tents": 6.0, "vehicles": 0}, {"date": "2018-02-21", "individuals": 18, "tents": 6.0, "vehicles": 0}, {"date": "2019-01-31", "individuals": 15, "tents": 3.0, "vehicles": 2}, {"date": "2020-01-31", "individuals": 28, "tents": 1.0, "vehicles": 1}, {"date": "2020-02-26", "individuals": 24, "tents": 1.0, "vehicles": 2}, {"date": "2021-01-28", "individuals": 3, "tents": 2.0, "vehicles": 0}, {"date": "2021-02-25", "individuals": 1, "tents": 2.0, "vehicles": 0}, {"date": "2022-01-27", "individuals": 6, "tents": 4.0, "vehicles": 0}, {"date": "2022-03-01", "individuals": 13, "tents": 7.0, "vehicles": 0}, {"date": "2023-01-31", "individuals": 4, "tents": 16.0, "vehicles": 1}, {"date": "2024-01-25", "individuals": 1, "tents": 10.0, "vehicles": 0}, {"date": "2025-01-31", "individuals": 7, "tents": 5.0, "vehicles": 0}], "has_panel_data": true}}, {"type": "Feature", "geometry": {"type": "Polygon", "coordinates": [[[-117.14945752688524, 32.71153174683563], [-117.15036126143751, 32.7115251523611], [-117.15037902037194, 32.71262717541641], [-117.14946549708098, 32.712631092824914], [-117.14945752688524, 32.71153174683563]]]}, "properties": {"block_id": "16TH_ST_G_ST", "neighborhood": "East Village", "latest_count_date": "2025-01-31", "latest_individuals": 5, "latest_tents": 3.0, "latest_vehicles": 0, "history": [{"date": "2018-01-24", "individuals": 5, "tents": 3.0, "vehicles": 0}, {"date": "2018-02-21", "individuals": 1, "tents": 2.0, "vehicles": 0}, {"date": "2019-01-31", "individuals": 4, "tents": 4.0, "vehicles": 0}, {"date": "2020-01-31", "individuals": 7, "tents": 0.0, "vehicles": 0}, {"date": "2020-02-26", "individuals": 0, "tents": 0.0, "vehicles": 0}, {"date": "2021-01-28", "individuals": 8, "tents": 5.0, "vehicles": 0}, {"date": "2021-02-25", "individuals": 3, "tents": 1.0, "vehicles": 0}, {"date": "2022-01-27", "individuals": 4, "tents": 7.0, "vehicles": 0}, {"date": "2022-03-01", "individuals": 5, "tents": 3.0, "vehicles": 0}, {"date": "2023-01-31", "individuals": 7, "tents": 3.0, "vehicles": 1}, {"date": "2024-01-25", "individuals": 10, "tents": 3.0, "vehicles": 0}, {"date": "2025-01-31", "individuals": 5, "tents": 3.0, "vehicles": 0}], "has_panel_data": true}}, {"type": "Feature", "geometry": {"type": "Polygon", "coordinates": [[[-117.1519219413042, 32.711541233680016], [-117.15194271751999, 32.71261849802984], [-117.15037902037194, 32.71262717541641], [-117.15036126143751, 32.7115251523611], [-117.1519219413042, 32.711541233680016]]]}, "properties": {"block_id": "15TH_ST_G_ST", "neighborhood": "East Village", "latest_count_date": "2025-01-31", "latest_individuals": 0, "latest_tents": 0.0, "latest_vehicles": 0, "history": [{"date": "2018-01-24", "individuals": 4, "tents": 0.0, "vehicles": 0}, {"date": "2018-02-21", "individuals": 0, "tents": 0.0, "vehicles": 0}, {"date": "2019-01-31", "individuals": 1, "tents": 0.0, "vehicles": 0}, {"date": "2020-01-31", "individuals": 0, "tents": 0.0, "vehicles": 0}, {"date": "2020-02-26", "individuals": 0, "tents": 0.0, "vehicles": 0}, {"date": "2021-01-28", "individuals": 0, "tents": 0.0, "vehicles": 0}, {"date": "2021-02-25", "individuals": 0, "tents": 0.0, "vehicles": 0}, {"date": "2022-01-27", "individuals": 0, "tents": 0.0, "vehicles": 0}, {"date": "2022-03-01", "individuals": 0, "tents": 0.0, "vehicles": 0}, {"date": "2023-01-31", "individuals": 0, "tents": 0.0, "vehicles": 0}, {"date": "2024-01-25", "individuals": 4, "tents": 0.0, "vehicles": 0}, {"date": "2025-01-31", "individuals": 0, "tents": 0.0, "vehicles": 0}], "has_panel_data": true}}, {"type": "Feature", "geometry": {"type": "Polygon", "coordinates": [[[-117.15194271751999, 32.71261849802984], [-117.1519219413042, 32.711541233680016], [-117.15283223051628, 32.711540070175246], [-117.15285298970618, 32.71261458607118], [-117.15194271751999, 32.71261849802984]]]}, "properties": {"block_id": "14TH_ST_G_ST", "neighborhood": "East Village", "latest_count_date": "2025-01-31", "latest_individuals": 0, "latest_tents": 0.0, "latest_vehicles": 0, "history": [{"date": "2018-01-24", "individuals": 5, "tents": 0.0, "vehicles": 0}, {"date": "2018-02-21", "individuals": 0, "tents": 0.0, "vehicles": 0}, {"date": "2019-01-31", "individuals": 0, "tents": 0.0, "vehicles": 0}, {"date": "2020-01-31", "individuals": 0, "tents": 0.0, "vehicles": 0}, {"date": "2020-02-26", "individuals": 3, "tents": 0.0, "vehicles": 0}, {"date": "2021-01-28", "individuals": 0, "tents": 0.0, "vehicles": 0}, {"date": "2021-02-25", "individuals": 0, "tents": 0.0, "vehicles": 0}, {"date": "2022-01-27", "individuals": 0, "tents": 0.0, "vehicles": 0}, {"date": "2022-03-01", "individuals": 0, "tents": 0.0, "vehicles": 0}, {"date": "2023-01-31", "individuals": 1, "tents": 0.0, "vehicles": 0}, {"date": "2024-01-25", "individuals": 0, "tents": 0.0, "vehicles": 0}, {"date": "2025-01-31", "individuals": 0, "tents": 0.0, "vehicles": 0}], "has_panel_data": true}}, {"type": "Feature", "geometry": {"type": "Polygon", "coordinates": [[[-117.15036126143751, 32.7115251523611], [-117.15035878229249, 32.710964474349886], [-117.15035673064796, 32.71044501991295], [-117.15068833980207, 32.71044534701651], [-117.15129968504691, 32.7104601237998], [-117.1513217323024, 32.71046006096012], [-117.15191086170962, 32.710458401437556], [-117.1519219413042, 32.711541233680016], [-117.15036126143751, 32.7115251523611]]]}, "properties": {"block_id": "15TH_ST_MARKET_ST", "neighborhood": "South East Village", "latest_count_date": "2025-01-31", "latest_individuals": 3, "latest_tents": 0.0, "latest_vehicles": 0, "history": [{"date": "2018-01-24", "individuals": 8, "tents": 3.0, "vehicles": 1}, {"date": "2018-02-21", "individuals": 12, "tents": 0.0, "vehicles": 0}, {"date": "2019-01-31", "individuals": 0, "tents": 0.0, "vehicles": 0}, {"date": "2020-01-31", "individuals": 9, "tents": 0.0, "vehicles": 0}, {"date": "2020-02-26", "individuals": 6, "tents": 0.0, "vehicles": 0}, {"date": "2021-01-28", "individuals": 10, "tents": 1.0, "vehicles": 0}, {"date": "2021-02-25", "individuals": 0, "tents": 1.0, "vehicles": 0}, {"date": "2022-01-27", "individuals": 0, "tents": 5.0, "vehicles": 0}, {"date": "2022-03-01", "individuals": 5, "tents": 0.0, "vehicles": 0}, {"date": "2023-01-31", "individuals": 0, "tents": 2.0, "vehicles": 0}, {"date": "2024-01-25", "individuals": 1, "tents": 0.0, "vehicles": 0}, {"date": "2025-01-31", "individuals": 3, "tents": 0.0, "vehicles": 0}], "has_panel_data": true}}, {"type": "Feature", "geometry": {"type": "Polygon", "coordinates": [[[-117.15738469345008, 32.7104352887389], [-117.15646863800089, 32.71044147616646], [-117.15646505718765, 32.710224371315206], [-117.15646225758901, 32.71005460574406], [-117.15645318510572, 32.709504579632096], [-117.15645318239802, 32.70950442004381], [-117.15645136859936, 32.70939441914569], [-117.15737466684683, 32.709395874838755], [-117.15738452776127, 32.710418260573675], [-117.15738469345008, 32.7104352887389]]]}, "properties": {"block_id": "09TH_AV_ISLAND_AV", "neighborhood": "South East Village", "latest_count_date": "2025-01-31", "latest_individuals": 0, "latest_tents": 0.0, "latest_vehicles": 0, "history": [{"date": "2018-01-24", "individuals": 1, "tents": 0.0, "vehicles": 0}, {"date": "2018-02-21", "individuals": 3, "tents": 0.0, "vehicles": 0}, {"date": "2019-01-31", "individuals": 1, "tents": 0.0, "vehicles": 0}, {"date": "2020-01-31", "individuals": 3, "tents": 0.0, "vehicles": 0}, {"date": "2020-02-26", "individuals": 2, "tents": 0.0, "vehicles": 0}, {"date": "2021-01-28", "individuals": 0, "tents": 0.0, "vehicles": 0}, {"date": "2021-02-25", "individuals": 0, "tents": 0.0, "vehicles": 0}, {"date": "2022-01-27", "individuals": 0, "tents": 0.0, "vehicles": 0}, {"date": "2022-03-01", "individuals": 0, "tents": 0.0, "vehicles": 0}, {"date": "2023-01-31", "individuals": 1, "tents": 0.0, "vehicles": 0}, {"date": "2024-01-25", "individuals": 0, "tents": 0.0, "vehicles": 0}, {"date": "2025-01-31", "individuals": 0, "tents": 0.0, "vehicles": 0}], "has_panel_data": true}}, {"type": "Feature", "geometry": {"type": "Polygon", "coordinates": [[[-117.15697583839594, 32.70562303972952], [-117.154645899775, 32.705408536334616], [-117.1527936929827, 32.70523801482756], [-117.1527989822495, 32.70522502259884], [-117.15280396773318, 32.705211944223315], [-117.1528086473379, 32.70519878332325], [-117.15281301793819, 32.705185547135514], [-117.15281707850475, 32.70517223927461], [-117.15282082592134, 32.705158867879135], [-117.15282133568505, 32.70515688482603], [-117.1528213950929, 32.70515664542978], [-117.15282425808289, 32.705145435669664], [-117.15282737720564, 32.705131950745674], [-117.1528301811844, 32.705118415827876], [-117.15283266791413, 32.705104833636874], [-117.15283483321227, 32.70509121231904], [-117.15283668359771, 32.70507756354924], [-117.15283821367375, 32.7050638810548], [-117.15283839454976, 32.70506185983117], [-117.15283841831163, 32.70506157651058], [-117.15283942252172, 32.70505017927038], [-117.1528403101326, 32.70503645729424], [-117.15284087444742, 32.705022722355466], [-117.15284112409049, 32.70500898340826], [-117.15284104840647, 32.70499524143244], [-117.15284065067807, 32.704981504519594], [-117.1528405456214, 32.70497947366674], [-117.15284053343754, 32.704979221268495], [-117.15283993093311, 32.70496777537477], [-117.1528388903213, 32.70495406210518], [-117.15283753101275, 32.704940368301884], [-117.15283584985424, 32.704926698496706], [-117.15283385119503, 32.70491306077345], [-117.15283153404259, 32.70489946235331], [-117.15282889836939, 32.70488590053122], [-117.15282846198488, 32.70488390546841], [-117.15282839714722, 32.704883614680796], [-117.15282594431407, 32.704872388832186], [-117.1528226761242, 32.70485892542175], [-117.15281909608984, 32.70484552561262], [-117.1528152020042, 32.70483218220707], [-117.15281099612976, 32.7048189078128], [-117.15280647851282, 32.70480570693817], [-117.15280576327947, 32.70480376892293], [-117.15280566563098, 32.70480350272257], [-117.15280165664632, 32.70479258223355], [-117.15279652638468, 32.70477954545183], [-117.15279109195694, 32.70476659295512], [-117.15278535560691, 32.7047537355478], [-117.15277932164668, 32.70474097770693], [-117.15277298904697, 32.704728323047014], [-117.1527663620828, 32.7047157724385], [-117.15276534179262, 32.70471393584772], [-117.15276517341627, 32.70471363680066], [-117.1527594408929, 32.70470333940628], [-117.15275222761024, 32.70469102393483], [-117.15274473612658, 32.70467882862756], [-117.15273695695478, 32.704666764374856], [-117.15272889650274, 32.70465483203137], [-117.15272056121557, 32.70464303605863], [-117.15271928828234, 32.70464131583801], [-117.15271910007755, 32.70464105931784], [-117.1527119468829, 32.70463138189781], [-117.1527030652728, 32.704619873069745], [-117.15269391429854, 32.70460851409833], [-117.15268449938483, 32.70459731396117], [-117.1526830875501, 32.70459567320839], [-117.15266663770551, 32.704576553176715], [-117.15265018787728, 32.70455743404454], [-117.15084642755166, 32.7033282976032], [-117.151516138237, 32.70252845442039], [-117.15232372302113, 32.70156394661387], [-117.15276013783222, 32.70184376648323], [-117.15276874129974, 32.70184928256815], [-117.15321062462418, 32.70214563482704], [-117.15354442683866, 32.702363070828426], [-117.154221901529, 32.702808860909535], [-117.15576694690195, 32.70381967157008], [-117.15580620420135, 32.703845353357636], [-117.15677314973826, 32.70446581550172], [-117.15708980633471, 32.7046690015844], [-117.15763846535455, 32.70502105044972], [-117.1573037318956, 32.70532534627858], [-117.15729993531471, 32.705328798122586], [-117.15716476587777, 32.70545167547886], [-117.15715146668619, 32.70546376466416], [-117.1571510207838, 32.70546417102254], [-117.15705645128759, 32.705550141607226], [-117.15698217066479, 32.70561766386731], [-117.1569818037906, 32.70561797676453], [-117.15697583839594, 32.70562303972952]]]}, "properties": {"block_id": "NEWTON_AV_PARK_BL", "neighborhood": "Barrio Logan", "latest_count_date": null, "latest_individuals": null, "latest_tents": null, "latest_vehicles": null, "history": [], "has_panel_data": false}}, {"type": "Feature", "geometry": {"type": "Polygon", "coordinates": [[[-117.154645899775, 32.705408536334616], [-117.15697583839594, 32.70562303972952], [-117.15692680182475, 32.705664638795], [-117.1564424752727, 32.70607551257919], [-117.15644224583137, 32.70607570723826], [-117.1562358008896, 32.70625083671972], [-117.15594601224487, 32.70649667679213], [-117.15581350276564, 32.70638501910644], [-117.15581234839745, 32.706384050999944], [-117.15581119086696, 32.7063830865236], [-117.15581003017404, 32.70638212567749], [-117.15580886630028, 32.706381166658176], [-117.1558076992549, 32.70638021036743], [-117.15580652586618, 32.70637925953364], [-117.1558053492781, 32.70637830872337], [-117.15580417168844, 32.706377364232665], [-117.15580299198434, 32.706376421560925], [-117.15580179951033, 32.70637548168815], [-117.15580060923412, 32.70637454811148], [-117.15579941685283, 32.70637361725543], [-117.15579822022411, 32.70637268823411], [-117.15579701512846, 32.706371765587114], [-117.1557958089385, 32.70637084024291], [-117.15579460282277, 32.70636992211212], [-117.15579338711798, 32.70636900495345], [-117.15579217253526, 32.706368093197014], [-117.15579095374225, 32.70636718688191], [-117.15578972855037, 32.7063662806138], [-117.15578850341417, 32.70636537975573], [-117.15578727190683, 32.706364481649665], [-117.15578603723719, 32.70636358717374], [-117.15578480261385, 32.7063626972062], [-117.15578356055299, 32.706361809998484], [-117.15578231639624, 32.70636092641312], [-117.15578106585916, 32.70636004467811], [-117.15577981432051, 32.70635916926262], [-117.15577856066743, 32.706358295666135], [-117.15577730385203, 32.70635742569981], [-117.15577604279851, 32.706356558469835], [-117.15577477645891, 32.70635569578736], [-117.15577350589047, 32.706354836742904], [-117.15577223534989, 32.706353980403506], [-117.15577095953252, 32.70635312951327], [-117.15576968267645, 32.70635228133581], [-117.15576839944934, 32.706351435910406], [-117.15576711307841, 32.70635059591854], [-117.15576582351731, 32.70634975685182], [-117.15576453403038, 32.70634892499847], [-117.15576323814457, 32.70634809319208], [-117.15576193912418, 32.70634726772095], [-117.15576063692293, 32.70634644407661], [-117.15575933155935, 32.706345624062436], [-117.15575802944151, 32.7063448085331], [-117.15575671456301, 32.70634399670447], [-117.15575539866435, 32.70634318939203], [-117.15575408061426, 32.706342380291915], [-117.15575275950371, 32.706341584740336], [-117.15575143729895, 32.706340786491545], [-117.15575010981735, 32.70633999369197], [-117.15574877809766, 32.706339203628715], [-117.1557474443006, 32.706338418991216], [-117.15574610946491, 32.70633763706649], [-117.15574476826747, 32.706336858795446], [-117.15574342815498, 32.70633608231994], [-117.15574208063278, 32.706335311309225], [-117.15574073317542, 32.70633454661028], [-117.15573937933777, 32.706333783761615], [-117.1557380223377, 32.70633302454312], [-117.15573666855569, 32.7063322671045], [-117.15573530521243, 32.706331513343], [-117.15573394195255, 32.706330767696564], [-117.15573257552107, 32.706330024778616], [-117.15573120591795, 32.706329284589195], [-117.15572983316176, 32.70632854893159], [-117.1557284604519, 32.70632781778236], [-117.15572708136168, 32.70632708848349], [-117.15572570123283, 32.7063263618974], [-117.15572431905441, 32.70632564344204], [-117.15572293047717, 32.70632492503366], [-117.15572154087046, 32.70632421023982], [-117.15572014917718, 32.70632349996996], [-117.15571875331067, 32.70632279874813], [-117.15571735530193, 32.70632209664027], [-117.15571595309213, 32.7063214008755], [-117.15571455197663, 32.70632070780788], [-117.15571314341432, 32.70632001659839], [-117.1557117349169, 32.70631933170059], [-117.15571032324783, 32.70631864953132], [-117.15570890952924, 32.706317975492745], [-117.15570749154472, 32.706317301485484], [-117.155706073588, 32.7063166301832], [-117.1557046493251, 32.70631596794469], [-117.15570322505296, 32.706315304804455], [-117.15570179763695, 32.70631464709774], [-117.1557003670864, 32.706313995726205], [-117.15569893655437, 32.70631334615798], [-117.15569749966058, 32.706312700243465], [-117.15569606281309, 32.70631205883726], [-117.15569462280328, 32.706311421061294], [-117.15569317858314, 32.70631078872665], [-117.155691735448, 32.70631015818748], [-117.15569028597885, 32.70630953400704], [-117.15568883656536, 32.70630891523655], [-117.15568738608538, 32.706308296473935], [-117.15568593035637, 32.70630768586547], [-117.15568447354242, 32.70630707346153], [-117.15568301149796, 32.706306471015104], [-117.1556815516143, 32.706305871258], [-117.15568008323586, 32.706305275170315], [-117.15567862023615, 32.706304683551735], [-117.15567715194112, 32.70630409557901], [-117.15567567942654, 32.70630351214598], [-117.15567420374957, 32.70630293234307], [-117.15567272919468, 32.70630235794243], [-117.15567125040168, 32.706301786278075], [-117.15566976848339, 32.70630122185062], [-117.15566828654656, 32.70630065561973], [-117.15566680256023, 32.7063000975196], [-117.15566531434497, 32.70629954305746], [-117.1556638261761, 32.70629899310365], [-117.1556623348356, 32.70629844587838], [-117.15566084035122, 32.70629790408657], [-117.15565934590394, 32.706297365901456], [-117.15565784830356, 32.70629683224817], [-117.15565634756864, 32.70629630493009], [-117.15565484682442, 32.706295776710334], [-117.15565334300122, 32.706295260235834], [-117.15565183488438, 32.70629474108759], [-117.15565032791736, 32.706294230046524], [-117.1556488177787, 32.706293721733964], [-117.15564730446845, 32.70629321614989], [-117.15564579014728, 32.706292715983714], [-117.15564427374878, 32.70629222124319], [-117.15564275740584, 32.706291731912735], [-117.15564123680629, 32.706291243515224], [-117.15563971414788, 32.706290762346725], [-117.15563819151733, 32.70629028388324], [-117.1556366646579, 32.706289809057765], [-117.15563513891126, 32.706289338732816], [-117.1556336089636, 32.706288874750875], [-117.15563207691076, 32.70628841348959], [-117.15563054384708, 32.706287957646126], [-117.15562900761171, 32.70628750453122], [-117.15562747249847, 32.70628705681844], [-117.15562593320267, 32.706286617252076], [-117.1556243938791, 32.70628617498068], [-117.15562285247815, 32.706285738134945], [-117.1556213068947, 32.706285309435536], [-117.15561976132051, 32.706284881637835], [-117.15561821582044, 32.70628446105349], [-117.1556166682245, 32.706284044091454], [-117.15561511638116, 32.70628362896407], [-117.15561356460267, 32.70628322014846], [-117.15561201287979, 32.706282816742785], [-117.15561045797601, 32.70628241516397], [-117.15560889993765, 32.70628201992027], [-117.15560734195486, 32.70628163008668], [-117.15560578399987, 32.70628124295804], [-117.15560422287331, 32.70628085855795], [-117.1556026586399, 32.70628048319798], [-117.15560109442507, 32.70628010964141], [-117.15559953023799, 32.70627973878978], [-117.15559796291635, 32.70627937427338], [-117.15559639244162, 32.706279014288825], [-117.15559482520335, 32.7062786578874], [-117.15559325161257, 32.70627830604133], [-117.15559168125831, 32.706277957778475], [-117.15559010672146, 32.70627761766194], [-117.1555885300517, 32.706277277561064], [-117.15558695346532, 32.70627694557525], [-117.15558537690673, 32.706276616294375], [-117.15558379611, 32.706276289749866], [-117.15558221643538, 32.70627596860755], [-117.15558063361686, 32.70627565289874], [-117.15557904976897, 32.70627534080441], [-117.15557746706169, 32.70627503591563], [-117.1555758811642, 32.706274731952014], [-117.15557429424656, 32.7062744325045], [-117.15557270846027, 32.706274139360914], [-117.15557111950233, 32.70627384894587], [-117.15556952636184, 32.706273566677105], [-117.15556793750581, 32.706273286180355], [-117.15556634442093, 32.7062730093216], [-117.15556475246736, 32.70627273876673], [-117.15556315629426, 32.70627247275151], [-117.15556156121535, 32.70627220943343], [-117.15555996512559, 32.70627195153321], [-117.15555836696775, 32.7062716999604], [-117.15555676776191, 32.706271450198706], [-117.15555516864873, 32.706271209453696], [-117.15555356736554, 32.70627096511769], [-117.15555196830798, 32.706270729782716], [-117.15555036397357, 32.70627049989689], [-117.15554876181844, 32.7062702745038], [-117.15554715650092, 32.706270052740784], [-117.1555455522777, 32.706269833674995], [-117.15554394707135, 32.70626962273205], [-117.15554233870266, 32.70626941541931], [-117.1555407346184, 32.70626920987854], [-117.15553912315212, 32.706269012507605], [-117.15553751165812, 32.70626881243165], [-117.15553590668335, 32.70626862403045], [-117.15553429643182, 32.706268441078436], [-117.15553268513234, 32.70626825993757], [-117.15553106749877, 32.706268085155344], [-117.15552945631973, 32.70626791573617], [-117.15552840889012, 32.70626780529929], [-117.15552784940658, 32.70626774628565], [-117.15552623188422, 32.706267582323484], [-117.15552461761685, 32.70626742374782], [-117.1555230034051, 32.70626727058215], [-117.15552138602172, 32.706267120144986], [-117.15551976869389, 32.70626697511787], [-117.15551815139386, 32.706266832795734], [-117.15551653528071, 32.70626670218746], [-117.1555149180918, 32.706266570685386], [-117.15551330413943, 32.70626644276643], [-117.15551168069987, 32.706266325738014], [-117.15551006042273, 32.706266205079416], [-117.15550844021041, 32.70626609073249], [-117.15550682008147, 32.70626598450063], [-117.15550520317976, 32.70626588095029], [-117.15550357990693, 32.70626578015185], [-117.1555019567175, 32.70626568746851], [-117.15550033463155, 32.706265598384014], [-117.1554987115255, 32.706265513815666], [-117.15549709164664, 32.70626543192881], [-117.15549546863319, 32.70626535637717], [-117.15549384563825, 32.70626528262884], [-117.15549222273594, 32.70626521789721], [-117.155490596662, 32.706265155894116], [-117.155488973806, 32.7062650956708], [-117.15548734464376, 32.70626504451121], [-117.15548572510761, 32.706264995986146], [-117.15548409920038, 32.70626495021304], [-117.15548247657595, 32.70626491253148], [-117.15548085077985, 32.70626487757843], [-117.15547922502088, 32.70626484623202], [-117.15547759933592, 32.70626482209899], [-117.15547597685044, 32.706264797942424], [-117.15547435125812, 32.70626478282607], [-117.15547272569357, 32.70626477041473], [-117.15547110017535, 32.70626476251171], [-117.15546947472197, 32.706264760920426], [-117.1554663540368, 32.706264767602505], [-117.15543267705098, 32.706264940023765], [-117.15539717647165, 32.70626492653961], [-117.1546370386985, 32.706264549016836], [-117.15464589977499, 32.70541172489053], [-117.154645899775, 32.705408536334616]]]}, "properties": {"block_id": "Map_Border_IMPERIAL_AV", "neighborhood": "South East Village", "latest_count_date": "2025-01-31", "latest_individuals": 0, "latest_tents": 0.0, "latest_vehicles": 0, "history": [{"date": "2018-01-24", "individuals": 1, "tents": 0.0, "vehicles": 0}, {"date": "2018-02-21", "individuals": 0, "tents": 0.0, "vehicles": 0}, {"date": "2019-01-31", "individuals": 1, "tents": 0.0, "vehicles": 0}, {"date": "2020-01-31", "individuals": 2, "tents": 0.0, "vehicles": 0}, {"date": "2020-02-26", "individuals": 0, "tents": 0.0, "vehicles": 0}, {"date": "2021-01-28", "individuals": 2, "tents": 0.0, "vehicles": 0}, {"date": "2021-02-25", "individuals": 0, "tents": 0.0, "vehicles": 0}, {"date": "2022-01-27", "individuals": 2, "tents": 0.0, "vehicles": 0}, {"date": "2022-03-01", "individuals": 2, "tents": 0.0, "vehicles": 0}, {"date": "2023-01-31", "individuals": 0, "tents": 1.0, "vehicles": 0}, {"date": "2024-01-25", "individuals": 0, "tents": 0.0, "vehicles": 0}, {"date": "2025-01-31", "individuals": 0, "tents": 0.0, "vehicles": 0}], "has_panel_data": true}}, {"type": "Feature", "geometry": {"type": "Polygon", "coordinates": [[[-117.1527936929827, 32.70523801482756], [-117.154645899775, 32.705408536334616], [-117.15464589977499, 32.70541172489053], [-117.1546370386985, 32.706264549016836], [-117.15374376550301, 32.70626999302057], [-117.15370150731826, 32.706270302700084], [-117.15322375242704, 32.70628204832927], [-117.15299759660823, 32.7061023058394], [-117.15298680548943, 32.70609202836224], [-117.15297627585348, 32.70608155960392], [-117.15296601411758, 32.70607090132108], [-117.15295602782099, 32.70606006067235], [-117.1529463180394, 32.70604903855183], [-117.15293689233039, 32.70603784392156], [-117.15292775182512, 32.70602648308555], [-117.15292000554241, 32.7060163943162], [-117.15291890186506, 32.70601495690651], [-117.15291501532138, 32.70600964525358], [-117.15291034679002, 32.70600327256662], [-117.15290208771256, 32.70599143456649], [-117.15289604635474, 32.705982337852106], [-117.1528941343232, 32.70597945185267], [-117.15288648773452, 32.70596732892576], [-117.152879147928, 32.70595506398245], [-117.15287212253511, 32.70594267319833], [-117.15286541474593, 32.70593015564827], [-117.15285902466186, 32.70591752125075], [-117.152856778126, 32.705912799050196], [-117.15285295765221, 32.7059047735735], [-117.15284986298411, 32.70589784290672], [-117.15284721802891, 32.70589191709369], [-117.15284180266626, 32.705878959048185], [-117.1528367180461, 32.705865907505235], [-117.15283196740472, 32.70585276604814], [-117.15282838254913, 32.70584202370411], [-117.15282755399674, 32.70583954006351], [-117.15282711602475, 32.70583811942119], [-117.1528234736578, 32.705826239501135], [-117.1528197317293, 32.70581286522358], [-117.15281633365421, 32.70579942801197], [-117.1528132762885, 32.70578593329974], [-117.15281056282215, 32.70577238016188], [-117.15280819344895, 32.70575878753357], [-117.15280748092853, 32.705753990979936], [-117.15280616814098, 32.705745152709724], [-117.15280449022688, 32.705731488290425], [-117.15280425017536, 32.705728981404796], [-117.15280316391686, 32.705717788834356], [-117.15280218193027, 32.705704072429704], [-117.15280158775792, 32.705691461425424], [-117.1527936929827, 32.70523801482756]]]}, "properties": {"block_id": "NATIONAL_AV_IMPERIAL_AV", "neighborhood": "South East Village", "latest_count_date": "2025-01-31", "latest_individuals": 0, "latest_tents": 0.0, "latest_vehicles": 0, "history": [{"date": "2018-01-24", "individuals": 0, "tents": 0.0, "vehicles": 0}, {"date": "2018-02-21", "individuals": 0, "tents": 0.0, "vehicles": 0}, {"date": "2019-01-31", "individuals": 0, "tents": 0.0, "vehicles": 0}, {"date": "2020-01-31", "individuals": 0, "tents": 0.0, "vehicles": 0}, {"date": "2020-02-26", "individuals": 0, "tents": 0.0, "vehicles": 0}, {"date": "2021-01-28", "individuals": 0, "tents": 0.0, "vehicles": 0}, {"date": "2021-02-25", "individuals": 1, "tents": 0.0, "vehicles": 0}, {"date": "2022-01-27", "individuals": 1, "tents": 0.0, "vehicles": 0}, {"date": "2022-03-01", "individuals": 0, "tents": 0.0, "vehicles": 0}, {"date": "2023-01-31", "individuals": 0, "tents": 0.0, "vehicles": 0}, {"date": "2024-01-25", "individuals": 0, "tents": 0.0, "vehicles": 0}, {"date": "2025-01-31", "individuals": 0, "tents": 0.0, "vehicles": 0}], "has_panel_data": true}}, {"type": "Feature", "geometry": {"type": "Polygon", "coordinates": [[[-117.15165578684258, 32.7052271004484], [-117.1527936929827, 32.70523801482756], [-117.15280158775792, 32.705691461425424], [-117.15279342258329, 32.706162319187264], [-117.15277672767417, 32.70609649349105], [-117.15277030489014, 32.70608389449617], [-117.15276349722512, 32.70607141374135], [-117.15275631995166, 32.706059084479115], [-117.15274877955183, 32.706046914777566], [-117.15274086414674, 32.706034890295804], [-117.15274078839452, 32.70603478354321], [-117.15273261592002, 32.70602306843637], [-117.15272400891621, 32.70601141422131], [-117.15271505504214, 32.70599994469641], [-117.15270576295893, 32.70598867242263], [-117.15269613693253, 32.705977597368665], [-117.15268618244315, 32.70596673392215], [-117.15267590807807, 32.705956087430565], [-117.15266532028225, 32.705945662355404], [-117.15265442339556, 32.70593546587878], [-117.15264322922312, 32.70592550512804], [-117.15263173887755, 32.705915784603704], [-117.15261996099224, 32.705906314161666], [-117.1526079062596, 32.70589709642881], [-117.15259558221888, 32.705888138563736], [-117.15190143703144, 32.705406705491], [-117.15165578684258, 32.7052271004484]]]}, "properties": {"block_id": "Map_Border_NATIONAL_AV", "neighborhood": "South East Village", "latest_count_date": "2025-01-31", "latest_individuals": 3, "latest_tents": 1.0, "latest_vehicles": 0, "history": [{"date": "2018-01-24", "individuals": 1, "tents": 0.0, "vehicles": 0}, {"date": "2018-02-21", "individuals": 0, "tents": 0.0, "vehicles": 0}, {"date": "2019-01-31", "individuals": 0, "tents": 0.0, "vehicles": 0}, {"date": "2020-01-31", "individuals": 1, "tents": 0.0, "vehicles": 0}, {"date": "2020-02-26", "individuals": 16, "tents": 2.0, "vehicles": 0}, {"date": "2021-01-28", "individuals": 7, "tents": 9.0, "vehicles": 0}, {"date": "2021-02-25", "individuals": 4, "tents": 3.0, "vehicles": 0}, {"date": "2022-01-27", "individuals": 4, "tents": 8.0, "vehicles": 0}, {"date": "2022-03-01", "individuals": 5, "tents": 6.0, "vehicles": 0}, {"date": "2023-01-31", "individuals": 3, "tents": 31.0, "vehicles": 0}, {"date": "2024-01-25", "individuals": 0, "tents": 0.0, "vehicles": 0}, {"date": "2025-01-31", "individuals": 3, "tents": 1.0, "vehicles": 0}], "has_panel_data": true}}, {"type": "Feature", "geometry": {"type": "Polygon", "coordinates": [[[-117.15187883363986, 32.70732808091937], [-117.15187998797028, 32.707616665604405], [-117.15188301736512, 32.708372484407015], [-117.1511775846083, 32.7083748928403], [-117.1511613736339, 32.708373854366855], [-117.15114522383328, 32.70837233120952], [-117.15112914374792, 32.70837032420752], [-117.1511131589926, 32.7083678349774], [-117.15109728987736, 32.70836486787931], [-117.15108155669361, 32.70836142547036], [-117.15106597338914, 32.70835751576434], [-117.1510505677117, 32.708353140362036], [-117.15104405168225, 32.708351132001816], [-117.15033219867081, 32.708361828026284], [-117.14943172561185, 32.70836565023136], [-117.14943110900565, 32.7076345504737], [-117.14943084964084, 32.707323971253615], [-117.14942983347264, 32.70626854990231], [-117.15034993244333, 32.7062783267969], [-117.1518818979196, 32.70628384358068], [-117.15187883363986, 32.70732808091937]]]}, "properties": {"block_id": "16TH_ST_K_ST", "neighborhood": "South East Village", "latest_count_date": "2025-01-31", "latest_individuals": 8, "latest_tents": 0.0, "latest_vehicles": 1, "history": [{"date": "2018-01-24", "individuals": 6, "tents": 0.0, "vehicles": 0}, {"date": "2018-02-21", "individuals": 2, "tents": 0.0, "vehicles": 1}, {"date": "2019-01-31", "individuals": 0, "tents": 0.0, "vehicles": 0}, {"date": "2020-01-31", "individuals": 4, "tents": 0.0, "vehicles": 1}, {"date": "2020-02-26", "individuals": 3, "tents": 0.0, "vehicles": 0}, {"date": "2021-01-28", "individuals": 3, "tents": 0.0, "vehicles": 0}, {"date": "2021-02-25", "individuals": 2, "tents": 0.0, "vehicles": 0}, {"date": "2022-01-27", "individuals": 4, "tents": 0.0, "vehicles": 0}, {"date": "2022-03-01", "individuals": 6, "tents": 0.0, "vehicles": 1}, {"date": "2023-01-31", "individuals": 3, "tents": 0.0, "vehicles": 1}, {"date": "2024-01-25", "individuals": 2, "tents": 1.0, "vehicles": 0}, {"date": "2025-01-31", "individuals": 8, "tents": 0.0, "vehicles": 1}], "has_panel_data": true}}, {"type": "Feature", "geometry": {"type": "Polygon", "coordinates": [[[-117.15188301736512, 32.708372484407015], [-117.15187998797028, 32.707616665604405], [-117.15187883363986, 32.70732808091937], [-117.15279888764661, 32.707332342942294], [-117.15279653241151, 32.70760995930837], [-117.15279005129553, 32.70837409328694], [-117.15188301736512, 32.708372484407015]]]}, "properties": {"block_id": "14TH_ST_K_ST", "neighborhood": "South East Village", "latest_count_date": "2025-01-31", "latest_individuals": 3, "latest_tents": 0.0, "latest_vehicles": 0, "history": [{"date": "2018-01-24", "individuals": 1, "tents": 0.0, "vehicles": 0}, {"date": "2018-02-21", "individuals": 1, "tents": 4.0, "vehicles": 2}, {"date": "2019-01-31", "individuals": 0, "tents": 0.0, "vehicles": 0}, {"date": "2020-01-31", "individuals": 4, "tents": 1.0, "vehicles": 0}, {"date": "2020-02-26", "individuals": 8, "tents": 1.0, "vehicles": 1}, {"date": "2021-01-28", "individuals": 3, "tents": 1.0, "vehicles": 1}, {"date": "2021-02-25", "individuals": 1, "tents": 1.0, "vehicles": 0}, {"date": "2022-01-27", "individuals": 14, "tents": 4.0, "vehicles": 0}, {"date": "2022-03-01", "individuals": 19, "tents": 1.0, "vehicles": 4}, {"date": "2023-01-31", "individuals": 0, "tents": 30.0, "vehicles": 3}, {"date": "2024-01-25", "individuals": 2, "tents": 0.0, "vehicles": 1}, {"date": "2025-01-31", "individuals": 3, "tents": 0.0, "vehicles": 0}], "has_panel_data": true}}, {"type": "Feature", "geometry": {"type": "Polygon", "coordinates": [[[-117.15322375242704, 32.70628204832927], [-117.15279437284416, 32.70627895330989], [-117.15279342258329, 32.706162319187264], [-117.15280158775792, 32.705691461425424], [-117.15280218193027, 32.705704072429704], [-117.15280316391686, 32.705717788834356], [-117.15280425017536, 32.705728981404796], [-117.15280449022688, 32.705731488290425], [-117.15280616814098, 32.705745152709724], [-117.15280748092853, 32.705753990979936], [-117.15280819344895, 32.70575878753357], [-117.15281056282215, 32.70577238016188], [-117.1528132762885, 32.70578593329974], [-117.15281633365421, 32.70579942801197], [-117.1528197317293, 32.70581286522358], [-117.1528234736578, 32.705826239501135], [-117.15282711602475, 32.70583811942119], [-117.15282755399674, 32.70583954006351], [-117.15282838254913, 32.70584202370411], [-117.15283196740472, 32.70585276604814], [-117.1528367180461, 32.705865907505235], [-117.15284180266626, 32.705878959048185], [-117.15284721802891, 32.70589191709369], [-117.15284986298411, 32.70589784290672], [-117.15285295765221, 32.7059047735735], [-117.152856778126, 32.705912799050196], [-117.15285902466186, 32.70591752125075], [-117.15286541474593, 32.70593015564827], [-117.15287212253511, 32.70594267319833], [-117.152879147928, 32.70595506398245], [-117.15288648773452, 32.70596732892576], [-117.1528941343232, 32.70597945185267], [-117.15289604635474, 32.705982337852106], [-117.15290208771256, 32.70599143456649], [-117.15291034679002, 32.70600327256662], [-117.15291501532138, 32.70600964525358], [-117.15291890186506, 32.70601495690651], [-117.15292000554241, 32.7060163943162], [-117.15292775182512, 32.70602648308555], [-117.15293689233039, 32.70603784392156], [-117.1529463180394, 32.70604903855183], [-117.15295602782099, 32.70606006067235], [-117.15296601411758, 32.70607090132108], [-117.15297627585348, 32.70608155960392], [-117.15298680548943, 32.70609202836224], [-117.15299759660823, 32.7061023058394], [-117.15322375242704, 32.70628204832927]]]}, "properties": {"block_id": "13TH_ST_IMPERIAL_AV", "neighborhood": "South East Village", "latest_count_date": "2025-01-31", "latest_individuals": 10, "latest_tents": 0.0, "latest_vehicles": 0, "history": [{"date": "2018-01-24", "individuals": 0, "tents": 0.0, "vehicles": 0}, {"date": "2018-02-21", "individuals": 0, "tents": 0.0, "vehicles": 0}, {"date": "2019-01-31", "individuals": 0, "tents": 0.0, "vehicles": 0}, {"date": "2020-01-31", "individuals": 0, "tents": 0.0, "vehicles": 0}, {"date": "2020-02-26", "individuals": 0, "tents": 0.0, "vehicles": 0}, {"date": "2021-01-28", "individuals": 0, "tents": 0.0, "vehicles": 0}, {"date": "2021-02-25", "individuals": 0, "tents": 0.0, "vehicles": 0}, {"date": "2022-01-27", "individuals": 5, "tents": 0.0, "vehicles": 0}, {"date": "2022-03-01", "individuals": 0, "tents": 0.0, "vehicles": 0}, {"date": "2023-01-31", "individuals": 29, "tents": 0.0, "vehicles": 0}, {"date": "2024-01-25", "individuals": 0, "tents": 0.0, "vehicles": 0}, {"date": "2025-01-31", "individuals": 10, "tents": 0.0, "vehicles": 0}], "has_panel_data": true}}, {"type": "Feature", "geometry": {"type": "Polygon", "coordinates": [[[-117.15279437284416, 32.70627895330989], [-117.15322375242704, 32.70628204832927], [-117.15370150731826, 32.706270302700084], [-117.15370951955676, 32.70673474245331], [-117.15370899144074, 32.707317431473506], [-117.15279888764661, 32.707332342942294], [-117.15279437284416, 32.70627895330989]]]}, "properties": {"block_id": "13TH_ST_L_ST", "neighborhood": "South East Village", "latest_count_date": "2025-01-31", "latest_individuals": 2, "latest_tents": 0.0, "latest_vehicles": 0, "history": [{"date": "2018-01-24", "individuals": 1, "tents": 4.0, "vehicles": 0}, {"date": "2018-02-21", "individuals": 0, "tents": 4.0, "vehicles": 0}, {"date": "2019-01-31", "individuals": 0, "tents": 0.0, "vehicles": 0}, {"date": "2020-01-31", "individuals": 1, "tents": 0.0, "vehicles": 0}, {"date": "2020-02-26", "individuals": 3, "tents": 0.0, "vehicles": 0}, {"date": "2021-01-28", "individuals": 0, "tents": 0.0, "vehicles": 0}, {"date": "2021-02-25", "individuals": 1, "tents": 0.0, "vehicles": 0}, {"date": "2022-01-27", "individuals": 2, "tents": 2.0, "vehicles": 0}, {"date": "2022-03-01", "individuals": 2, "tents": 1.0, "vehicles": 0}, {"date": "2023-01-31", "individuals": 0, "tents": 4.0, "vehicles": 0}, {"date": "2024-01-25", "individuals": 2, "tents": 0.0, "vehicles": 0}, {"date": "2025-01-31", "individuals": 2, "tents": 0.0, "vehicles": 0}], "has_panel_data": true}}, {"type": "Feature", "geometry": {"type": "Polygon", "coordinates": [[[-117.15190143703144, 32.705406705491], [-117.15259558221888, 32.705888138563736], [-117.1526079062596, 32.70589709642881], [-117.15261996099224, 32.705906314161666], [-117.15263173887755, 32.705915784603704], [-117.15264322922312, 32.70592550512804], [-117.15265442339556, 32.70593546587878], [-117.15266532028225, 32.705945662355404], [-117.15267590807807, 32.705956087430565], [-117.15268618244315, 32.70596673392215], [-117.15269613693253, 32.705977597368665], [-117.15270576295893, 32.70598867242263], [-117.15271505504214, 32.70599994469641], [-117.15272400891621, 32.70601141422131], [-117.15273261592002, 32.70602306843637], [-117.15274078839452, 32.70603478354321], [-117.15274086414674, 32.706034890295804], [-117.15274877955183, 32.706046914777566], [-117.15275631995166, 32.706059084479115], [-117.15276349722512, 32.70607141374135], [-117.15277030489014, 32.70608389449617], [-117.15277672767417, 32.70609649349105], [-117.15279342258329, 32.706162319187264], [-117.15279437284416, 32.70627895330989], [-117.1518818979196, 32.70628384358068], [-117.15187664056819, 32.70562382672747], [-117.15190143703144, 32.705406705491]]]}, "properties": {"block_id": "14TH_ST_IMPERIAL_AV", "neighborhood": "South East Village", "latest_count_date": "2025-01-31", "latest_individuals": 0, "latest_tents": 0.0, "latest_vehicles": 0, "history": [{"date": "2018-01-24", "individuals": 2, "tents": 0.0, "vehicles": 0}, {"date": "2018-02-21", "individuals": 0, "tents": 0.0, "vehicles": 0}, {"date": "2019-01-31", "individuals": 1, "tents": 0.0, "vehicles": 0}, {"date": "2020-01-31", "individuals": 1, "tents": 0.0, "vehicles": 0}, {"date": "2020-02-26", "individuals": 0, "tents": 0.0, "vehicles": 0}, {"date": "2021-01-28", "individuals": 12, "tents": 15.0, "vehicles": 0}, {"date": "2021-02-25", "individuals": 0, "tents": 18.0, "vehicles": 0}, {"date": "2022-01-27", "individuals": 2, "tents": 14.0, "vehicles": 0}, {"date": "2022-03-01", "individuals": 5, "tents": 8.0, "vehicles": 0}, {"date": "2023-01-31", "individuals": 0, "tents": 0.0, "vehicles": 0}, {"date": "2024-01-25", "individuals": 4, "tents": 1.0, "vehicles": 0}, {"date": "2025-01-31", "individuals": 0, "tents": 0.0, "vehicles": 0}], "has_panel_data": true}}, {"type": "Feature", "geometry": {"type": "Polygon", "coordinates": [[[-117.15370150731826, 32.706270302700084], [-117.15374376550301, 32.70626999302057], [-117.1546370386985, 32.706264549016836], [-117.15539717647165, 32.70626492653961], [-117.15543267705098, 32.706264940023765], [-117.1554663540368, 32.706264767602505], [-117.15546947472197, 32.706264760920426], [-117.15547110017535, 32.70626476251171], [-117.15547272569357, 32.70626477041473], [-117.15547435125812, 32.70626478282607], [-117.15547597685044, 32.706264797942424], [-117.15547759933592, 32.70626482209899], [-117.15547922502088, 32.70626484623202], [-117.15548085077985, 32.70626487757843], [-117.15548247657595, 32.70626491253148], [-117.15548409920038, 32.70626495021304], [-117.15548572510761, 32.706264995986146], [-117.15548734464376, 32.70626504451121], [-117.155488973806, 32.7062650956708], [-117.155490596662, 32.706265155894116], [-117.15549222273594, 32.70626521789721], [-117.15549384563825, 32.70626528262884], [-117.15549546863319, 32.70626535637717], [-117.15549709164664, 32.70626543192881], [-117.1554987115255, 32.706265513815666], [-117.15550033463155, 32.706265598384014], [-117.1555019567175, 32.70626568746851], [-117.15550357990693, 32.70626578015185], [-117.15550520317976, 32.70626588095029], [-117.15550682008147, 32.70626598450063], [-117.15550844021041, 32.70626609073249], [-117.15551006042273, 32.706266205079416], [-117.15551168069987, 32.706266325738014], [-117.15551330413943, 32.70626644276643], [-117.1555149180918, 32.706266570685386], [-117.15551653528071, 32.70626670218746], [-117.15551815139386, 32.706266832795734], [-117.15551976869389, 32.70626697511787], [-117.15552138602172, 32.706267120144986], [-117.1555230034051, 32.70626727058215], [-117.15552461761685, 32.70626742374782], [-117.15552623188422, 32.706267582323484], [-117.15552784940658, 32.70626774628565], [-117.15552840889012, 32.70626780529929], [-117.15552945631973, 32.70626791573617], [-117.15553106749877, 32.706268085155344], [-117.15553268513234, 32.70626825993757], [-117.15553429643182, 32.706268441078436], [-117.15553590668335, 32.70626862403045], [-117.15553751165812, 32.70626881243165], [-117.15553912315212, 32.706269012507605], [-117.1555407346184, 32.70626920987854], [-117.15554233870266, 32.70626941541931], [-117.15554394707135, 32.70626962273205], [-117.1555455522777, 32.706269833674995], [-117.15554715650092, 32.706270052740784], [-117.15554876181844, 32.7062702745038], [-117.15555036397357, 32.70627049989689], [-117.15555196830798, 32.706270729782716], [-117.15555356736554, 32.70627096511769], [-117.15555516864873, 32.706271209453696], [-117.15555676776191, 32.706271450198706], [-117.15555836696775, 32.7062716999604], [-117.15555996512559, 32.70627195153321], [-117.15556156121535, 32.70627220943343], [-117.15556315629426, 32.70627247275151], [-117.15556475246736, 32.70627273876673], [-117.15556634442093, 32.7062730093216], [-117.15556793750581, 32.706273286180355], [-117.15556952636184, 32.706273566677105], [-117.15557111950233, 32.70627384894587], [-117.15557270846027, 32.706274139360914], [-117.15557429424656, 32.7062744325045], [-117.1555758811642, 32.706274731952014], [-117.15557746706169, 32.70627503591563], [-117.15557904976897, 32.70627534080441], [-117.15558063361686, 32.70627565289874], [-117.15558221643538, 32.70627596860755], [-117.15558379611, 32.706276289749866], [-117.15558537690673, 32.706276616294375], [-117.15558695346532, 32.70627694557525], [-117.1555885300517, 32.706277277561064], [-117.15559010672146, 32.70627761766194], [-117.15559168125831, 32.706277957778475], [-117.15559325161257, 32.70627830604133], [-117.15559482520335, 32.7062786578874], [-117.15559639244162, 32.706279014288825], [-117.15559796291635, 32.70627937427338], [-117.15559953023799, 32.70627973878978], [-117.15560109442507, 32.70628010964141], [-117.1556026586399, 32.70628048319798], [-117.15560422287331, 32.70628085855795], [-117.15560578399987, 32.70628124295804], [-117.15560734195486, 32.70628163008668], [-117.15560889993765, 32.70628201992027], [-117.15561045797601, 32.70628241516397], [-117.15561201287979, 32.706282816742785], [-117.15561356460267, 32.70628322014846], [-117.15561511638116, 32.70628362896407], [-117.1556166682245, 32.706284044091454], [-117.15561821582044, 32.70628446105349], [-117.15561976132051, 32.706284881637835], [-117.1556213068947, 32.706285309435536], [-117.15562285247815, 32.706285738134945], [-117.1556243938791, 32.70628617498068], [-117.15562593320267, 32.706286617252076], [-117.15562747249847, 32.70628705681844], [-117.15562900761171, 32.70628750453122], [-117.15563054384708, 32.706287957646126], [-117.15563207691076, 32.70628841348959], [-117.1556336089636, 32.706288874750875], [-117.15563513891126, 32.706289338732816], [-117.1556366646579, 32.706289809057765], [-117.15563819151733, 32.70629028388324], [-117.15563971414788, 32.706290762346725], [-117.15564123680629, 32.706291243515224], [-117.15564275740584, 32.706291731912735], [-117.15564427374878, 32.70629222124319], [-117.15564579014728, 32.706292715983714], [-117.15564730446845, 32.70629321614989], [-117.1556488177787, 32.706293721733964], [-117.15565032791736, 32.706294230046524], [-117.15565183488438, 32.70629474108759], [-117.15565334300122, 32.706295260235834], [-117.15565484682442, 32.706295776710334], [-117.15565634756864, 32.70629630493009], [-117.15565784830356, 32.70629683224817], [-117.15565934590394, 32.706297365901456], [-117.15566084035122, 32.70629790408657], [-117.1556623348356, 32.70629844587838], [-117.1556638261761, 32.70629899310365], [-117.15566531434497, 32.70629954305746], [-117.15566680256023, 32.7063000975196], [-117.15566828654656, 32.70630065561973], [-117.15566976848339, 32.70630122185062], [-117.15567125040168, 32.706301786278075], [-117.15567272919468, 32.70630235794243], [-117.15567420374957, 32.70630293234307], [-117.15567567942654, 32.70630351214598], [-117.15567715194112, 32.70630409557901], [-117.15567862023615, 32.706304683551735], [-117.15568008323586, 32.706305275170315], [-117.1556815516143, 32.706305871258], [-117.15568301149796, 32.706306471015104], [-117.15568447354242, 32.70630707346153], [-117.15568593035637, 32.70630768586547], [-117.15568738608538, 32.706308296473935], [-117.15568883656536, 32.70630891523655], [-117.15569028597885, 32.70630953400704], [-117.155691735448, 32.70631015818748], [-117.15569317858314, 32.70631078872665], [-117.15569462280328, 32.706311421061294], [-117.15569606281309, 32.70631205883726], [-117.15569749966058, 32.706312700243465], [-117.15569893655437, 32.70631334615798], [-117.1557003670864, 32.706313995726205], [-117.15570179763695, 32.70631464709774], [-117.15570322505296, 32.706315304804455], [-117.1557046493251, 32.70631596794469], [-117.155706073588, 32.7063166301832], [-117.15570749154472, 32.706317301485484], [-117.15570890952924, 32.706317975492745], [-117.15571032324783, 32.70631864953132], [-117.1557117349169, 32.70631933170059], [-117.15571314341432, 32.70632001659839], [-117.15571455197663, 32.70632070780788], [-117.15571595309213, 32.7063214008755], [-117.15571735530193, 32.70632209664027], [-117.15571875331067, 32.70632279874813], [-117.15572014917718, 32.70632349996996], [-117.15572154087046, 32.70632421023982], [-117.15572293047717, 32.70632492503366], [-117.15572431905441, 32.70632564344204], [-117.15572570123283, 32.7063263618974], [-117.15572708136168, 32.70632708848349], [-117.1557284604519, 32.70632781778236], [-117.15572983316176, 32.70632854893159], [-117.15573120591795, 32.706329284589195], [-117.15573257552107, 32.706330024778616], [-117.15573394195255, 32.706330767696564], [-117.15573530521243, 32.706331513343], [-117.15573666855569, 32.7063322671045], [-117.1557380223377, 32.70633302454312], [-117.15573937933777, 32.706333783761615], [-117.15574073317542, 32.70633454661028], [-117.15574208063278, 32.706335311309225], [-117.15574342815498, 32.70633608231994], [-117.15574476826747, 32.706336858795446], [-117.15574610946491, 32.70633763706649], [-117.1557474443006, 32.706338418991216], [-117.15574877809766, 32.706339203628715], [-117.15575010981735, 32.70633999369197], [-117.15575143729895, 32.706340786491545], [-117.15575275950371, 32.706341584740336], [-117.15575408061426, 32.706342380291915], [-117.15575539866435, 32.70634318939203], [-117.15575671456301, 32.70634399670447], [-117.15575802944151, 32.7063448085331], [-117.15575933155935, 32.706345624062436], [-117.15576063692293, 32.70634644407661], [-117.15576193912418, 32.70634726772095], [-117.15576323814457, 32.70634809319208], [-117.15576453403038, 32.70634892499847], [-117.15576582351731, 32.70634975685182], [-117.15576711307841, 32.70635059591854], [-117.15576839944934, 32.706351435910406], [-117.15576968267645, 32.70635228133581], [-117.15577095953252, 32.70635312951327], [-117.15577223534989, 32.706353980403506], [-117.15577350589047, 32.706354836742904], [-117.15577477645891, 32.70635569578736], [-117.15577604279851, 32.706356558469835], [-117.15577730385203, 32.70635742569981], [-117.15577856066743, 32.706358295666135], [-117.15577981432051, 32.70635916926262], [-117.15578106585916, 32.70636004467811], [-117.15578231639624, 32.70636092641312], [-117.15578356055299, 32.706361809998484], [-117.15578480261385, 32.7063626972062], [-117.15578603723719, 32.70636358717374], [-117.15578727190683, 32.706364481649665], [-117.15578850341417, 32.70636537975573], [-117.15578972855037, 32.7063662806138], [-117.15579095374225, 32.70636718688191], [-117.15579217253526, 32.706368093197014], [-117.15579338711798, 32.70636900495345], [-117.15579460282277, 32.70636992211212], [-117.1557958089385, 32.70637084024291], [-117.15579701512846, 32.706371765587114], [-117.15579822022411, 32.70637268823411], [-117.15579941685283, 32.70637361725543], [-117.15580060923412, 32.70637454811148], [-117.15580179951033, 32.70637548168815], [-117.15580299198434, 32.706376421560925], [-117.15580417168844, 32.706377364232665], [-117.1558053492781, 32.70637830872337], [-117.15580652586618, 32.70637925953364], [-117.1558076992549, 32.70638021036743], [-117.15580886630028, 32.706381166658176], [-117.15581003017404, 32.70638212567749], [-117.15581119086696, 32.7063830865236], [-117.15581234839745, 32.706384050999944], [-117.15581350276564, 32.70638501910644], [-117.15594601224487, 32.70649667679213], [-117.15552716048511, 32.706851988470824], [-117.1549823270735, 32.7073141787482], [-117.15487802222673, 32.70740265738617], [-117.15462937784572, 32.70761358539689], [-117.15461782184569, 32.707623389130205], [-117.15453470707618, 32.70769389092596], [-117.15423990499104, 32.707939458012085], [-117.153726839633, 32.70836683787528], [-117.15372303349783, 32.70837000833434], [-117.15372299170185, 32.70836686787686], [-117.15371280582339, 32.70760324818572], [-117.15370899144074, 32.707317431473506], [-117.15370951955676, 32.70673474245331], [-117.15370150731826, 32.706270302700084]]]}, "properties": {"block_id": "12TH_AV_PARK_BL", "neighborhood": "South East Village", "latest_count_date": "2025-01-31", "latest_individuals": 1, "latest_tents": 0.0, "latest_vehicles": 0, "history": [{"date": "2018-01-24", "individuals": 0, "tents": 0.0, "vehicles": 0}, {"date": "2018-02-21", "individuals": 0, "tents": 0.0, "vehicles": 0}, {"date": "2019-01-31", "individuals": 3, "tents": 2.0, "vehicles": 0}, {"date": "2020-01-31", "individuals": 6, "tents": 1.0, "vehicles": 0}, {"date": "2020-02-26", "individuals": 2, "tents": 0.0, "vehicles": 0}, {"date": "2021-01-28", "individuals": 0, "tents": 0.0, "vehicles": 0}, {"date": "2021-02-25", "individuals": 0, "tents": 1.0, "vehicles": 0}, {"date": "2022-01-27", "individuals": 1, "tents": 0.0, "vehicles": 0}, {"date": "2022-03-01", "individuals": 1, "tents": 0.0, "vehicles": 0}, {"date": "2023-01-31", "individuals": 6, "tents": 6.0, "vehicles": 0}, {"date": "2024-01-25", "individuals": 0, "tents": 0.0, "vehicles": 0}, {"date": "2025-01-31", "individuals": 1, "tents": 0.0, "vehicles": 0}], "has_panel_data": true}}, {"type": "Feature", "geometry": {"type": "Polygon", "coordinates": [[[-117.15463414278273, 32.70940226560796], [-117.15373034898423, 32.709400646469156], [-117.15372303349783, 32.70837000833434], [-117.153726839633, 32.70836683787528], [-117.15423990499104, 32.707939458012085], [-117.15438317768903, 32.70805985027799], [-117.1543842897642, 32.70806085387604], [-117.15438539543116, 32.708061856619324], [-117.15438650433458, 32.70806286294577], [-117.1543876132381, 32.70806386927224], [-117.15438871683689, 32.70806487834282], [-117.15438981935993, 32.70806588651955], [-117.1543909187205, 32.70806689832644], [-117.15439201810884, 32.70806791283831], [-117.15439311109817, 32.70806892739712], [-117.15439420731482, 32.70806994463748], [-117.1543952971325, 32.70807096192477], [-117.15439638697792, 32.708071981917065], [-117.15439747682336, 32.70807300190931], [-117.15439856349714, 32.70807402463004], [-117.15439964590489, 32.708075047382074], [-117.15440072940694, 32.708076072831254], [-117.15440180973722, 32.70807710100896], [-117.15440288686807, 32.70807812921008], [-117.15440396402667, 32.70807916011624], [-117.15440503691934, 32.70808019105364], [-117.15440610770675, 32.708081224711705], [-117.15440717850342, 32.708082259271485], [-117.15440824185313, 32.70808329568929], [-117.15440931266839, 32.708084332052344], [-117.15441037604583, 32.70808537117518], [-117.15441143727189, 32.70808640851033], [-117.15441249750548, 32.70808745306664], [-117.15441355560601, 32.70808849763857], [-117.15441460944986, 32.70808954314346], [-117.15441566435102, 32.70809058773885], [-117.1544167150509, 32.70809163867724], [-117.15441776254211, 32.708092688737366], [-117.15441881108127, 32.708093736986356], [-117.15441985540077, 32.70809478977502], [-117.15442089972949, 32.70809584346531], [-117.15442193765003, 32.70809689630081], [-117.15442297883486, 32.70809795542462], [-117.1544240146779, 32.7080990136858], [-117.15442504949152, 32.708100075561546], [-117.15442608110558, 32.70810113746068], [-117.15442711271048, 32.70810219845819], [-117.15442814435242, 32.70810326306234], [-117.15442916639583, 32.70810432773693], [-117.15443019166659, 32.70810539509302], [-117.15443121375631, 32.70810646427592], [-117.15443223585531, 32.708107534360465], [-117.15443325155532, 32.70810860449195], [-117.15443426301715, 32.70810967735977], [-117.15443528197224, 32.70811075287779], [-117.15443629452831, 32.70811182844276], [-117.15443730388495, 32.70811290403118], [-117.1544383090311, 32.70811398506094], [-117.15443931521602, 32.70811506337784], [-117.15444031822923, 32.70811614442316], [-117.15444131700423, 32.70811722820484], [-117.15444231684569, 32.708118311978694], [-117.15444330924946, 32.7081193985123], [-117.15444430911874, 32.70812048499113], [-117.15444530258905, 32.708121571516884], [-117.15444629182115, 32.70812266077893], [-117.15444727788149, 32.708123752769495], [-117.15444826501765, 32.708124845653906], [-117.15444925110583, 32.70812594034941], [-117.15445023186147, 32.70812703508405], [-117.15445121477792, 32.70812813250811], [-117.15445218810517, 32.70812923090413], [-117.15445316142313, 32.708130328398525], [-117.15445413159718, 32.7081314313264], [-117.1544551060187, 32.70813253241967], [-117.15445607619279, 32.708133635347565], [-117.15445703997713, 32.70813473922398], [-117.15445800380772, 32.70813584760883], [-117.15445896761986, 32.7081369541903], [-117.15445992827877, 32.70813806530359], [-117.15446088571969, 32.708139174637], [-117.15446183997965, 32.70814028579721], [-117.15446279427661, 32.708141400564124], [-117.15446374536485, 32.708142514452824], [-117.15446469326287, 32.70814362926664], [-117.15446564012215, 32.70814474679326], [-117.15446658483918, 32.708145863433884], [-117.1544675263938, 32.70814698370466], [-117.15446846797614, 32.708148106680405], [-117.15446940528325, 32.7081492287858], [-117.15447034046667, 32.70815035180848], [-117.15447127567786, 32.70815147753619], [-117.15447220662304, 32.70815260329516], [-117.15447313545376, 32.70815373087317], [-117.15447406002775, 32.7081548593841], [-117.15447498569597, 32.70815599059219], [-117.15447590709826, 32.708157121831626], [-117.15447682956706, 32.70815825306316], [-117.15447774459814, 32.708159387054486], [-117.15447866285649, 32.70816052372737], [-117.15447957578235, 32.70816166043938], [-117.15448048766947, 32.70816279986418], [-117.15448139635711, 32.70816393931247], [-117.15448230184532, 32.7081650787842], [-117.15448320416176, 32.70816622098442], [-117.15448410754475, 32.70816736317681], [-117.15448500668946, 32.70816850810546], [-117.15448590583419, 32.708169653034155], [-117.15448680180727, 32.70817080069131], [-117.15448769458082, 32.708171948371955], [-117.1544885841641, 32.70817309697769], [-117.15448947376596, 32.708174247386765], [-117.15449036019609, 32.708175400524354], [-117.15449124342675, 32.70817655368535], [-117.15449212560017, 32.708177707755894], [-117.15449300565909, 32.70817886364542], [-117.15449388251852, 32.70818001955836], [-117.15449475621547, 32.7081811791015], [-117.15449562990321, 32.70818233774292], [-117.15449649935272, 32.70818349912066], [-117.15449736987803, 32.708184661392266], [-117.15449823292855, 32.70818582281692], [-117.1544990970826, 32.70818698784046], [-117.15449995802794, 32.708188151985766], [-117.1545008179438, 32.70818931974557], [-117.15450167571744, 32.70819048661937], [-117.15450252926212, 32.70819165713114], [-117.15450337639848, 32.708192826788114], [-117.15450423103744, 32.70819399999707], [-117.15450507820164, 32.70819517235912], [-117.15450592537512, 32.7081963456228], [-117.15450676404434, 32.70819752165409], [-117.15450760803687, 32.70819869674462], [-117.1545084424679, 32.7081998755122], [-117.15450928009845, 32.7082010542563], [-117.15451011132075, 32.70820223214566], [-117.15451094258012, 32.70820341364174], [-117.15451177170644, 32.70820459515339], [-117.15451260299356, 32.70820577935448], [-117.15451342470074, 32.70820696542927], [-117.15451424638938, 32.70820814970071], [-117.15451506383982, 32.70820933670847], [-117.15451588235676, 32.708210523708374], [-117.15451669770198, 32.70821171343679], [-117.15451750984771, 32.70821290318866], [-117.15451832202126, 32.70821409564556], [-117.15451912775876, 32.70821528454267], [-117.15451993249455, 32.70821647975931], [-117.15452073512512, 32.708217677696624], [-117.15452153452843, 32.70821887295237], [-117.15452233286526, 32.70822006821592], [-117.15452312909687, 32.70822126620018], [-117.154523924262, 32.70822246419221], [-117.15452471093215, 32.708223665853495], [-117.15452550295332, 32.70822486927903], [-117.15452628961425, 32.708226070038656], [-117.15452707526421, 32.708227276216135], [-117.15452785448744, 32.708228479735546], [-117.15452863480493, 32.708229685952126], [-117.1545294108564, 32.708230892199985], [-117.15453018691719, 32.70823209934954], [-117.15453096086347, 32.708233308318036], [-117.154531727372, 32.70823452004636], [-117.15453249708011, 32.708235731751174], [-117.15453326039842, 32.70823694440461], [-117.15453402370753, 32.708238156156355], [-117.15453478384488, 32.7082393706366], [-117.15453554081051, 32.70824058784531], [-117.15453629775769, 32.70824180325067], [-117.15453705155161, 32.70824302318785], [-117.1545378021275, 32.70824424134518], [-117.15453854952248, 32.70824546132925], [-117.15453929691748, 32.70824668131339], [-117.15454003688393, 32.70824790495891], [-117.1545407779077, 32.708249127695005], [-117.1545415189407, 32.708250351332744], [-117.15454225356548, 32.70825157411573], [-117.1545429871885, 32.70825280321824], [-117.15454371864156, 32.708254028729684], [-117.15454444906516, 32.708255257855704], [-117.15454517414696, 32.7082564861191], [-117.15454589819933, 32.708257717997014], [-117.15454662011875, 32.708258949890556], [-117.15454734096237, 32.70826018089024], [-117.1545480565105, 32.70826141553578], [-117.15454877098296, 32.708262649287434], [-117.1545494822651, 32.70826388396424], [-117.15455019464156, 32.70826512133821], [-117.1545508995525, 32.708266358766934], [-117.154551604482, 32.70826759799904], [-117.15455230619345, 32.70826883545122], [-117.1545530047332, 32.7082700756319], [-117.15455370436722, 32.70827131850978], [-117.15455439972601, 32.70827256051721], [-117.15455509189455, 32.70827380344986], [-117.15455578086362, 32.70827504640597], [-117.15455646986042, 32.708276292067076], [-117.15455715245825, 32.70827753777511], [-117.15455783827413, 32.708278785263026], [-117.15455851663376, 32.708280033707354], [-117.15455919286033, 32.708281282167356], [-117.15455986911476, 32.70828253333231], [-117.15456054216965, 32.70828378452081], [-117.15456121095856, 32.70828503574056], [-117.15456188086948, 32.708286292362516], [-117.15456254432591, 32.70828754362137], [-117.15456320674365, 32.708288797593056], [-117.15456387022786, 32.70829005155694], [-117.15456452627431, 32.70829130828057], [-117.1545651802156, 32.70829256772486], [-117.15456583309029, 32.70829382717701], [-117.15456648380436, 32.708295083939724], [-117.15456713350737, 32.708296346120335], [-117.15456777678365, 32.70829760564287], [-117.15456842116343, 32.70829886876423], [-117.15456906126803, 32.708300131015214], [-117.15456970140036, 32.70830139597127], [-117.15457033513367, 32.70830266097422], [-117.15457096993353, 32.708303925969325], [-117.15457160046739, 32.70830519099572], [-117.15457222783873, 32.7083064596523], [-117.15457285200137, 32.708307727430665], [-117.15457347619179, 32.70830899791404], [-117.1545740971827, 32.70831026842087], [-117.15457471498335, 32.70831153985287], [-117.15457532957527, 32.708312810406625], [-117.15457594419497, 32.70831408366543], [-117.15457655453015, 32.70831535515213], [-117.1545771627786, 32.70831663116291], [-117.1545777678276, 32.70831790719712], [-117.1545783696863, 32.70831918415645], [-117.15457897046929, 32.70832046022191], [-117.15457956911929, 32.70832173630305], [-117.15458016457906, 32.70832301330932], [-117.15458075581905, 32.708324294855274], [-117.15458134813485, 32.70832557729503], [-117.15458193614761, 32.7083268561594], [-117.1545825220644, 32.70832813864613], [-117.15458310373373, 32.708329422967445], [-117.15458368218503, 32.7083307055089], [-117.1545842616936, 32.708331987140895], [-117.15458483700093, 32.70833327511585], [-117.15458540909951, 32.70833456221256], [-117.15458597798013, 32.70833584752946], [-117.1545865479735, 32.70833713734686], [-117.15458711368234, 32.70833842539225], [-117.1545876761825, 32.7083397125594], [-117.15458823552011, 32.70834100335672], [-117.15458879485777, 32.70834229415404], [-117.15458934781489, 32.7083435868016], [-117.15458990075356, 32.70834487764587], [-117.15459045052047, 32.70834617121859], [-117.15459099713416, 32.70834746932315], [-117.15459154047433, 32.7083487602378], [-117.15459208280356, 32.708350056570275], [-117.15459262299049, 32.70835135201675], [-117.15459315678767, 32.70835264841184], [-117.15459369701165, 32.70835394746502], [-117.15459422977013, 32.70835524657294], [-117.15459441036995, 32.70835569611873], [-117.15459475718686, 32.70835654481829], [-117.15459528354631, 32.70835784397312], [-117.15459580780052, 32.70835914584867], [-117.15459618980972, 32.708360097990294], [-117.15459626533247, 32.70836028590017], [-117.15459632885528, 32.70836044774762], [-117.15459684884352, 32.708361749654415], [-117.15459736245127, 32.70836305341153], [-117.15459787710704, 32.708364355357425], [-117.15459839072409, 32.70836566001618], [-117.15459889796982, 32.70836696742692], [-117.15459940625442, 32.70836827212477], [-117.15459990710117, 32.7083695795824], [-117.15460040794798, 32.70837088704003], [-117.15460090878553, 32.70837219359598], [-117.1546014032333, 32.708373501100546], [-117.15460189877535, 32.70837481130236], [-117.15460238685192, 32.70837612155889], [-117.15460287492847, 32.70837743181541], [-117.15460336303278, 32.70837874477694], [-117.15460384471038, 32.7083800550804], [-117.1546043253492, 32.70838136809671], [-117.15460480385504, 32.70838268112869], [-117.15460527918914, 32.70838399688909], [-117.154605751296, 32.70838530996801], [-117.15460622023107, 32.70838662577532], [-117.1546066880997, 32.70838794159053], [-117.15460715386305, 32.7083892601264], [-117.15460761639916, 32.70839057598072], [-117.15460807470626, 32.708391895472985], [-117.1546085308711, 32.708393214079244], [-117.15460898596947, 32.70839453269335], [-117.15460943896265, 32.70839585402806], [-117.15460988768976, 32.70839717539412], [-117.15461033428387, 32.708398496775764], [-117.15461077661205, 32.708399818188774], [-117.15461121574062, 32.708401139625195], [-117.15461166239957, 32.70840246731859], [-117.15461209510144, 32.708403786096945], [-117.15461252785877, 32.70840511028531], [-117.15461296064396, 32.70840643717876], [-117.15461338700234, 32.708407761414065], [-117.15461381339773, 32.70840908925607], [-117.15461423658438, 32.708410416219905], [-117.15461465657158, 32.708411743207165], [-117.15461507655871, 32.70841307019447], [-117.15461549015609, 32.70841439813034], [-117.15461590377204, 32.7084157278696], [-117.15461631418842, 32.7084170576323], [-117.15461672140535, 32.708418387418476], [-117.15461712543201, 32.708419718129804], [-117.15461753161017, 32.70842105062877], [-117.15461792925633, 32.7084223831904], [-117.15461832371223, 32.70842371667712], [-117.15461872029192, 32.70842504924652], [-117.15461911156684, 32.70842638456009], [-117.15461949852948, 32.7084277153966], [-117.15461988660489, 32.70842905073361], [-117.15462027041431, 32.70843038610192], [-117.15462065209995, 32.70843172238752], [-117.15462102951037, 32.708433057802786], [-117.15462140482475, 32.70843439684038], [-117.15462177903572, 32.7084357322791], [-117.15462215007484, 32.70843707044629], [-117.15462251792373, 32.70843840953865], [-117.1546228836304, 32.70843974774493], [-117.15462324510807, 32.70844108958924], [-117.15462360654872, 32.70844242782686], [-117.15462396162738, 32.70844376971807], [-117.1546243198963, 32.70844511068421], [-117.15462467177544, 32.70844645259892], [-117.15462502044583, 32.70844779363542], [-117.15462536592595, 32.70844913559705], [-117.1546257114246, 32.708450479362035], [-117.1546260537608, 32.7084518267572], [-117.15462639176616, 32.70845316787194], [-117.15462672767553, 32.70845451260901], [-117.15462706037616, 32.70845585646786], [-117.15462739308606, 32.70845720122843], [-117.15462772154844, 32.70845854782357], [-117.1546280478593, 32.70845989263102], [-117.15462836992265, 32.70846123927319], [-117.1546286898623, 32.708462586832624], [-117.1546290087539, 32.708463936203195], [-117.15462932229454, 32.708465283809595], [-117.15462963476858, 32.70846663142378], [-117.15462994512824, 32.708467980856966], [-117.15463025123107, 32.708469331223114], [-117.15463036405609, 32.70846982815654], [-117.15463055736167, 32.70847068429428], [-117.15463085809503, 32.70847203109285], [-117.15463115779885, 32.70847338150597], [-117.1546314543217, 32.70847473374586], [-117.15463174762651, 32.708476084205905], [-117.15463203775958, 32.70847743739441], [-117.15463232788339, 32.708478789681216], [-117.15463261161744, 32.70848014291673], [-117.15463289535153, 32.70848149615221], [-117.15463317587682, 32.70848284850943], [-117.15463345321186, 32.708484201791826], [-117.15463373057467, 32.70848555777923], [-117.15463400150142, 32.708486910206865], [-117.1546342713987, 32.708488266249084], [-117.15463453913526, 32.708489619601856], [-117.15463480372776, 32.70849097838821], [-117.1546350682833, 32.7084923335678], [-117.15463532218301, 32.7084936897273], [-117.15463558037655, 32.70849504856057], [-117.154635834267, 32.70849640381843], [-117.15463608606149, 32.70849776269859], [-117.15463633358998, 32.708499121610096], [-117.15463657898545, 32.708500480537204], [-117.15463682331439, 32.708501839472184], [-117.15463706123506, 32.708503197552396], [-117.15463730023157, 32.708504556526435], [-117.15463753496199, 32.70850591553184], [-117.15463776652068, 32.70850727726566], [-117.15463799487055, 32.708508638121316], [-117.15463822426852, 32.70850999716579], [-117.15463844622865, 32.70851135897006], [-117.15463866818882, 32.708512720774294], [-117.1546388901767, 32.708514085283575], [-117.15463910570084, 32.708515443528086], [-117.15463931806248, 32.708516805402745], [-117.15463952725229, 32.70851817000593], [-117.15463973534789, 32.7085195319119], [-117.15463994133825, 32.70852089653851], [-117.15464014410134, 32.708522258483555], [-117.1546403436834, 32.708523622255456], [-117.15464054220823, 32.70852498693684], [-117.15464073540052, 32.708526351657376], [-117.15464092859285, 32.70852771637786], [-117.15464111751912, 32.70852908112965], [-117.15464130431236, 32.70853044589711], [-117.15464148683964, 32.70853181069584], [-117.15464167042418, 32.70853317458508], [-117.15464184658012, 32.708534542135745], [-117.15464202377487, 32.70853590697365], [-117.15464219673134, 32.70853727454782], [-117.15464236648829, 32.70853864214547], [-117.15464253408452, 32.70854000705371], [-117.15464270064192, 32.708541374674816], [-117.15464286399984, 32.708542742319395], [-117.15464302095879, 32.70854411001089], [-117.15464317791769, 32.708545477702415], [-117.15464333166778, 32.70854684451575], [-117.15464348545493, 32.708548214935774], [-117.15464363281532, 32.70854958269769], [-117.15464378017563, 32.7085509504596], [-117.15464392436428, 32.70855232095003], [-117.15464406532554, 32.70855368875888], [-117.15464420311514, 32.70855505929626], [-117.15464433767744, 32.70855642715206], [-117.15464447226749, 32.70855779771288], [-117.15464459939203, 32.70855916832849], [-117.15464472755528, 32.708560536231275], [-117.15464485254677, 32.70856190686251], [-117.15464497327223, 32.708563277525045], [-117.15464509506423, 32.70856464817976], [-117.15464520939071, 32.7085660188892], [-117.15464532478362, 32.70856738959087], [-117.15464543590129, 32.70856875942212], [-117.1546455448952, 32.708570130170706], [-117.15464564965085, 32.70857150365562], [-117.15464575117925, 32.70857287445897], [-117.15464815308295, 32.70859469430241], [-117.15463414278273, 32.70940226560796]]]}, "properties": {"block_id": "PARK_BL_J_ST", "neighborhood": "South East Village", "latest_count_date": "2025-01-31", "latest_individuals": 23, "latest_tents": 2.0, "latest_vehicles": 0, "history": [{"date": "2018-01-24", "individuals": 5, "tents": 0.0, "vehicles": 0}, {"date": "2018-02-21", "individuals": 6, "tents": 0.0, "vehicles": 0}, {"date": "2019-01-31", "individuals": 12, "tents": 0.0, "vehicles": 0}, {"date": "2020-01-31", "individuals": 0, "tents": 0.0, "vehicles": 0}, {"date": "2020-02-26", "individuals": 5, "tents": 0.0, "vehicles": 0}, {"date": "2021-01-28", "individuals": 8, "tents": 0.0, "vehicles": 0}, {"date": "2021-02-25", "individuals": 7, "tents": 2.0, "vehicles": 0}, {"date": "2022-01-27", "individuals": 37, "tents": 5.0, "vehicles": 0}, {"date": "2022-03-01", "individuals": 40, "tents": 6.0, "vehicles": 0}, {"date": "2023-01-31", "individuals": 32, "tents": 15.0, "vehicles": 0}, {"date": "2024-01-25", "individuals": 46, "tents": 3.0, "vehicles": 0}, {"date": "2025-01-31", "individuals": 23, "tents": 2.0, "vehicles": 0}], "has_panel_data": true}}, {"type": "Feature", "geometry": {"type": "Polygon", "coordinates": [[[-117.14854544502785, 32.712632302527844], [-117.14855048960678, 32.71153286173919], [-117.14945752688524, 32.71153174683563], [-117.14946549708098, 32.712631092824914], [-117.14854544502785, 32.712632302527844]]]}, "properties": {"block_id": "17TH_ST_G_ST", "neighborhood": "East Village", "latest_count_date": "2025-01-31", "latest_individuals": 2, "latest_tents": 2.0, "latest_vehicles": 0, "history": [{"date": "2018-01-24", "individuals": 1, "tents": 0.0, "vehicles": 0}, {"date": "2018-02-21", "individuals": 2, "tents": 1.0, "vehicles": 0}, {"date": "2019-01-31", "individuals": 1, "tents": 0.0, "vehicles": 0}, {"date": "2020-01-31", "individuals": 0, "tents": 0.0, "vehicles": 0}, {"date": "2020-02-26", "individuals": 1, "tents": 0.0, "vehicles": 0}, {"date": "2021-01-28", "individuals": 0, "tents": 0.0, "vehicles": 0}, {"date": "2021-02-25", "individuals": 1, "tents": 0.0, "vehicles": 0}, {"date": "2022-01-27", "individuals": 0, "tents": 0.0, "vehicles": 0}, {"date": "2022-03-01", "individuals": 1, "tents": 0.0, "vehicles": 0}, {"date": "2023-01-31", "individuals": 1, "tents": 0.0, "vehicles": 0}, {"date": "2024-01-25", "individuals": 0, "tents": 3.0, "vehicles": 0}, {"date": "2025-01-31", "individuals": 2, "tents": 2.0, "vehicles": 0}], "has_panel_data": true}}, {"type": "Feature", "geometry": {"type": "Polygon", "coordinates": [[[-117.14849112820659, 32.7136826301182], [-117.14802622086519, 32.71368326769651], [-117.1480260667364, 32.71368227329706], [-117.14792525222578, 32.71302710822873], [-117.14790928899002, 32.7127293299196], [-117.14790919708123, 32.712727637119805], [-117.14841552138414, 32.71264424307477], [-117.14854544502785, 32.712632302527844], [-117.14855614735998, 32.71368215642111], [-117.14849112820659, 32.7136826301182]]]}, "properties": {"block_id": "I-5_SB_ON_RA_F_ST", "neighborhood": "East Village", "latest_count_date": "2025-01-31", "latest_individuals": 1, "latest_tents": 0.0, "latest_vehicles": 0, "history": [{"date": "2018-01-24", "individuals": 0, "tents": 0.0, "vehicles": 0}, {"date": "2018-02-21", "individuals": 1, "tents": 0.0, "vehicles": 1}, {"date": "2019-01-31", "individuals": 0, "tents": 0.0, "vehicles": 0}, {"date": "2020-01-31", "individuals": 0, "tents": 0.0, "vehicles": 0}, {"date": "2020-02-26", "individuals": 0, "tents": 0.0, "vehicles": 0}, {"date": "2021-01-28", "individuals": 2, "tents": 0.0, "vehicles": 0}, {"date": "2021-02-25", "individuals": 0, "tents": 0.0, "vehicles": 0}, {"date": "2022-01-27", "individuals": 0, "tents": 0.0, "vehicles": 0}, {"date": "2022-03-01", "individuals": 0, "tents": 0.0, "vehicles": 0}, {"date": "2023-01-31", "individuals": 1, "tents": 1.0, "vehicles": 1}, {"date": "2024-01-25", "individuals": 0, "tents": 2.0, "vehicles": 0}, {"date": "2025-01-31", "individuals": 1, "tents": 0.0, "vehicles": 0}], "has_panel_data": true}}, {"type": "Feature", "geometry": {"type": "Polygon", "coordinates": [[[-117.14948028499168, 32.714717105468445], [-117.14947484409511, 32.71418393408982], [-117.14947290337629, 32.71367547374501], [-117.15038968839409, 32.71367153254796], [-117.15039488212373, 32.71417996916786], [-117.15040032858518, 32.7147131405058], [-117.14948028499168, 32.714717105468445]]]}, "properties": {"block_id": "16TH_ST_E_ST", "neighborhood": "East Village", "latest_count_date": "2025-01-31", "latest_individuals": 2, "latest_tents": 0.0, "latest_vehicles": 0, "history": [{"date": "2018-01-24", "individuals": 0, "tents": 0.0, "vehicles": 0}, {"date": "2018-02-21", "individuals": 2, "tents": 0.0, "vehicles": 0}, {"date": "2019-01-31", "individuals": 0, "tents": 0.0, "vehicles": 0}, {"date": "2020-01-31", "individuals": 1, "tents": 0.0, "vehicles": 0}, {"date": "2020-02-26", "individuals": 0, "tents": 0.0, "vehicles": 0}, {"date": "2021-01-28", "individuals": 1, "tents": 0.0, "vehicles": 0}, {"date": "2021-02-25", "individuals": 1, "tents": 0.0, "vehicles": 0}, {"date": "2022-01-27", "individuals": 1, "tents": 0.0, "vehicles": 0}, {"date": "2022-03-01", "individuals": 0, "tents": 0.0, "vehicles": 0}, {"date": "2023-01-31", "individuals": 3, "tents": 0.0, "vehicles": 0}, {"date": "2024-01-25", "individuals": 0, "tents": 0.0, "vehicles": 0}, {"date": "2025-01-31", "individuals": 2, "tents": 0.0, "vehicles": 0}], "has_panel_data": true}}, {"type": "Feature", "geometry": {"type": "Polygon", "coordinates": [[[-117.15376326074498, 32.7126106674019], [-117.15377068978052, 32.71365229976206], [-117.15286043613625, 32.71365896678684], [-117.15285298970618, 32.71261458607118], [-117.15376326074498, 32.7126106674019]]]}, "properties": {"block_id": "13TH_ST_F_ST", "neighborhood": "East Village", "latest_count_date": "2025-01-31", "latest_individuals": 1, "latest_tents": 0.0, "latest_vehicles": 0, "history": [{"date": "2018-01-24", "individuals": 1, "tents": 0.0, "vehicles": 0}, {"date": "2018-02-21", "individuals": 1, "tents": 2.0, "vehicles": 0}, {"date": "2019-01-31", "individuals": 2, "tents": 0.0, "vehicles": 0}, {"date": "2020-01-31", "individuals": 3, "tents": 1.0, "vehicles": 0}, {"date": "2020-02-26", "individuals": 5, "tents": 2.0, "vehicles": 0}, {"date": "2021-01-28", "individuals": 0, "tents": 0.0, "vehicles": 0}, {"date": "2021-02-25", "individuals": 0, "tents": 0.0, "vehicles": 0}, {"date": "2022-01-27", "individuals": 2, "tents": 0.0, "vehicles": 0}, {"date": "2022-03-01", "individuals": 0, "tents": 0.0, "vehicles": 0}, {"date": "2023-01-31", "individuals": 0, "tents": 0.0, "vehicles": 0}, {"date": "2024-01-25", "individuals": 0, "tents": 0.0, "vehicles": 0}, {"date": "2025-01-31", "individuals": 1, "tents": 0.0, "vehicles": 0}], "has_panel_data": true}}, {"type": "Feature", "geometry": {"type": "Polygon", "coordinates": [[[-117.1519501531652, 32.71366287880055], [-117.15194271751999, 32.71261849802984], [-117.15285298970618, 32.71261458607118], [-117.15286043613625, 32.71365896678684], [-117.1519501531652, 32.71366287880055]]]}, "properties": {"block_id": "14TH_ST_F_ST", "neighborhood": "East Village", "latest_count_date": "2025-01-31", "latest_individuals": 0, "latest_tents": 0.0, "latest_vehicles": 0, "history": [{"date": "2018-01-24", "individuals": 0, "tents": 0.0, "vehicles": 0}, {"date": "2018-02-21", "individuals": 0, "tents": 1.0, "vehicles": 0}, {"date": "2019-01-31", "individuals": 4, "tents": 2.0, "vehicles": 0}, {"date": "2020-01-31", "individuals": 14, "tents": 1.0, "vehicles": 0}, {"date": "2020-02-26", "individuals": 12, "tents": 0.0, "vehicles": 0}, {"date": "2021-01-28", "individuals": 2, "tents": 1.0, "vehicles": 0}, {"date": "2021-02-25", "individuals": 1, "tents": 8.0, "vehicles": 0}, {"date": "2022-01-27", "individuals": 2, "tents": 0.0, "vehicles": 0}, {"date": "2022-03-01", "individuals": 2, "tents": 2.0, "vehicles": 0}, {"date": "2023-01-31", "individuals": 0, "tents": 0.0, "vehicles": 0}, {"date": "2024-01-25", "individuals": 0, "tents": 0.0, "vehicles": 0}, {"date": "2025-01-31", "individuals": 0, "tents": 0.0, "vehicles": 0}], "has_panel_data": true}}, {"type": "Feature", "geometry": {"type": "Polygon", "coordinates": [[[-117.14854926300559, 32.71045545381728], [-117.14944647755584, 32.71044891347074], [-117.14945752688524, 32.71153174683563], [-117.14855048960678, 32.71153286173919], [-117.14854926300559, 32.71045545381728]]]}, "properties": {"block_id": "17TH_ST_MARKET_ST", "neighborhood": "South East Village", "latest_count_date": "2025-01-31", "latest_individuals": 6, "latest_tents": 0.0, "latest_vehicles": 0, "history": [{"date": "2018-01-24", "individuals": 12, "tents": 2.0, "vehicles": 1}, {"date": "2018-02-21", "individuals": 8, "tents": 10.0, "vehicles": 1}, {"date": "2019-01-31", "individuals": 16, "tents": 8.0, "vehicles": 0}, {"date": "2020-01-31", "individuals": 14, "tents": 3.0, "vehicles": 0}, {"date": "2020-02-26", "individuals": 3, "tents": 3.0, "vehicles": 0}, {"date": "2021-01-28", "individuals": 0, "tents": 0.0, "vehicles": 0}, {"date": "2021-02-25", "individuals": 2, "tents": 1.0, "vehicles": 0}, {"date": "2022-01-27", "individuals": 2, "tents": 4.0, "vehicles": 0}, {"date": "2022-03-01", "individuals": 2, "tents": 3.0, "vehicles": 1}, {"date": "2023-01-31", "individuals": 0, "tents": 4.0, "vehicles": 0}, {"date": "2024-01-25", "individuals": 2, "tents": 7.0, "vehicles": 0}, {"date": "2025-01-31", "individuals": 6, "tents": 0.0, "vehicles": 0}], "has_panel_data": true}}, {"type": "Feature", "geometry": {"type": "Polygon", "coordinates": [[[-117.15280402625226, 32.70942117368444], [-117.15189703778675, 32.70942506150818], [-117.15188301736512, 32.708372484407015], [-117.15279005129553, 32.70837409328694], [-117.15280402625226, 32.70942117368444]]]}, "properties": {"block_id": "14TH_ST_J_ST", "neighborhood": "South East Village", "latest_count_date": "2025-01-31", "latest_individuals": 0, "latest_tents": 0.0, "latest_vehicles": 0, "history": [{"date": "2018-01-24", "individuals": 0, "tents": 0.0, "vehicles": 0}, {"date": "2018-02-21", "individuals": 0, "tents": 4.0, "vehicles": 0}, {"date": "2019-01-31", "individuals": 0, "tents": 0.0, "vehicles": 0}, {"date": "2020-01-31", "individuals": 1, "tents": 0.0, "vehicles": 0}, {"date": "2020-02-26", "individuals": 0, "tents": 0.0, "vehicles": 0}, {"date": "2021-01-28", "individuals": 0, "tents": 0.0, "vehicles": 0}, {"date": "2021-02-25", "individuals": 0, "tents": 0.0, "vehicles": 0}, {"date": "2022-01-27", "individuals": 0, "tents": 0.0, "vehicles": 0}, {"date": "2022-03-01", "individuals": 2, "tents": 0.0, "vehicles": 0}, {"date": "2023-01-31", "individuals": 0, "tents": 0.0, "vehicles": 0}, {"date": "2024-01-25", "individuals": 0, "tents": 0.0, "vehicles": 0}, {"date": "2025-01-31", "individuals": 0, "tents": 0.0, "vehicles": 0}], "has_panel_data": true}}, {"type": "Feature", "geometry": {"type": "Polygon", "coordinates": [[[-117.15189703778675, 32.70942506150818], [-117.15280402625226, 32.70942117368444], [-117.15282111159098, 32.71045448971431], [-117.15191086170962, 32.710458401437556], [-117.15189703778675, 32.70942506150818]]]}, "properties": {"block_id": "14TH_ST_ISLAND_AV", "neighborhood": "South East Village", "latest_count_date": "2025-01-31", "latest_individuals": 2, "latest_tents": 0.0, "latest_vehicles": 0, "history": [{"date": "2018-01-24", "individuals": 8, "tents": 9.0, "vehicles": 1}, {"date": "2018-02-21", "individuals": 3, "tents": 4.0, "vehicles": 0}, {"date": "2019-01-31", "individuals": 0, "tents": 0.0, "vehicles": 0}, {"date": "2020-01-31", "individuals": 8, "tents": 1.0, "vehicles": 0}, {"date": "2020-02-26", "individuals": 14, "tents": 0.0, "vehicles": 0}, {"date": "2021-01-28", "individuals": 0, "tents": 0.0, "vehicles": 0}, {"date": "2021-02-25", "individuals": 3, "tents": 0.0, "vehicles": 0}, {"date": "2022-01-27", "individuals": 3, "tents": 0.0, "vehicles": 0}, {"date": "2022-03-01", "individuals": 7, "tents": 3.0, "vehicles": 1}, {"date": "2023-01-31", "individuals": 5, "tents": 1.0, "vehicles": 0}, {"date": "2024-01-25", "individuals": 1, "tents": 0.0, "vehicles": 0}, {"date": "2025-01-31", "individuals": 2, "tents": 0.0, "vehicles": 0}], "has_panel_data": true}}, {"type": "Feature", "geometry": {"type": "Polygon", "coordinates": [[[-117.15191086170962, 32.710458401437556], [-117.15282111159098, 32.71045448971431], [-117.15283223051628, 32.711540070175246], [-117.1519219413042, 32.711541233680016], [-117.15191086170962, 32.710458401437556]]]}, "properties": {"block_id": "14TH_ST_MARKET_ST", "neighborhood": "South East Village", "latest_count_date": "2025-01-31", "latest_individuals": 0, "latest_tents": 0.0, "latest_vehicles": 0, "history": [{"date": "2018-01-24", "individuals": 7, "tents": 0.0, "vehicles": 0}, {"date": "2018-02-21", "individuals": 8, "tents": 0.0, "vehicles": 0}, {"date": "2019-01-31", "individuals": 8, "tents": 2.0, "vehicles": 0}, {"date": "2020-01-31", "individuals": 5, "tents": 0.0, "vehicles": 0}, {"date": "2020-02-26", "individuals": 4, "tents": 0.0, "vehicles": 0}, {"date": "2021-01-28", "individuals": 5, "tents": 0.0, "vehicles": 0}, {"date": "2021-02-25", "individuals": 10, "tents": 0.0, "vehicles": 0}, {"date": "2022-01-27", "individuals": 0, "tents": 0.0, "vehicles": 0}, {"date": "2022-03-01", "individuals": 1, "tents": 0.0, "vehicles": 0}, {"date": "2023-01-31", "individuals": 0, "tents": 0.0, "vehicles": 0}, {"date": "2024-01-25", "individuals": 3, "tents": 1.0, "vehicles": 0}, {"date": "2025-01-31", "individuals": 0, "tents": 0.0, "vehicles": 0}], "has_panel_data": true}}, {"type": "Feature", "geometry": {"type": "Polygon", "coordinates": [[[-117.15034240410901, 32.705222953852925], [-117.14943215205416, 32.70522135067984], [-117.14943238623201, 32.70520761185617], [-117.14943207325712, 32.70519387161272], [-117.1494312186552, 32.70518014884578], [-117.14942982044079, 32.7051664579977], [-117.14942788410289, 32.70515281435799], [-117.14942541086464, 32.70513923324723], [-117.14942239980694, 32.705125729100054], [-117.14941885858852, 32.70511232079706], [-117.14941478620761, 32.70509901465767], [-117.14941019145364, 32.70508583586653], [-117.14940508185651, 32.70507279068076], [-117.14939945656162, 32.70505989984665], [-117.14939796370054, 32.70505668881557], [-117.14939530621949, 32.70504313339502], [-117.1493931227274, 32.70502951680618], [-117.14939141333437, 32.705015849869056], [-117.14939017821504, 32.70500214971547], [-117.14938941634874, 32.704988420861596], [-117.14938913646924, 32.704974683082064], [-117.14938933116639, 32.70496094184135], [-117.14939000380491, 32.70494721334617], [-117.14939114805016, 32.70493350395498], [-117.14939277688349, 32.70491983160792], [-117.14939487440894, 32.70490620633996], [-117.14939744711705, 32.7048926371212], [-117.14940049196457, 32.7048791393034], [-117.14940399942684, 32.70486572016987], [-117.14940797287773, 32.704852396829054], [-117.1494124049254, 32.70483917654871], [-117.14941729783143, 32.70482607193676], [-117.14942264212632, 32.70481309568647], [-117.1494284378926, 32.70480025591289], [-117.14943467355545, 32.704787568030035], [-117.14944134915149, 32.70477503564441], [-117.14944845635135, 32.704762678655065], [-117.14945598774476, 32.70475050252636], [-117.14946394451772, 32.704738518972206], [-117.14947230864139, 32.70472673804327], [-117.14947261264417, 32.70472632373045], [-117.14965915554465, 32.70452981818446], [-117.1500646030084, 32.70412282841009], [-117.15165578684258, 32.7052271004484], [-117.15034240410901, 32.705222953852925]]]}, "properties": {"block_id": "S_16TH_ST_COMMERCIAL_ST", "neighborhood": "Barrio Logan", "latest_count_date": null, "latest_individuals": null, "latest_tents": null, "latest_vehicles": null, "history": [], "has_panel_data": false}}, {"type": "Feature", "geometry": {"type": "Polygon", "coordinates": [[[-117.14943215205416, 32.70522135067984], [-117.15034240410901, 32.705222953852925], [-117.15034109584684, 32.70573143781563], [-117.15034993244333, 32.7062783267969], [-117.14942983347264, 32.70626854990231], [-117.14943215205416, 32.70522135067984]]]}, "properties": {"block_id": "16TH_ST_IMPERIAL_AV", "neighborhood": "South East Village", "latest_count_date": "2025-01-31", "latest_individuals": 3, "latest_tents": 0.0, "latest_vehicles": 0, "history": [{"date": "2018-01-24", "individuals": 7, "tents": 0.0, "vehicles": 3}, {"date": "2018-02-21", "individuals": 6, "tents": 0.0, "vehicles": 1}, {"date": "2019-01-31", "individuals": 3, "tents": 0.0, "vehicles": 1}, {"date": "2020-01-31", "individuals": 2, "tents": 0.0, "vehicles": 1}, {"date": "2020-02-26", "individuals": 4, "tents": 0.0, "vehicles": 1}, {"date": "2021-01-28", "individuals": 0, "tents": 0.0, "vehicles": 1}, {"date": "2021-02-25", "individuals": 1, "tents": 0.0, "vehicles": 4}, {"date": "2022-01-27", "individuals": 2, "tents": 0.0, "vehicles": 3}, {"date": "2022-03-01", "individuals": 8, "tents": 0.0, "vehicles": 2}, {"date": "2023-01-31", "individuals": 2, "tents": 0.0, "vehicles": 0}, {"date": "2024-01-25", "individuals": 0, "tents": 0.0, "vehicles": 0}, {"date": "2025-01-31", "individuals": 3, "tents": 0.0, "vehicles": 0}], "has_panel_data": true}}, {"type": "Feature", "geometry": {"type": "Polygon", "coordinates": [[[-117.15034993244333, 32.7062783267969], [-117.15034109584684, 32.70573143781563], [-117.15034240410901, 32.705222953852925], [-117.15165578684258, 32.7052271004484], [-117.15190143703144, 32.705406705491], [-117.15187664056819, 32.70562382672747], [-117.1518818979196, 32.70628384358068], [-117.15034993244333, 32.7062783267969]]]}, "properties": {"block_id": "15TH_ST_IMPERIAL_AV", "neighborhood": "South East Village", "latest_count_date": "2025-01-31", "latest_individuals": 17, "latest_tents": 0.0, "latest_vehicles": 1, "history": [{"date": "2018-01-24", "individuals": 25, "tents": 1.0, "vehicles": 1}, {"date": "2018-02-21", "individuals": 20, "tents": 1.0, "vehicles": 2}, {"date": "2019-01-31", "individuals": 53, "tents": 4.0, "vehicles": 1}, {"date": "2020-01-31", "individuals": 40, "tents": 2.0, "vehicles": 0}, {"date": "2020-02-26", "individuals": 32, "tents": 1.0, "vehicles": 0}, {"date": "2021-01-28", "individuals": 11, "tents": 2.0, "vehicles": 0}, {"date": "2021-02-25", "individuals": 12, "tents": 0.0, "vehicles": 2}, {"date": "2022-01-27", "individuals": 6, "tents": 0.0, "vehicles": 0}, {"date": "2022-03-01", "individuals": 17, "tents": 0.0, "vehicles": 4}, {"date": "2023-01-31", "individuals": 21, "tents": 3.0, "vehicles": 2}, {"date": "2024-01-25", "individuals": 25, "tents": 7.0, "vehicles": 0}, {"date": "2025-01-31", "individuals": 17, "tents": 0.0, "vehicles": 1}], "has_panel_data": true}}, {"type": "Feature", "geometry": {"type": "Polygon", "coordinates": [[[-117.15279437284416, 32.70627895330989], [-117.15279888764661, 32.707332342942294], [-117.15187883363986, 32.70732808091937], [-117.1518818979196, 32.70628384358068], [-117.15279437284416, 32.70627895330989]]]}, "properties": {"block_id": "14TH_ST_L_ST", "neighborhood": "South East Village", "latest_count_date": "2025-01-31", "latest_individuals": 6, "latest_tents": 0.0, "latest_vehicles": 0, "history": [{"date": "2018-01-24", "individuals": 5, "tents": 4.0, "vehicles": 1}, {"date": "2018-02-21", "individuals": 4, "tents": 7.0, "vehicles": 0}, {"date": "2019-01-31", "individuals": 4, "tents": 0.0, "vehicles": 0}, {"date": "2020-01-31", "individuals": 8, "tents": 0.0, "vehicles": 0}, {"date": "2020-02-26", "individuals": 2, "tents": 0.0, "vehicles": 0}, {"date": "2021-01-28", "individuals": 4, "tents": 0.0, "vehicles": 0}, {"date": "2021-02-25", "individuals": 7, "tents": 0.0, "vehicles": 0}, {"date": "2022-01-27", "individuals": 9, "tents": 0.0, "vehicles": 1}, {"date": "2022-03-01", "individuals": 3, "tents": 1.0, "vehicles": 0}, {"date": "2023-01-31", "individuals": 1, "tents": 10.0, "vehicles": 0}, {"date": "2024-01-25", "individuals": 7, "tents": 1.0, "vehicles": 0}, {"date": "2025-01-31", "individuals": 6, "tents": 0.0, "vehicles": 0}], "has_panel_data": true}}, {"type": "Feature", "geometry": {"type": "Polygon", "coordinates": [[[-117.15645136859936, 32.70939441914569], [-117.15554760414796, 32.709395561616034], [-117.15556688961017, 32.70835456367829], [-117.15556687048043, 32.7083482372032], [-117.1555667804218, 32.708319848349326], [-117.15556676950446, 32.70831847417606], [-117.1555667553876, 32.708317100026264], [-117.15556673807124, 32.70831572589996], [-117.15556671435587, 32.708314351820725], [-117.15556669384, 32.70831297771791], [-117.15556666692508, 32.70831160366212], [-117.15556663894368, 32.708310229614156], [-117.15556660882929, 32.70830885558183], [-117.15556657551535, 32.708307481573], [-117.15556653580241, 32.70830610761118], [-117.1555664982225, 32.708304733633696], [-117.15556645531005, 32.708303359695336], [-117.15556641133108, 32.70830198576487], [-117.1555663652469, 32.708300614555064], [-117.15556631486892, 32.70829924067155], [-117.15556626235794, 32.7082978668037], [-117.15556620558094, 32.70829649296717], [-117.15556614560442, 32.70829511915415], [-117.15556608669445, 32.708293745333286], [-117.15556602354621, 32.70829237424876], [-117.15556595397118, 32.7082910005062], [-117.15556588866218, 32.708289626732316], [-117.1555658158876, 32.708288253013265], [-117.15556573994138, 32.70828688202271], [-117.15556566076782, 32.70828550835069], [-117.15556558482152, 32.70828413736017], [-117.15556549924895, 32.70828276373507], [-117.15556541690371, 32.70828139279152], [-117.1555653281316, 32.70828001918993], [-117.1555652361878, 32.70827864831689], [-117.15556514314973, 32.70827727474661], [-117.15556504800641, 32.70827590389706], [-117.1555649464641, 32.70827453309446], [-117.15556484809349, 32.70827315956337], [-117.15556474228516, 32.708271788792096], [-117.15556463434382, 32.708270418036506], [-117.15556452637468, 32.708269044575864], [-117.15556441419514, 32.7082676765566], [-117.15556429986407, 32.708266306749664], [-117.15556418125767, 32.7082649360724], [-117.15556405945182, 32.7082635654186], [-117.15556393551296, 32.70826219478048], [-117.15556381050759, 32.708260824150194], [-117.15556368336922, 32.70825945353556], [-117.15556355199261, 32.70825808565727], [-117.15556341738872, 32.70825671509745], [-117.1555632795854, 32.70825534456114], [-117.15556313861025, 32.70825397675333], [-117.15556299760733, 32.70825260624052], [-117.15556285449924, 32.70825123844836], [-117.15556270712511, 32.70824987068753], [-117.1555625565237, 32.70824850024519], [-117.15556240168411, 32.708247132539206], [-117.15556224791095, 32.708245764825385], [-117.1555620877481, 32.70824439806021], [-117.15556192757597, 32.70824303039336], [-117.15556176420431, 32.70824166275], [-117.15556159766095, 32.70824029783522], [-117.15556142682381, 32.70823893024665], [-117.15556125705317, 32.7082375626503], [-117.15556108411083, 32.70823619778244], [-117.15556090367517, 32.70823483026439], [-117.15556072433378, 32.70823346544353], [-117.15556054390743, 32.708232098827146], [-117.15556035816704, 32.70823073405329], [-117.15556016816068, 32.70822936931072], [-117.15555997922081, 32.708228004560354], [-117.15555978601492, 32.70822663984128], [-117.15555958960954, 32.7082252751457], [-117.15555939107117, 32.708223910465854], [-117.15555919150334, 32.708222549400475], [-117.15555898549945, 32.70822118477538], [-117.15555877955116, 32.70821982556035], [-117.15555857031997, 32.70821845825372], [-117.15555835794493, 32.708217096380686], [-117.15555814237031, 32.70821573453109], [-117.15555792360544, 32.70821437360671], [-117.15555770483138, 32.708213011780614], [-117.15555748285774, 32.70821164997799], [-117.15555725768468, 32.708210288198906], [-117.15555702933987, 32.70820892914833], [-117.15555679777705, 32.70820756831789], [-117.1555565619667, 32.708206209322086], [-117.15555632719511, 32.708204847613494], [-117.1555560892518, 32.70820348863338], [-117.15555584811825, 32.70820213057842], [-117.15555560270946, 32.70820077165315], [-117.15555535516768, 32.70819941274354], [-117.15555510658714, 32.70819805654678], [-117.15555485265558, 32.70819669858579], [-117.15555459767606, 32.70819534243602], [-117.15555434053577, 32.70819398359684], [-117.15555408235676, 32.708192627470595], [-117.15555381778802, 32.708191272292936], [-117.15555355001054, 32.70818991623711], [-117.15555328329953, 32.708188560173475], [-117.15555301232247, 32.708187204141176], [-117.15555273818303, 32.70818585173902], [-117.15555245760753, 32.70818449577718], [-117.15555218345882, 32.70818314247339], [-117.1555519029204, 32.70818179011821], [-117.15555161597368, 32.708180436908386], [-117.155551329027, 32.70817908369856], [-117.15555103889004, 32.70817773141388], [-117.15555074874385, 32.70817637822752], [-117.15555045222645, 32.70817502779317], [-117.15555015571827, 32.7081736782605], [-117.1555498560014, 32.70817232784967], [-117.15554955202781, 32.708170978371825], [-117.15554924588407, 32.708169625302936], [-117.15554893979599, 32.70816827764413], [-117.15554862625164, 32.70816693094176], [-117.15554831373677, 32.70816558062487], [-117.15554799702073, 32.708164236651065], [-117.15554767810684, 32.70816288638117], [-117.15554735495475, 32.70816153884761], [-117.15554703287847, 32.708160192207934], [-117.15554670332739, 32.70815884472136], [-117.15554637381338, 32.70815750084147], [-117.15554604215711, 32.70815615607561], [-117.1555457094158, 32.70815480951422], [-117.15554537029405, 32.708153464803154], [-117.15554503120931, 32.708152123698774], [-117.15554468675506, 32.708150779026894], [-117.15554434127135, 32.7081494379695], [-117.1555439893794, 32.708148096057435], [-117.15554364386794, 32.708146752294994], [-117.1555432887765, 32.70814541040642], [-117.1555429336943, 32.70814406941953], [-117.15554257543116, 32.70814273025944], [-117.1555422128835, 32.70814138932738], [-117.15554184822136, 32.7081400502143], [-117.15554148356853, 32.70813871200288], [-117.15554111251662, 32.70813737383845], [-117.15554074038904, 32.70813603478016], [-117.15554036616547, 32.70813469934425], [-117.15553998870537, 32.708133360325135], [-117.15553961021585, 32.70813202492055], [-117.15553922639383, 32.70813068955509], [-117.15553884152378, 32.70812935600086], [-117.15553845450226, 32.70812802065889], [-117.15553806321475, 32.70812668534828], [-117.15553766981276, 32.70812535185667], [-117.15553727535354, 32.70812401927454], [-117.15553707654732, 32.708123355249434], [-117.15553687772265, 32.708122689420975], [-117.1555364779217, 32.708121355976296], [-117.15553607389177, 32.708120026169674], [-117.1555356666346, 32.708118693681534], [-117.15553525619644, 32.70811736302024], [-117.15553484579537, 32.708116035965624], [-117.15553443323347, 32.708114706221686], [-117.1555340164334, 32.70811337921399], [-117.15553359639681, 32.70811204862321], [-117.15553317639726, 32.70811072163906], [-117.15553275005429, 32.70810940011192], [-117.15553232256143, 32.70810807047757], [-117.15553189298193, 32.708106745367274], [-117.15553146021222, 32.70810542118209], [-117.15553102744249, 32.70810409699697], [-117.15553058827376, 32.708102772858794], [-117.15553014809413, 32.70810145413848], [-117.15552970569819, 32.70810012731876], [-117.15552926014898, 32.70809880503093], [-117.15552881354265, 32.70809748365259], [-117.1555283616315, 32.70809616501844], [-117.15552790865395, 32.70809484639211], [-117.1555274535156, 32.70809352507643], [-117.15552699413901, 32.70809220649705], [-117.15552653265729, 32.70809089063836], [-117.15552607008121, 32.708089572082535], [-117.15552560433348, 32.70808825625513], [-117.15552513538624, 32.7080869404513], [-117.15552466430607, 32.70808562466309], [-117.15552418898761, 32.70808431161121], [-117.15552371366921, 32.70808299855938], [-117.15552323512351, 32.70808168282598], [-117.15552275023443, 32.7080803725496], [-117.15552226848926, 32.70807905683975], [-117.15552178042849, 32.70807774929187], [-117.15552128914037, 32.708076439062474], [-117.15552080105184, 32.70807512880959], [-117.15552030656431, 32.70807381860367], [-117.15551980890508, 32.70807251112628], [-117.15551930804634, 32.708071203672446], [-117.15551880718763, 32.708069896218525], [-117.15551830206287, 32.70806858879595], [-117.15551779486081, 32.70806728679906], [-117.15551728441288, 32.7080659803173], [-117.15551676651798, 32.7080646756937], [-117.15551625614418, 32.70806337642535], [-117.15551573822157, 32.70806206909673], [-117.15551521822148, 32.7080607671938], [-117.15551469395547, 32.708059465322236], [-117.15551417079294, 32.70805816704947], [-117.15551364015575, 32.708056867929876], [-117.15551311058505, 32.70805556880245], [-117.15551257674831, 32.708054269706324], [-117.15551204292088, 32.70805297151193], [-117.15551150377948, 32.70805167515996], [-117.1555109635716, 32.708050378815884], [-117.1555104202013, 32.70804908610196], [-117.15550987039494, 32.7080477898283], [-117.15550932384373, 32.708046498941215], [-117.15550877404667, 32.70804520356926], [-117.15550822109643, 32.708043912729146], [-117.15550766491893, 32.70804261920752], [-117.15550710557898, 32.708041329316075], [-117.15550654305808, 32.70804004125142], [-117.15550598051865, 32.708038751383455], [-117.1555054147983, 32.70803746334233], [-117.15550484587847, 32.70803617532471], [-117.15550427267407, 32.708034885535014], [-117.15550370061031, 32.70803360295091], [-117.15550312212905, 32.708032318610414], [-117.15550254257204, 32.70803103337607], [-117.1555019641186, 32.70802975174063], [-117.15550137925693, 32.70802846925048], [-117.15550079333802, 32.70802718766981], [-117.15550020207733, 32.70802590522664], [-117.15549961298673, 32.70802462637449], [-117.15549902176319, 32.708023347537996], [-117.1554984198931, 32.70802207058316], [-117.1554978212041, 32.70802079180145], [-117.15549721933407, 32.708019514846626], [-117.15549661534033, 32.708018238809075], [-117.15549601030794, 32.708016965484404], [-117.15549539886722, 32.70801569130507], [-117.15549478743583, 32.708014418027346], [-117.15549417280496, 32.70801314477321], [-117.1554935560967, 32.70801187694471], [-117.15549293825711, 32.70801060281232], [-117.15549231728285, 32.70800933501514], [-117.1554916930813, 32.708008064536415], [-117.15549106569883, 32.70800679588451], [-117.15549043408738, 32.708005530870665], [-117.15548980351474, 32.708004263143934], [-117.15548916977033, 32.70800299814574], [-117.15548853282651, 32.70800173317099], [-117.15548789268315, 32.70800046821977], [-117.15548725151962, 32.70799920778471], [-117.15548660820463, 32.70799794556198], [-117.1554859617179, 32.70799668606779], [-117.15548531096518, 32.70799542660487], [-117.15548465807953, 32.70799416715763], [-117.15548400412732, 32.707992907718214], [-117.15548334806999, 32.70799165099945], [-117.15548269097394, 32.707990396993566], [-117.1554820285176, 32.70798914032181], [-117.15548136502257, 32.70798788636289], [-117.15548069939462, 32.70798663241965], [-117.1554800295284, 32.70798538121274], [-117.1554793564627, 32.70798413002928], [-117.15547868339708, 32.70798287884585], [-117.15547800819844, 32.70798162767808], [-117.15547732876156, 32.70798037924663], [-117.15547664615305, 32.70797913354369], [-117.15547596352604, 32.707977886037426], [-117.15547527771805, 32.70797664035797], [-117.15547458873833, 32.70797539740705], [-117.15547389653139, 32.70797415177454], [-117.15547320435229, 32.707972908847104], [-117.15547250578341, 32.70797166686832], [-117.15547181043257, 32.70797042666937], [-117.15547110868278, 32.70796918651738], [-117.15547040266699, 32.70796794639674], [-117.15546969775481, 32.70796670987493], [-117.15546898960604, 32.70796546976992], [-117.15546827727471, 32.70796423781129], [-117.15546756592647, 32.70796299772979], [-117.15546685149921, 32.70796176939348], [-117.15546613274115, 32.70796053477681], [-117.15546541188709, 32.70795930378249], [-117.15546468995736, 32.70795807189433], [-117.15546396273216, 32.707956843652006], [-117.15546323443124, 32.70795561451582], [-117.1554625071968, 32.707954385371806], [-117.15546177253397, 32.7079531598893], [-117.15546103786188, 32.70795193350511], [-117.15546030106611, 32.70795070803824], [-117.15545956002285, 32.707949484406015], [-117.15545881901664, 32.70794826438055], [-117.15545807478323, 32.707947041673535], [-117.15545732843529, 32.70794582078547], [-117.15545657783069, 32.7079446008304], [-117.1554558272446, 32.70794338267873], [-117.15545507346833, 32.70794216545215], [-117.15545431652033, 32.70794095095412], [-117.15545355636361, 32.70793973557793], [-117.15545279621614, 32.707938521103344], [-117.15545203286922, 32.70793730665228], [-117.15545126634134, 32.70793609402803], [-117.15545049558455, 32.707934885041816], [-117.15544972592205, 32.707933678752774], [-117.15544895300454, 32.70793246707717], [-117.15544817691529, 32.70793125813008], [-117.15544739660636, 32.70793005372269], [-117.15544661734548, 32.70792884750409], [-117.15544583488509, 32.707927641308984], [-117.15544504821428, 32.70792644055524], [-117.15544426258224, 32.70792523708865], [-117.15544347273979, 32.70792403906336], [-117.15544268070876, 32.707922835643714], [-117.15544188446735, 32.70792163766546], [-117.15544108929247, 32.707920439679356], [-117.15544028667988, 32.70791924445309], [-117.15543948726685, 32.70791804920327], [-117.1554386825213, 32.70791685399264], [-117.15543787673705, 32.70791566149482], [-117.15543706775335, 32.70791446902054], [-117.15543625879744, 32.70791327925128], [-117.15543543701577, 32.70791208687088], [-117.15543462595474, 32.70791089982226], [-117.15543380742818, 32.707909712828496], [-117.15543298571144, 32.707908526759795], [-117.15543216401323, 32.707907342494494], [-117.15543133908777, 32.707906155547626], [-117.15543051101835, 32.707904974034285], [-117.1554296829583, 32.707903793422666], [-117.15542884848998, 32.70790261195629], [-117.15542801298292, 32.707901433202764], [-117.15542717854244, 32.70790025444141], [-117.15542633774001, 32.70789907933375], [-117.15542549692834, 32.70789790332435], [-117.1554246529172, 32.70789672733851], [-117.15542380787664, 32.707895554967145], [-117.15542295749438, 32.70789438173323], [-117.15542210608264, 32.70789321211388], [-117.15542125572814, 32.70789204158501], [-117.15542039901177, 32.707890874709804], [-117.15541953802013, 32.70788970696425], [-117.1554186813038, 32.707888540089], [-117.15541782033996, 32.70788737504843], [-117.1554169529865, 32.70788621095653], [-117.15541608351849, 32.70788504868363], [-117.15541522259183, 32.707883887249714], [-117.15541434569548, 32.707882728638296], [-117.15541347305587, 32.70788156909387], [-117.15541259615955, 32.707880410482446], [-117.15541171929105, 32.707879254576035], [-117.15541083924154, 32.70787810049643], [-117.1554099570684, 32.70787694733414], [-117.15540907062923, 32.707875794203204], [-117.1554081842179, 32.707874643777245], [-117.15540729459781, 32.70787349247312], [-117.15540640181534, 32.707872344799156], [-117.15540550903285, 32.70787119712525], [-117.15540460985142, 32.70787004949824], [-117.15540371389726, 32.70786890455278], [-117.15540281050545, 32.70786776236714], [-117.15540190818011, 32.707866620173654], [-117.15540100268313, 32.70786548070866], [-117.15540009395889, 32.70786433856216], [-117.15539918526247, 32.70786319912068], [-117.1553982723278, 32.70786206241551], [-117.15539735726024, 32.707860925726], [-117.15539644222044, 32.70785979174152], [-117.15539552291463, 32.70785865778828], [-117.1553946014759, 32.707857523850784], [-117.1553936789985, 32.707856392626084], [-117.15539275121634, 32.707855264145536], [-117.15539182556725, 32.70785413564937], [-117.15539089459497, 32.70785300809399], [-117.1553899625747, 32.70785188234976], [-117.15538902735496, 32.70785075662903], [-117.15538809005784, 32.707849636334025], [-117.15538715167571, 32.70784851424344], [-117.15538621011262, 32.70784739397972], [-117.15538526641654, 32.70784627373162], [-117.15538432169107, 32.70784515709807], [-117.15538337375688, 32.70784403958633], [-117.15538241945147, 32.707842924826565], [-117.15538147152654, 32.70784180821643], [-117.15538051727675, 32.7078406988667], [-117.15537955980903, 32.707839587737084], [-117.15537860235979, 32.70783847841084], [-117.15537764172035, 32.707837370009706], [-117.15537667789994, 32.70783626343544], [-117.15537571728831, 32.70783515773932], [-117.15537474392507, 32.70783405664556], [-117.15537377691452, 32.70783295099641], [-117.1553728035328, 32.707831848099254], [-117.15537183019737, 32.70783074971043], [-117.1553708525775, 32.7078296495496], [-117.15536987605188, 32.70782855208597], [-117.15536889634534, 32.707827456449124], [-117.15536791238212, 32.70782636174531], [-117.15536692631369, 32.70782526976211], [-117.15536594024528, 32.707824177778974], [-117.1553649499109, 32.70782308582708], [-117.15536396066155, 32.70782199567072], [-117.15536296718331, 32.707820909152396], [-117.1553619747438, 32.70781981992117], [-117.15536097492216, 32.70781873885978], [-117.15535997187325, 32.70781765511695], [-117.15535897311814, 32.707816574047726], [-117.15535796689763, 32.70781549303334], [-117.1553569606771, 32.70781441201895], [-117.15535595237918, 32.70781333643021], [-117.15535494298697, 32.70781225814427], [-117.15535393362258, 32.70781118256341], [-117.15535291468753, 32.70781010975797], [-117.15535189896129, 32.707809037830735], [-117.15535088112057, 32.70780796772246], [-117.15534985901387, 32.70780689764548], [-117.15534883696274, 32.707805832978586], [-117.1553478116566, 32.70780476292514], [-117.15534678321582, 32.70780369920687], [-117.15534575479359, 32.707802637291906], [-117.15534472314411, 32.70780157269543], [-117.15534368835996, 32.707800514434105], [-117.15534265250012, 32.707799455279016], [-117.15534161450732, 32.707798396139495], [-117.15534057335203, 32.707797340630144], [-117.1553395322153, 32.70779628692421], [-117.15533848788841, 32.70779523414333], [-117.15533744248573, 32.70779418046867], [-117.15533639498717, 32.7077931304163], [-117.15533534433541, 32.70779208489581], [-117.15533429257091, 32.707791034874795], [-117.15533323871972, 32.70778998937774], [-117.15533218058401, 32.707788942108714], [-117.15533112359822, 32.70778790294684], [-117.1553300623094, 32.7077868602096], [-117.15532899892466, 32.707785821094724], [-117.15532793447346, 32.70778478198767], [-117.15532686791704, 32.707783745601276], [-117.15532580025713, 32.707782705616005], [-117.15532472631861, 32.707781677399424], [-117.15532365656276, 32.7077806410365], [-117.15532257942482, 32.707779612843424], [-117.15532149908746, 32.70777858467381], [-117.15532042514906, 32.70777755645724], [-117.15531934267871, 32.70777652830325], [-117.15531826239693, 32.70777550554367], [-117.15531717571618, 32.70777448283104], [-117.1553160890355, 32.707773460118375], [-117.15531499918306, 32.70777244013423], [-117.15531390933072, 32.70777142015011], [-117.15531281630669, 32.70777040289443], [-117.15531172011096, 32.70776938836729], [-117.15531062391521, 32.707768373840125], [-117.1553095245478, 32.70776736204143], [-117.15530842518045, 32.707766350242785], [-117.15530731945115, 32.707765342097744], [-117.1553062169121, 32.70776433302757], [-117.15530510693542, 32.707763326717156], [-117.15530399805299, 32.70776232310398], [-117.1553028891799, 32.70776132039244], [-117.15530177709803, 32.70776031680273], [-117.15530066084283, 32.707759322261026], [-117.15529954236204, 32.70775831871826], [-117.15529842396462, 32.707757323290515], [-117.15529730450999, 32.7077563287723], [-117.15529618291315, 32.70775533336802], [-117.15529505708736, 32.70775434160176], [-117.15529393234662, 32.70775335163099], [-117.15529280014972, 32.70775236261669], [-117.15529167224653, 32.7077513762761], [-117.15529054009596, 32.70775039177013], [-117.15528940579391, 32.707749405476534], [-117.15528826725365, 32.7077484219192], [-117.15528712873196, 32.70774744016524], [-117.15528598808653, 32.70774645932857], [-117.15528484643019, 32.70774548390974], [-117.1552837015744, 32.70774450851444], [-117.15528255674641, 32.70774353582411], [-117.15528140977618, 32.707742562247745], [-117.155279999264, 32.7077413714829], [-117.15487802222673, 32.70740265738617], [-117.1549823270735, 32.7073141787482], [-117.15552716048511, 32.706851988470824], [-117.15594601224487, 32.70649667679213], [-117.1562358008896, 32.70625083671972], [-117.15644224583137, 32.70607570723826], [-117.1564424752727, 32.70607551257919], [-117.15692680182475, 32.705664638795], [-117.15697583839594, 32.70562303972952], [-117.1569818037906, 32.70561797676453], [-117.15722451834642, 32.70574382296073], [-117.15734024803297, 32.70580382732233], [-117.15734661735543, 32.705807129525674], [-117.15817787948065, 32.706238127808334], [-117.1582560781951, 32.70627866949409], [-117.15826652109888, 32.707292194850346], [-117.15826852265161, 32.707569779359176], [-117.15827409104328, 32.708342070751144], [-117.15830443826476, 32.70939452473106], [-117.15737466684683, 32.709395874838755], [-117.15645136859936, 32.70939441914569]]]}, "properties": {"block_id": "10TH_AV_J_ST", "neighborhood": "South East Village", "latest_count_date": "2025-01-31", "latest_individuals": 1, "latest_tents": 0.0, "latest_vehicles": 0, "history": [{"date": "2018-01-24", "individuals": 4, "tents": 0.0, "vehicles": 0}, {"date": "2018-02-21", "individuals": 0, "tents": 0.0, "vehicles": 0}, {"date": "2019-01-31", "individuals": 0, "tents": 0.0, "vehicles": 0}, {"date": "2020-01-31", "individuals": 6, "tents": 0.0, "vehicles": 0}, {"date": "2020-02-26", "individuals": 2, "tents": 0.0, "vehicles": 0}, {"date": "2021-01-28", "individuals": 0, "tents": 0.0, "vehicles": 0}, {"date": "2021-02-25", "individuals": 0, "tents": 0.0, "vehicles": 0}, {"date": "2022-01-27", "individuals": 1, "tents": 0.0, "vehicles": 0}, {"date": "2022-03-01", "individuals": 3, "tents": 0.0, "vehicles": 0}, {"date": "2023-01-31", "individuals": 0, "tents": 0.0, "vehicles": 0}, {"date": "2024-01-25", "individuals": 0, "tents": 0.0, "vehicles": 0}, {"date": "2025-01-31", "individuals": 1, "tents": 0.0, "vehicles": 0}], "has_panel_data": true}}, {"type": "Feature", "geometry": {"type": "Polygon", "coordinates": [[[-117.15556688961017, 32.70835456367829], [-117.15554013906981, 32.7083547141173], [-117.15465223012653, 32.70835966346631], [-117.15464815308295, 32.70859469430241], [-117.15464575117925, 32.70857287445897], [-117.15464564965085, 32.70857150365562], [-117.1546455448952, 32.708570130170706], [-117.15464543590129, 32.70856875942212], [-117.15464532478362, 32.70856738959087], [-117.15464520939071, 32.7085660188892], [-117.15464509506423, 32.70856464817976], [-117.15464497327223, 32.708563277525045], [-117.15464485254677, 32.70856190686251], [-117.15464472755528, 32.708560536231275], [-117.15464459939203, 32.70855916832849], [-117.15464447226749, 32.70855779771288], [-117.15464433767744, 32.70855642715206], [-117.15464420311514, 32.70855505929626], [-117.15464406532554, 32.70855368875888], [-117.15464392436428, 32.70855232095003], [-117.15464378017563, 32.7085509504596], [-117.15464363281532, 32.70854958269769], [-117.15464348545493, 32.708548214935774], [-117.15464333166778, 32.70854684451575], [-117.15464317791769, 32.708545477702415], [-117.15464302095879, 32.70854411001089], [-117.15464286399984, 32.708542742319395], [-117.15464270064192, 32.708541374674816], [-117.15464253408452, 32.70854000705371], [-117.15464236648829, 32.70853864214547], [-117.15464219673134, 32.70853727454782], [-117.15464202377487, 32.70853590697365], [-117.15464184658012, 32.708534542135745], [-117.15464167042418, 32.70853317458508], [-117.15464148683964, 32.70853181069584], [-117.15464130431236, 32.70853044589711], [-117.15464111751912, 32.70852908112965], [-117.15464092859285, 32.70852771637786], [-117.15464073540052, 32.708526351657376], [-117.15464054220823, 32.70852498693684], [-117.1546403436834, 32.708523622255456], [-117.15464014410134, 32.708522258483555], [-117.15463994133825, 32.70852089653851], [-117.15463973534789, 32.7085195319119], [-117.15463952725229, 32.70851817000593], [-117.15463931806248, 32.708516805402745], [-117.15463910570084, 32.708515443528086], [-117.1546388901767, 32.708514085283575], [-117.15463866818882, 32.708512720774294], [-117.15463844622865, 32.70851135897006], [-117.15463822426852, 32.70850999716579], [-117.15463799487055, 32.708508638121316], [-117.15463776652068, 32.70850727726566], [-117.15463753496199, 32.70850591553184], [-117.15463730023157, 32.708504556526435], [-117.15463706123506, 32.708503197552396], [-117.15463682331439, 32.708501839472184], [-117.15463657898545, 32.708500480537204], [-117.15463633358998, 32.708499121610096], [-117.15463608606149, 32.70849776269859], [-117.154635834267, 32.70849640381843], [-117.15463558037655, 32.70849504856057], [-117.15463532218301, 32.7084936897273], [-117.1546350682833, 32.7084923335678], [-117.15463480372776, 32.70849097838821], [-117.15463453913526, 32.708489619601856], [-117.1546342713987, 32.708488266249084], [-117.15463400150142, 32.708486910206865], [-117.15463373057467, 32.70848555777923], [-117.15463345321186, 32.708484201791826], [-117.15463317587682, 32.70848284850943], [-117.15463289535153, 32.70848149615221], [-117.15463261161744, 32.70848014291673], [-117.15463232788339, 32.708478789681216], [-117.15463203775958, 32.70847743739441], [-117.15463174762651, 32.708476084205905], [-117.1546314543217, 32.70847473374586], [-117.15463115779885, 32.70847338150597], [-117.15463085809503, 32.70847203109285], [-117.15463055736167, 32.70847068429428], [-117.15463036405609, 32.70846982815654], [-117.15463025123107, 32.708469331223114], [-117.15462994512824, 32.708467980856966], [-117.15462963476858, 32.70846663142378], [-117.15462932229454, 32.708465283809595], [-117.1546290087539, 32.708463936203195], [-117.1546286898623, 32.708462586832624], [-117.15462836992265, 32.70846123927319], [-117.1546280478593, 32.70845989263102], [-117.15462772154844, 32.70845854782357], [-117.15462739308606, 32.70845720122843], [-117.15462706037616, 32.70845585646786], [-117.15462672767553, 32.70845451260901], [-117.15462639176616, 32.70845316787194], [-117.1546260537608, 32.7084518267572], [-117.1546257114246, 32.708450479362035], [-117.15462536592595, 32.70844913559705], [-117.15462502044583, 32.70844779363542], [-117.15462467177544, 32.70844645259892], [-117.1546243198963, 32.70844511068421], [-117.15462396162738, 32.70844376971807], [-117.15462360654872, 32.70844242782686], [-117.15462324510807, 32.70844108958924], [-117.1546228836304, 32.70843974774493], [-117.15462251792373, 32.70843840953865], [-117.15462215007484, 32.70843707044629], [-117.15462177903572, 32.7084357322791], [-117.15462140482475, 32.70843439684038], [-117.15462102951037, 32.708433057802786], [-117.15462065209995, 32.70843172238752], [-117.15462027041431, 32.70843038610192], [-117.15461988660489, 32.70842905073361], [-117.15461949852948, 32.7084277153966], [-117.15461911156684, 32.70842638456009], [-117.15461872029192, 32.70842504924652], [-117.15461832371223, 32.70842371667712], [-117.15461792925633, 32.7084223831904], [-117.15461753161017, 32.70842105062877], [-117.15461712543201, 32.708419718129804], [-117.15461672140535, 32.708418387418476], [-117.15461631418842, 32.7084170576323], [-117.15461590377204, 32.7084157278696], [-117.15461549015609, 32.70841439813034], [-117.15461507655871, 32.70841307019447], [-117.15461465657158, 32.708411743207165], [-117.15461423658438, 32.708410416219905], [-117.15461381339773, 32.70840908925607], [-117.15461338700234, 32.708407761414065], [-117.15461296064396, 32.70840643717876], [-117.15461252785877, 32.70840511028531], [-117.15461209510144, 32.708403786096945], [-117.15461166239957, 32.70840246731859], [-117.15461121574062, 32.708401139625195], [-117.15461077661205, 32.708399818188774], [-117.15461033428387, 32.708398496775764], [-117.15460988768976, 32.70839717539412], [-117.15460943896265, 32.70839585402806], [-117.15460898596947, 32.70839453269335], [-117.1546085308711, 32.708393214079244], [-117.15460807470626, 32.708391895472985], [-117.15460761639916, 32.70839057598072], [-117.15460715386305, 32.7083892601264], [-117.1546066880997, 32.70838794159053], [-117.15460622023107, 32.70838662577532], [-117.154605751296, 32.70838530996801], [-117.15460527918914, 32.70838399688909], [-117.15460480385504, 32.70838268112869], [-117.1546043253492, 32.70838136809671], [-117.15460384471038, 32.7083800550804], [-117.15460336303278, 32.70837874477694], [-117.15460287492847, 32.70837743181541], [-117.15460238685192, 32.70837612155889], [-117.15460189877535, 32.70837481130236], [-117.1546014032333, 32.708373501100546], [-117.15460090878553, 32.70837219359598], [-117.15460040794798, 32.70837088704003], [-117.15459990710117, 32.7083695795824], [-117.15459940625442, 32.70836827212477], [-117.15459889796982, 32.70836696742692], [-117.15459839072409, 32.70836566001618], [-117.15459787710704, 32.708364355357425], [-117.15459736245127, 32.70836305341153], [-117.15459684884352, 32.708361749654415], [-117.15459632885528, 32.70836044774762], [-117.15459626533247, 32.70836028590017], [-117.15459618980972, 32.708360097990294], [-117.15459580780052, 32.70835914584867], [-117.15459528354631, 32.70835784397312], [-117.15459475718686, 32.70835654481829], [-117.15459441036995, 32.70835569611873], [-117.15459422977013, 32.70835524657294], [-117.15459369701165, 32.70835394746502], [-117.15459315678767, 32.70835264841184], [-117.15459262299049, 32.70835135201675], [-117.15459208280356, 32.708350056570275], [-117.15459154047433, 32.7083487602378], [-117.15459099713416, 32.70834746932315], [-117.15459045052047, 32.70834617121859], [-117.15458990075356, 32.70834487764587], [-117.15458934781489, 32.7083435868016], [-117.15458879485777, 32.70834229415404], [-117.15458823552011, 32.70834100335672], [-117.1545876761825, 32.7083397125594], [-117.15458711368234, 32.70833842539225], [-117.1545865479735, 32.70833713734686], [-117.15458597798013, 32.70833584752946], [-117.15458540909951, 32.70833456221256], [-117.15458483700093, 32.70833327511585], [-117.1545842616936, 32.708331987140895], [-117.15458368218503, 32.7083307055089], [-117.15458310373373, 32.708329422967445], [-117.1545825220644, 32.70832813864613], [-117.15458193614761, 32.7083268561594], [-117.15458134813485, 32.70832557729503], [-117.15458075581905, 32.708324294855274], [-117.15458016457906, 32.70832301330932], [-117.15457956911929, 32.70832173630305], [-117.15457897046929, 32.70832046022191], [-117.1545783696863, 32.70831918415645], [-117.1545777678276, 32.70831790719712], [-117.1545771627786, 32.70831663116291], [-117.15457655453015, 32.70831535515213], [-117.15457594419497, 32.70831408366543], [-117.15457532957527, 32.708312810406625], [-117.15457471498335, 32.70831153985287], [-117.1545740971827, 32.70831026842087], [-117.15457347619179, 32.70830899791404], [-117.15457285200137, 32.708307727430665], [-117.15457222783873, 32.7083064596523], [-117.15457160046739, 32.70830519099572], [-117.15457096993353, 32.708303925969325], [-117.15457033513367, 32.70830266097422], [-117.15456970140036, 32.70830139597127], [-117.15456906126803, 32.708300131015214], [-117.15456842116343, 32.70829886876423], [-117.15456777678365, 32.70829760564287], [-117.15456713350737, 32.708296346120335], [-117.15456648380436, 32.708295083939724], [-117.15456583309029, 32.70829382717701], [-117.1545651802156, 32.70829256772486], [-117.15456452627431, 32.70829130828057], [-117.15456387022786, 32.70829005155694], [-117.15456320674365, 32.708288797593056], [-117.15456254432591, 32.70828754362137], [-117.15456188086948, 32.708286292362516], [-117.15456121095856, 32.70828503574056], [-117.15456054216965, 32.70828378452081], [-117.15455986911476, 32.70828253333231], [-117.15455919286033, 32.708281282167356], [-117.15455851663376, 32.708280033707354], [-117.15455783827413, 32.708278785263026], [-117.15455715245825, 32.70827753777511], [-117.15455646986042, 32.708276292067076], [-117.15455578086362, 32.70827504640597], [-117.15455509189455, 32.70827380344986], [-117.15455439972601, 32.70827256051721], [-117.15455370436722, 32.70827131850978], [-117.1545530047332, 32.7082700756319], [-117.15455230619345, 32.70826883545122], [-117.154551604482, 32.70826759799904], [-117.1545508995525, 32.708266358766934], [-117.15455019464156, 32.70826512133821], [-117.1545494822651, 32.70826388396424], [-117.15454877098296, 32.708262649287434], [-117.1545480565105, 32.70826141553578], [-117.15454734096237, 32.70826018089024], [-117.15454662011875, 32.708258949890556], [-117.15454589819933, 32.708257717997014], [-117.15454517414696, 32.7082564861191], [-117.15454444906516, 32.708255257855704], [-117.15454371864156, 32.708254028729684], [-117.1545429871885, 32.70825280321824], [-117.15454225356548, 32.70825157411573], [-117.1545415189407, 32.708250351332744], [-117.1545407779077, 32.708249127695005], [-117.15454003688393, 32.70824790495891], [-117.15453929691748, 32.70824668131339], [-117.15453854952248, 32.70824546132925], [-117.1545378021275, 32.70824424134518], [-117.15453705155161, 32.70824302318785], [-117.15453629775769, 32.70824180325067], [-117.15453554081051, 32.70824058784531], [-117.15453478384488, 32.7082393706366], [-117.15453402370753, 32.708238156156355], [-117.15453326039842, 32.70823694440461], [-117.15453249708011, 32.708235731751174], [-117.154531727372, 32.70823452004636], [-117.15453096086347, 32.708233308318036], [-117.15453018691719, 32.70823209934954], [-117.1545294108564, 32.708230892199985], [-117.15452863480493, 32.708229685952126], [-117.15452785448744, 32.708228479735546], [-117.15452707526421, 32.708227276216135], [-117.15452628961425, 32.708226070038656], [-117.15452550295332, 32.70822486927903], [-117.15452471093215, 32.708223665853495], [-117.154523924262, 32.70822246419221], [-117.15452312909687, 32.70822126620018], [-117.15452233286526, 32.70822006821592], [-117.15452153452843, 32.70821887295237], [-117.15452073512512, 32.708217677696624], [-117.15451993249455, 32.70821647975931], [-117.15451912775876, 32.70821528454267], [-117.15451832202126, 32.70821409564556], [-117.15451750984771, 32.70821290318866], [-117.15451669770198, 32.70821171343679], [-117.15451588235676, 32.708210523708374], [-117.15451506383982, 32.70820933670847], [-117.15451424638938, 32.70820814970071], [-117.15451342470074, 32.70820696542927], [-117.15451260299356, 32.70820577935448], [-117.15451177170644, 32.70820459515339], [-117.15451094258012, 32.70820341364174], [-117.15451011132075, 32.70820223214566], [-117.15450928009845, 32.7082010542563], [-117.1545084424679, 32.7081998755122], [-117.15450760803687, 32.70819869674462], [-117.15450676404434, 32.70819752165409], [-117.15450592537512, 32.7081963456228], [-117.15450507820164, 32.70819517235912], [-117.15450423103744, 32.70819399999707], [-117.15450337639848, 32.708192826788114], [-117.15450252926212, 32.70819165713114], [-117.15450167571744, 32.70819048661937], [-117.1545008179438, 32.70818931974557], [-117.15449995802794, 32.708188151985766], [-117.1544990970826, 32.70818698784046], [-117.15449823292855, 32.70818582281692], [-117.15449736987803, 32.708184661392266], [-117.15449649935272, 32.70818349912066], [-117.15449562990321, 32.70818233774292], [-117.15449475621547, 32.7081811791015], [-117.15449388251852, 32.70818001955836], [-117.15449300565909, 32.70817886364542], [-117.15449212560017, 32.708177707755894], [-117.15449124342675, 32.70817655368535], [-117.15449036019609, 32.708175400524354], [-117.15448947376596, 32.708174247386765], [-117.1544885841641, 32.70817309697769], [-117.15448769458082, 32.708171948371955], [-117.15448680180727, 32.70817080069131], [-117.15448590583419, 32.708169653034155], [-117.15448500668946, 32.70816850810546], [-117.15448410754475, 32.70816736317681], [-117.15448320416176, 32.70816622098442], [-117.15448230184532, 32.7081650787842], [-117.15448139635711, 32.70816393931247], [-117.15448048766947, 32.70816279986418], [-117.15447957578235, 32.70816166043938], [-117.15447866285649, 32.70816052372737], [-117.15447774459814, 32.708159387054486], [-117.15447682956706, 32.70815825306316], [-117.15447590709826, 32.708157121831626], [-117.15447498569597, 32.70815599059219], [-117.15447406002775, 32.7081548593841], [-117.15447313545376, 32.70815373087317], [-117.15447220662304, 32.70815260329516], [-117.15447127567786, 32.70815147753619], [-117.15447034046667, 32.70815035180848], [-117.15446940528325, 32.7081492287858], [-117.15446846797614, 32.708148106680405], [-117.1544675263938, 32.70814698370466], [-117.15446658483918, 32.708145863433884], [-117.15446564012215, 32.70814474679326], [-117.15446469326287, 32.70814362926664], [-117.15446374536485, 32.708142514452824], [-117.15446279427661, 32.708141400564124], [-117.15446183997965, 32.70814028579721], [-117.15446088571969, 32.708139174637], [-117.15445992827877, 32.70813806530359], [-117.15445896761986, 32.7081369541903], [-117.15445800380772, 32.70813584760883], [-117.15445703997713, 32.70813473922398], [-117.15445607619279, 32.708133635347565], [-117.1544551060187, 32.70813253241967], [-117.15445413159718, 32.7081314313264], [-117.15445316142313, 32.708130328398525], [-117.15445218810517, 32.70812923090413], [-117.15445121477792, 32.70812813250811], [-117.15445023186147, 32.70812703508405], [-117.15444925110583, 32.70812594034941], [-117.15444826501765, 32.708124845653906], [-117.15444727788149, 32.708123752769495], [-117.15444629182115, 32.70812266077893], [-117.15444530258905, 32.708121571516884], [-117.15444430911874, 32.70812048499113], [-117.15444330924946, 32.7081193985123], [-117.15444231684569, 32.708118311978694], [-117.15444131700423, 32.70811722820484], [-117.15444031822923, 32.70811614442316], [-117.15443931521602, 32.70811506337784], [-117.1544383090311, 32.70811398506094], [-117.15443730388495, 32.70811290403118], [-117.15443629452831, 32.70811182844276], [-117.15443528197224, 32.70811075287779], [-117.15443426301715, 32.70810967735977], [-117.15443325155532, 32.70810860449195], [-117.15443223585531, 32.708107534360465], [-117.15443121375631, 32.70810646427592], [-117.15443019166659, 32.70810539509302], [-117.15442916639583, 32.70810432773693], [-117.15442814435242, 32.70810326306234], [-117.15442711271048, 32.70810219845819], [-117.15442608110558, 32.70810113746068], [-117.15442504949152, 32.708100075561546], [-117.1544240146779, 32.7080990136858], [-117.15442297883486, 32.70809795542462], [-117.15442193765003, 32.70809689630081], [-117.15442089972949, 32.70809584346531], [-117.15441985540077, 32.70809478977502], [-117.15441881108127, 32.708093736986356], [-117.15441776254211, 32.708092688737366], [-117.1544167150509, 32.70809163867724], [-117.15441566435102, 32.70809058773885], [-117.15441460944986, 32.70808954314346], [-117.15441355560601, 32.70808849763857], [-117.15441249750548, 32.70808745306664], [-117.15441143727189, 32.70808640851033], [-117.15441037604583, 32.70808537117518], [-117.15440931266839, 32.708084332052344], [-117.15440824185313, 32.70808329568929], [-117.15440717850342, 32.708082259271485], [-117.15440610770675, 32.708081224711705], [-117.15440503691934, 32.70808019105364], [-117.15440396402667, 32.70807916011624], [-117.15440288686807, 32.70807812921008], [-117.15440180973722, 32.70807710100896], [-117.15440072940694, 32.708076072831254], [-117.15439964590489, 32.708075047382074], [-117.15439856349714, 32.70807402463004], [-117.15439747682336, 32.70807300190931], [-117.15439638697792, 32.708071981917065], [-117.1543952971325, 32.70807096192477], [-117.15439420731482, 32.70806994463748], [-117.15439311109817, 32.70806892739712], [-117.15439201810884, 32.70806791283831], [-117.1543909187205, 32.70806689832644], [-117.15438981935993, 32.70806588651955], [-117.15438871683689, 32.70806487834282], [-117.1543876132381, 32.70806386927224], [-117.15438650433458, 32.70806286294577], [-117.15438539543116, 32.708061856619324], [-117.1543842897642, 32.70806085387604], [-117.15438317768903, 32.70805985027799], [-117.15423990499104, 32.707939458012085], [-117.15453470707618, 32.70769389092596], [-117.15461782184569, 32.707623389130205], [-117.15462937784572, 32.70761358539689], [-117.15487802222673, 32.70740265738617], [-117.155279999264, 32.7077413714829], [-117.15528140977618, 32.707742562247745], [-117.15528255674641, 32.70774353582411], [-117.1552837015744, 32.70774450851444], [-117.15528484643019, 32.70774548390974], [-117.15528598808653, 32.70774645932857], [-117.15528712873196, 32.70774744016524], [-117.15528826725365, 32.7077484219192], [-117.15528940579391, 32.707749405476534], [-117.15529054009596, 32.70775039177013], [-117.15529167224653, 32.7077513762761], [-117.15529280014972, 32.70775236261669], [-117.15529393234662, 32.70775335163099], [-117.15529505708736, 32.70775434160176], [-117.15529618291315, 32.70775533336802], [-117.15529730450999, 32.7077563287723], [-117.15529842396462, 32.707757323290515], [-117.15529954236204, 32.70775831871826], [-117.15530066084283, 32.707759322261026], [-117.15530177709803, 32.70776031680273], [-117.1553028891799, 32.70776132039244], [-117.15530399805299, 32.70776232310398], [-117.15530510693542, 32.707763326717156], [-117.1553062169121, 32.70776433302757], [-117.15530731945115, 32.707765342097744], [-117.15530842518045, 32.707766350242785], [-117.1553095245478, 32.70776736204143], [-117.15531062391521, 32.707768373840125], [-117.15531172011096, 32.70776938836729], [-117.15531281630669, 32.70777040289443], [-117.15531390933072, 32.70777142015011], [-117.15531499918306, 32.70777244013423], [-117.1553160890355, 32.707773460118375], [-117.15531717571618, 32.70777448283104], [-117.15531826239693, 32.70777550554367], [-117.15531934267871, 32.70777652830325], [-117.15532042514906, 32.70777755645724], [-117.15532149908746, 32.70777858467381], [-117.15532257942482, 32.707779612843424], [-117.15532365656276, 32.7077806410365], [-117.15532472631861, 32.707781677399424], [-117.15532580025713, 32.707782705616005], [-117.15532686791704, 32.707783745601276], [-117.15532793447346, 32.70778478198767], [-117.15532899892466, 32.707785821094724], [-117.1553300623094, 32.7077868602096], [-117.15533112359822, 32.70778790294684], [-117.15533218058401, 32.707788942108714], [-117.15533323871972, 32.70778998937774], [-117.15533429257091, 32.707791034874795], [-117.15533534433541, 32.70779208489581], [-117.15533639498717, 32.7077931304163], [-117.15533744248573, 32.70779418046867], [-117.15533848788841, 32.70779523414333], [-117.1553395322153, 32.70779628692421], [-117.15534057335203, 32.707797340630144], [-117.15534161450732, 32.707798396139495], [-117.15534265250012, 32.707799455279016], [-117.15534368835996, 32.707800514434105], [-117.15534472314411, 32.70780157269543], [-117.15534575479359, 32.707802637291906], [-117.15534678321582, 32.70780369920687], [-117.1553478116566, 32.70780476292514], [-117.15534883696274, 32.707805832978586], [-117.15534985901387, 32.70780689764548], [-117.15535088112057, 32.70780796772246], [-117.15535189896129, 32.707809037830735], [-117.15535291468753, 32.70781010975797], [-117.15535393362258, 32.70781118256341], [-117.15535494298697, 32.70781225814427], [-117.15535595237918, 32.70781333643021], [-117.1553569606771, 32.70781441201895], [-117.15535796689763, 32.70781549303334], [-117.15535897311814, 32.707816574047726], [-117.15535997187325, 32.70781765511695], [-117.15536097492216, 32.70781873885978], [-117.1553619747438, 32.70781981992117], [-117.15536296718331, 32.707820909152396], [-117.15536396066155, 32.70782199567072], [-117.1553649499109, 32.70782308582708], [-117.15536594024528, 32.707824177778974], [-117.15536692631369, 32.70782526976211], [-117.15536791238212, 32.70782636174531], [-117.15536889634534, 32.707827456449124], [-117.15536987605188, 32.70782855208597], [-117.1553708525775, 32.7078296495496], [-117.15537183019737, 32.70783074971043], [-117.1553728035328, 32.707831848099254], [-117.15537377691452, 32.70783295099641], [-117.15537474392507, 32.70783405664556], [-117.15537571728831, 32.70783515773932], [-117.15537667789994, 32.70783626343544], [-117.15537764172035, 32.707837370009706], [-117.15537860235979, 32.70783847841084], [-117.15537955980903, 32.707839587737084], [-117.15538051727675, 32.7078406988667], [-117.15538147152654, 32.70784180821643], [-117.15538241945147, 32.707842924826565], [-117.15538337375688, 32.70784403958633], [-117.15538432169107, 32.70784515709807], [-117.15538526641654, 32.70784627373162], [-117.15538621011262, 32.70784739397972], [-117.15538715167571, 32.70784851424344], [-117.15538809005784, 32.707849636334025], [-117.15538902735496, 32.70785075662903], [-117.1553899625747, 32.70785188234976], [-117.15539089459497, 32.70785300809399], [-117.15539182556725, 32.70785413564937], [-117.15539275121634, 32.707855264145536], [-117.1553936789985, 32.707856392626084], [-117.1553946014759, 32.707857523850784], [-117.15539552291463, 32.70785865778828], [-117.15539644222044, 32.70785979174152], [-117.15539735726024, 32.707860925726], [-117.1553982723278, 32.70786206241551], [-117.15539918526247, 32.70786319912068], [-117.15540009395889, 32.70786433856216], [-117.15540100268313, 32.70786548070866], [-117.15540190818011, 32.707866620173654], [-117.15540281050545, 32.70786776236714], [-117.15540371389726, 32.70786890455278], [-117.15540460985142, 32.70787004949824], [-117.15540550903285, 32.70787119712525], [-117.15540640181534, 32.707872344799156], [-117.15540729459781, 32.70787349247312], [-117.1554081842179, 32.707874643777245], [-117.15540907062923, 32.707875794203204], [-117.1554099570684, 32.70787694733414], [-117.15541083924154, 32.70787810049643], [-117.15541171929105, 32.707879254576035], [-117.15541259615955, 32.707880410482446], [-117.15541347305587, 32.70788156909387], [-117.15541434569548, 32.707882728638296], [-117.15541522259183, 32.707883887249714], [-117.15541608351849, 32.70788504868363], [-117.1554169529865, 32.70788621095653], [-117.15541782033996, 32.70788737504843], [-117.1554186813038, 32.707888540089], [-117.15541953802013, 32.70788970696425], [-117.15542039901177, 32.707890874709804], [-117.15542125572814, 32.70789204158501], [-117.15542210608264, 32.70789321211388], [-117.15542295749438, 32.70789438173323], [-117.15542380787664, 32.707895554967145], [-117.1554246529172, 32.70789672733851], [-117.15542549692834, 32.70789790332435], [-117.15542633774001, 32.70789907933375], [-117.15542717854244, 32.70790025444141], [-117.15542801298292, 32.707901433202764], [-117.15542884848998, 32.70790261195629], [-117.1554296829583, 32.707903793422666], [-117.15543051101835, 32.707904974034285], [-117.15543133908777, 32.707906155547626], [-117.15543216401323, 32.707907342494494], [-117.15543298571144, 32.707908526759795], [-117.15543380742818, 32.707909712828496], [-117.15543462595474, 32.70791089982226], [-117.15543543701577, 32.70791208687088], [-117.15543625879744, 32.70791327925128], [-117.15543706775335, 32.70791446902054], [-117.15543787673705, 32.70791566149482], [-117.1554386825213, 32.70791685399264], [-117.15543948726685, 32.70791804920327], [-117.15544028667988, 32.70791924445309], [-117.15544108929247, 32.707920439679356], [-117.15544188446735, 32.70792163766546], [-117.15544268070876, 32.707922835643714], [-117.15544347273979, 32.70792403906336], [-117.15544426258224, 32.70792523708865], [-117.15544504821428, 32.70792644055524], [-117.15544583488509, 32.707927641308984], [-117.15544661734548, 32.70792884750409], [-117.15544739660636, 32.70793005372269], [-117.15544817691529, 32.70793125813008], [-117.15544895300454, 32.70793246707717], [-117.15544972592205, 32.707933678752774], [-117.15545049558455, 32.707934885041816], [-117.15545126634134, 32.70793609402803], [-117.15545203286922, 32.70793730665228], [-117.15545279621614, 32.707938521103344], [-117.15545355636361, 32.70793973557793], [-117.15545431652033, 32.70794095095412], [-117.15545507346833, 32.70794216545215], [-117.1554558272446, 32.70794338267873], [-117.15545657783069, 32.7079446008304], [-117.15545732843529, 32.70794582078547], [-117.15545807478323, 32.707947041673535], [-117.15545881901664, 32.70794826438055], [-117.15545956002285, 32.707949484406015], [-117.15546030106611, 32.70795070803824], [-117.15546103786188, 32.70795193350511], [-117.15546177253397, 32.7079531598893], [-117.1554625071968, 32.707954385371806], [-117.15546323443124, 32.70795561451582], [-117.15546396273216, 32.707956843652006], [-117.15546468995736, 32.70795807189433], [-117.15546541188709, 32.70795930378249], [-117.15546613274115, 32.70796053477681], [-117.15546685149921, 32.70796176939348], [-117.15546756592647, 32.70796299772979], [-117.15546827727471, 32.70796423781129], [-117.15546898960604, 32.70796546976992], [-117.15546969775481, 32.70796670987493], [-117.15547040266699, 32.70796794639674], [-117.15547110868278, 32.70796918651738], [-117.15547181043257, 32.70797042666937], [-117.15547250578341, 32.70797166686832], [-117.15547320435229, 32.707972908847104], [-117.15547389653139, 32.70797415177454], [-117.15547458873833, 32.70797539740705], [-117.15547527771805, 32.70797664035797], [-117.15547596352604, 32.707977886037426], [-117.15547664615305, 32.70797913354369], [-117.15547732876156, 32.70798037924663], [-117.15547800819844, 32.70798162767808], [-117.15547868339708, 32.70798287884585], [-117.1554793564627, 32.70798413002928], [-117.1554800295284, 32.70798538121274], [-117.15548069939462, 32.70798663241965], [-117.15548136502257, 32.70798788636289], [-117.1554820285176, 32.70798914032181], [-117.15548269097394, 32.707990396993566], [-117.15548334806999, 32.70799165099945], [-117.15548400412732, 32.707992907718214], [-117.15548465807953, 32.70799416715763], [-117.15548531096518, 32.70799542660487], [-117.1554859617179, 32.70799668606779], [-117.15548660820463, 32.70799794556198], [-117.15548725151962, 32.70799920778471], [-117.15548789268315, 32.70800046821977], [-117.15548853282651, 32.70800173317099], [-117.15548916977033, 32.70800299814574], [-117.15548980351474, 32.708004263143934], [-117.15549043408738, 32.708005530870665], [-117.15549106569883, 32.70800679588451], [-117.1554916930813, 32.708008064536415], [-117.15549231728285, 32.70800933501514], [-117.15549293825711, 32.70801060281232], [-117.1554935560967, 32.70801187694471], [-117.15549417280496, 32.70801314477321], [-117.15549478743583, 32.708014418027346], [-117.15549539886722, 32.70801569130507], [-117.15549601030794, 32.708016965484404], [-117.15549661534033, 32.708018238809075], [-117.15549721933407, 32.708019514846626], [-117.1554978212041, 32.70802079180145], [-117.1554984198931, 32.70802207058316], [-117.15549902176319, 32.708023347537996], [-117.15549961298673, 32.70802462637449], [-117.15550020207733, 32.70802590522664], [-117.15550079333802, 32.70802718766981], [-117.15550137925693, 32.70802846925048], [-117.1555019641186, 32.70802975174063], [-117.15550254257204, 32.70803103337607], [-117.15550312212905, 32.708032318610414], [-117.15550370061031, 32.70803360295091], [-117.15550427267407, 32.708034885535014], [-117.15550484587847, 32.70803617532471], [-117.1555054147983, 32.70803746334233], [-117.15550598051865, 32.708038751383455], [-117.15550654305808, 32.70804004125142], [-117.15550710557898, 32.708041329316075], [-117.15550766491893, 32.70804261920752], [-117.15550822109643, 32.708043912729146], [-117.15550877404667, 32.70804520356926], [-117.15550932384373, 32.708046498941215], [-117.15550987039494, 32.7080477898283], [-117.1555104202013, 32.70804908610196], [-117.1555109635716, 32.708050378815884], [-117.15551150377948, 32.70805167515996], [-117.15551204292088, 32.70805297151193], [-117.15551257674831, 32.708054269706324], [-117.15551311058505, 32.70805556880245], [-117.15551364015575, 32.708056867929876], [-117.15551417079294, 32.70805816704947], [-117.15551469395547, 32.708059465322236], [-117.15551521822148, 32.7080607671938], [-117.15551573822157, 32.70806206909673], [-117.15551625614418, 32.70806337642535], [-117.15551676651798, 32.7080646756937], [-117.15551728441288, 32.7080659803173], [-117.15551779486081, 32.70806728679906], [-117.15551830206287, 32.70806858879595], [-117.15551880718763, 32.708069896218525], [-117.15551930804634, 32.708071203672446], [-117.15551980890508, 32.70807251112628], [-117.15552030656431, 32.70807381860367], [-117.15552080105184, 32.70807512880959], [-117.15552128914037, 32.708076439062474], [-117.15552178042849, 32.70807774929187], [-117.15552226848926, 32.70807905683975], [-117.15552275023443, 32.7080803725496], [-117.15552323512351, 32.70808168282598], [-117.15552371366921, 32.70808299855938], [-117.15552418898761, 32.70808431161121], [-117.15552466430607, 32.70808562466309], [-117.15552513538624, 32.7080869404513], [-117.15552560433348, 32.70808825625513], [-117.15552607008121, 32.708089572082535], [-117.15552653265729, 32.70809089063836], [-117.15552699413901, 32.70809220649705], [-117.1555274535156, 32.70809352507643], [-117.15552790865395, 32.70809484639211], [-117.1555283616315, 32.70809616501844], [-117.15552881354265, 32.70809748365259], [-117.15552926014898, 32.70809880503093], [-117.15552970569819, 32.70810012731876], [-117.15553014809413, 32.70810145413848], [-117.15553058827376, 32.708102772858794], [-117.15553102744249, 32.70810409699697], [-117.15553146021222, 32.70810542118209], [-117.15553189298193, 32.708106745367274], [-117.15553232256143, 32.70810807047757], [-117.15553275005429, 32.70810940011192], [-117.15553317639726, 32.70811072163906], [-117.15553359639681, 32.70811204862321], [-117.1555340164334, 32.70811337921399], [-117.15553443323347, 32.708114706221686], [-117.15553484579537, 32.708116035965624], [-117.15553525619644, 32.70811736302024], [-117.1555356666346, 32.708118693681534], [-117.15553607389177, 32.708120026169674], [-117.1555364779217, 32.708121355976296], [-117.15553687772265, 32.708122689420975], [-117.15553707654732, 32.708123355249434], [-117.15553727535354, 32.70812401927454], [-117.15553766981276, 32.70812535185667], [-117.15553806321475, 32.70812668534828], [-117.15553845450226, 32.70812802065889], [-117.15553884152378, 32.70812935600086], [-117.15553922639383, 32.70813068955509], [-117.15553961021585, 32.70813202492055], [-117.15553998870537, 32.708133360325135], [-117.15554036616547, 32.70813469934425], [-117.15554074038904, 32.70813603478016], [-117.15554111251662, 32.70813737383845], [-117.15554148356853, 32.70813871200288], [-117.15554184822136, 32.7081400502143], [-117.1555422128835, 32.70814138932738], [-117.15554257543116, 32.70814273025944], [-117.1555429336943, 32.70814406941953], [-117.1555432887765, 32.70814541040642], [-117.15554364386794, 32.708146752294994], [-117.1555439893794, 32.708148096057435], [-117.15554434127135, 32.7081494379695], [-117.15554468675506, 32.708150779026894], [-117.15554503120931, 32.708152123698774], [-117.15554537029405, 32.708153464803154], [-117.1555457094158, 32.70815480951422], [-117.15554604215711, 32.70815615607561], [-117.15554637381338, 32.70815750084147], [-117.15554670332739, 32.70815884472136], [-117.15554703287847, 32.708160192207934], [-117.15554735495475, 32.70816153884761], [-117.15554767810684, 32.70816288638117], [-117.15554799702073, 32.708164236651065], [-117.15554831373677, 32.70816558062487], [-117.15554862625164, 32.70816693094176], [-117.15554893979599, 32.70816827764413], [-117.15554924588407, 32.708169625302936], [-117.15554955202781, 32.708170978371825], [-117.1555498560014, 32.70817232784967], [-117.15555015571827, 32.7081736782605], [-117.15555045222645, 32.70817502779317], [-117.15555074874385, 32.70817637822752], [-117.15555103889004, 32.70817773141388], [-117.155551329027, 32.70817908369856], [-117.15555161597368, 32.708180436908386], [-117.1555519029204, 32.70818179011821], [-117.15555218345882, 32.70818314247339], [-117.15555245760753, 32.70818449577718], [-117.15555273818303, 32.70818585173902], [-117.15555301232247, 32.708187204141176], [-117.15555328329953, 32.708188560173475], [-117.15555355001054, 32.70818991623711], [-117.15555381778802, 32.708191272292936], [-117.15555408235676, 32.708192627470595], [-117.15555434053577, 32.70819398359684], [-117.15555459767606, 32.70819534243602], [-117.15555485265558, 32.70819669858579], [-117.15555510658714, 32.70819805654678], [-117.15555535516768, 32.70819941274354], [-117.15555560270946, 32.70820077165315], [-117.15555584811825, 32.70820213057842], [-117.1555560892518, 32.70820348863338], [-117.15555632719511, 32.708204847613494], [-117.1555565619667, 32.708206209322086], [-117.15555679777705, 32.70820756831789], [-117.15555702933987, 32.70820892914833], [-117.15555725768468, 32.708210288198906], [-117.15555748285774, 32.70821164997799], [-117.15555770483138, 32.708213011780614], [-117.15555792360544, 32.70821437360671], [-117.15555814237031, 32.70821573453109], [-117.15555835794493, 32.708217096380686], [-117.15555857031997, 32.70821845825372], [-117.15555877955116, 32.70821982556035], [-117.15555898549945, 32.70822118477538], [-117.15555919150334, 32.708222549400475], [-117.15555939107117, 32.708223910465854], [-117.15555958960954, 32.7082252751457], [-117.15555978601492, 32.70822663984128], [-117.15555997922081, 32.708228004560354], [-117.15556016816068, 32.70822936931072], [-117.15556035816704, 32.70823073405329], [-117.15556054390743, 32.708232098827146], [-117.15556072433378, 32.70823346544353], [-117.15556090367517, 32.70823483026439], [-117.15556108411083, 32.70823619778244], [-117.15556125705317, 32.7082375626503], [-117.15556142682381, 32.70823893024665], [-117.15556159766095, 32.70824029783522], [-117.15556176420431, 32.70824166275], [-117.15556192757597, 32.70824303039336], [-117.1555620877481, 32.70824439806021], [-117.15556224791095, 32.708245764825385], [-117.15556240168411, 32.708247132539206], [-117.1555625565237, 32.70824850024519], [-117.15556270712511, 32.70824987068753], [-117.15556285449924, 32.70825123844836], [-117.15556299760733, 32.70825260624052], [-117.15556313861025, 32.70825397675333], [-117.1555632795854, 32.70825534456114], [-117.15556341738872, 32.70825671509745], [-117.15556355199261, 32.70825808565727], [-117.15556368336922, 32.70825945353556], [-117.15556381050759, 32.708260824150194], [-117.15556393551296, 32.70826219478048], [-117.15556405945182, 32.7082635654186], [-117.15556418125767, 32.7082649360724], [-117.15556429986407, 32.708266306749664], [-117.15556441419514, 32.7082676765566], [-117.15556452637468, 32.708269044575864], [-117.15556463434382, 32.708270418036506], [-117.15556474228516, 32.708271788792096], [-117.15556484809349, 32.70827315956337], [-117.1555649464641, 32.70827453309446], [-117.15556504800641, 32.70827590389706], [-117.15556514314973, 32.70827727474661], [-117.1555652361878, 32.70827864831689], [-117.1555653281316, 32.70828001918993], [-117.15556541690371, 32.70828139279152], [-117.15556549924895, 32.70828276373507], [-117.15556558482152, 32.70828413736017], [-117.15556566076782, 32.70828550835069], [-117.15556573994138, 32.70828688202271], [-117.1555658158876, 32.708288253013265], [-117.15556588866218, 32.708289626732316], [-117.15556595397118, 32.7082910005062], [-117.15556602354621, 32.70829237424876], [-117.15556608669445, 32.708293745333286], [-117.15556614560442, 32.70829511915415], [-117.15556620558094, 32.70829649296717], [-117.15556626235794, 32.7082978668037], [-117.15556631486892, 32.70829924067155], [-117.1555663652469, 32.708300614555064], [-117.15556641133108, 32.70830198576487], [-117.15556645531005, 32.708303359695336], [-117.1555664982225, 32.708304733633696], [-117.15556653580241, 32.70830610761118], [-117.15556657551535, 32.708307481573], [-117.15556660882929, 32.70830885558183], [-117.15556663894368, 32.708310229614156], [-117.15556666692508, 32.70831160366212], [-117.15556669384, 32.70831297771791], [-117.15556671435587, 32.708314351820725], [-117.15556673807124, 32.70831572589996], [-117.1555667553876, 32.708317100026264], [-117.15556676950446, 32.70831847417606], [-117.1555667804218, 32.708319848349326], [-117.15556687048043, 32.7083482372032], [-117.15556688961017, 32.70835456367829]]]}, "properties": {"block_id": "11TH_AV_K_ST", "neighborhood": "South East Village", "latest_count_date": "2025-01-31", "latest_individuals": 1, "latest_tents": 0.0, "latest_vehicles": 0, "history": [{"date": "2018-01-24", "individuals": 0, "tents": 0.0, "vehicles": 0}, {"date": "2018-02-21", "individuals": 0, "tents": 0.0, "vehicles": 0}, {"date": "2019-01-31", "individuals": 1, "tents": 0.0, "vehicles": 0}, {"date": "2020-01-31", "individuals": 0, "tents": 0.0, "vehicles": 0}, {"date": "2020-02-26", "individuals": 1, "tents": 0.0, "vehicles": 0}, {"date": "2021-01-28", "individuals": 0, "tents": 0.0, "vehicles": 0}, {"date": "2021-02-25", "individuals": 1, "tents": 0.0, "vehicles": 0}, {"date": "2022-01-27", "individuals": 1, "tents": 0.0, "vehicles": 0}, {"date": "2022-03-01", "individuals": 0, "tents": 0.0, "vehicles": 0}, {"date": "2023-01-31", "individuals": 0, "tents": 0.0, "vehicles": 0}, {"date": "2024-01-25", "individuals": 3, "tents": 0.0, "vehicles": 0}, {"date": "2025-01-31", "individuals": 1, "tents": 0.0, "vehicles": 0}], "has_panel_data": true}}, {"type": "Feature", "geometry": {"type": "Polygon", "coordinates": [[[-117.15465223012653, 32.70835966346631], [-117.15554013906981, 32.7083547141173], [-117.15556688961017, 32.70835456367829], [-117.15554760414796, 32.709395561616034], [-117.15463414278273, 32.70940226560796], [-117.15464815308295, 32.70859469430241], [-117.15465223012653, 32.70835966346631]]]}, "properties": {"block_id": "11TH_AV_J_ST", "neighborhood": "South East Village", "latest_count_date": "2025-01-31", "latest_individuals": 0, "latest_tents": 0.0, "latest_vehicles": 0, "history": [{"date": "2018-01-24", "individuals": 0, "tents": 0.0, "vehicles": 0}, {"date": "2018-02-21", "individuals": 1, "tents": 0.0, "vehicles": 0}, {"date": "2019-01-31", "individuals": 0, "tents": 0.0, "vehicles": 0}, {"date": "2020-01-31", "individuals": 0, "tents": 0.0, "vehicles": 0}, {"date": "2020-02-26", "individuals": 0, "tents": 0.0, "vehicles": 0}, {"date": "2021-01-28", "individuals": 0, "tents": 0.0, "vehicles": 0}, {"date": "2021-02-25", "individuals": 0, "tents": 0.0, "vehicles": 0}, {"date": "2022-01-27", "individuals": 2, "tents": 0.0, "vehicles": 0}, {"date": "2022-03-01", "individuals": 1, "tents": 0.0, "vehicles": 0}, {"date": "2023-01-31", "individuals": 0, "tents": 0.0, "vehicles": 0}, {"date": "2024-01-25", "individuals": 0, "tents": 0.0, "vehicles": 0}, {"date": "2025-01-31", "individuals": 0, "tents": 0.0, "vehicles": 0}], "has_panel_data": true}}, {"type": "Feature", "geometry": {"type": "Polygon", "coordinates": [[[-117.15195758897737, 32.71470725869935], [-117.15040032858518, 32.7147131405058], [-117.15039488212373, 32.71417996916786], [-117.15038968839409, 32.71367153254796], [-117.1519501531652, 32.71366287880055], [-117.15195758897737, 32.71470725869935]]]}, "properties": {"block_id": "15TH_ST_E_ST", "neighborhood": "East Village", "latest_count_date": "2025-01-31", "latest_individuals": 0, "latest_tents": 0.0, "latest_vehicles": 0, "history": [{"date": "2018-01-24", "individuals": 3, "tents": 2.0, "vehicles": 0}, {"date": "2018-02-21", "individuals": 0, "tents": 0.0, "vehicles": 0}, {"date": "2019-01-31", "individuals": 0, "tents": 0.0, "vehicles": 0}, {"date": "2020-01-31", "individuals": 1, "tents": 0.0, "vehicles": 0}, {"date": "2020-02-26", "individuals": 0, "tents": 0.0, "vehicles": 0}, {"date": "2021-01-28", "individuals": 1, "tents": 0.0, "vehicles": 0}, {"date": "2021-02-25", "individuals": 0, "tents": 0.0, "vehicles": 0}, {"date": "2022-01-27", "individuals": 0, "tents": 0.0, "vehicles": 0}, {"date": "2022-03-01", "individuals": 1, "tents": 0.0, "vehicles": 0}, {"date": "2023-01-31", "individuals": 0, "tents": 0.0, "vehicles": 0}, {"date": "2024-01-25", "individuals": 1, "tents": 3.0, "vehicles": 0}, {"date": "2025-01-31", "individuals": 0, "tents": 0.0, "vehicles": 0}], "has_panel_data": true}}, {"type": "Feature", "geometry": {"type": "Polygon", "coordinates": [[[-117.14944647755584, 32.71044891347074], [-117.14945213412561, 32.70940993528988], [-117.15034948259024, 32.70941712984822], [-117.15035673064796, 32.71044501991295], [-117.14944647755584, 32.71044891347074]]]}, "properties": {"block_id": "16TH_ST_ISLAND_AV", "neighborhood": "South East Village", "latest_count_date": "2025-01-31", "latest_individuals": 2, "latest_tents": 0.0, "latest_vehicles": 0, "history": [{"date": "2018-01-24", "individuals": 0, "tents": 0.0, "vehicles": 0}, {"date": "2018-02-21", "individuals": 0, "tents": 0.0, "vehicles": 0}, {"date": "2019-01-31", "individuals": 0, "tents": 0.0, "vehicles": 0}, {"date": "2020-01-31", "individuals": 2, "tents": 0.0, "vehicles": 0}, {"date": "2020-02-26", "individuals": 1, "tents": 0.0, "vehicles": 0}, {"date": "2021-01-28", "individuals": 0, "tents": 0.0, "vehicles": 0}, {"date": "2021-02-25", "individuals": 1, "tents": 0.0, "vehicles": 0}, {"date": "2022-01-27", "individuals": 3, "tents": 0.0, "vehicles": 0}, {"date": "2022-03-01", "individuals": 0, "tents": 0.0, "vehicles": 0}, {"date": "2023-01-31", "individuals": 0, "tents": 0.0, "vehicles": 0}, {"date": "2024-01-25", "individuals": 0, "tents": 0.0, "vehicles": 0}, {"date": "2025-01-31", "individuals": 2, "tents": 0.0, "vehicles": 0}], "has_panel_data": true}}, {"type": "Feature", "geometry": {"type": "Polygon", "coordinates": [[[-117.15285298970618, 32.71261458607118], [-117.15283223051628, 32.711540070175246], [-117.15374418376783, 32.711523724080024], [-117.15374421207558, 32.711525340694266], [-117.15374435112999, 32.71153338951761], [-117.15375007356539, 32.71185942346085], [-117.15376326074498, 32.7126106674019], [-117.15285298970618, 32.71261458607118]]]}, "properties": {"block_id": "13TH_ST_G_ST", "neighborhood": "East Village", "latest_count_date": "2025-01-31", "latest_individuals": 0, "latest_tents": 0.0, "latest_vehicles": 0, "history": [{"date": "2018-01-24", "individuals": 7, "tents": 0.0, "vehicles": 0}, {"date": "2018-02-21", "individuals": 4, "tents": 0.0, "vehicles": 0}, {"date": "2019-01-31", "individuals": 10, "tents": 0.0, "vehicles": 0}, {"date": "2020-01-31", "individuals": 3, "tents": 0.0, "vehicles": 0}, {"date": "2020-02-26", "individuals": 0, "tents": 0.0, "vehicles": 0}, {"date": "2021-01-28", "individuals": 2, "tents": 0.0, "vehicles": 0}, {"date": "2021-02-25", "individuals": 6, "tents": 0.0, "vehicles": 0}, {"date": "2022-01-27", "individuals": 0, "tents": 0.0, "vehicles": 0}, {"date": "2022-03-01", "individuals": 3, "tents": 0.0, "vehicles": 0}, {"date": "2023-01-31", "individuals": 0, "tents": 0.0, "vehicles": 0}, {"date": "2024-01-25", "individuals": 0, "tents": 0.0, "vehicles": 0}, {"date": "2025-01-31", "individuals": 0, "tents": 0.0, "vehicles": 0}], "has_panel_data": true}}, {"type": "Feature", "geometry": {"type": "Polygon", "coordinates": [[[-117.15034948259024, 32.70941712984822], [-117.14945213412561, 32.70940993528988], [-117.14943172561185, 32.70836565023136], [-117.15033219867081, 32.708361828026284], [-117.15034948259024, 32.70941712984822]]]}, "properties": {"block_id": "16TH_ST_J_ST", "neighborhood": "South East Village", "latest_count_date": "2025-01-31", "latest_individuals": 5, "latest_tents": 3.0, "latest_vehicles": 0, "history": [{"date": "2018-01-24", "individuals": 15, "tents": 4.0, "vehicles": 0}, {"date": "2018-02-21", "individuals": 13, "tents": 5.0, "vehicles": 0}, {"date": "2019-01-31", "individuals": 14, "tents": 3.0, "vehicles": 0}, {"date": "2020-01-31", "individuals": 10, "tents": 4.0, "vehicles": 0}, {"date": "2020-02-26", "individuals": 6, "tents": 0.0, "vehicles": 0}, {"date": "2021-01-28", "individuals": 2, "tents": 1.0, "vehicles": 0}, {"date": "2021-02-25", "individuals": 8, "tents": 0.0, "vehicles": 0}, {"date": "2022-01-27", "individuals": 5, "tents": 3.0, "vehicles": 0}, {"date": "2022-03-01", "individuals": 8, "tents": 5.0, "vehicles": 0}, {"date": "2023-01-31", "individuals": 0, "tents": 9.0, "vehicles": 0}, {"date": "2024-01-25", "individuals": 5, "tents": 2.0, "vehicles": 0}, {"date": "2025-01-31", "individuals": 5, "tents": 3.0, "vehicles": 0}], "has_panel_data": true}}, {"type": "Feature", "geometry": {"type": "Polygon", "coordinates": [[[-117.15279005129553, 32.70837409328694], [-117.15279653241151, 32.70760995930837], [-117.15279888764661, 32.707332342942294], [-117.15370899144074, 32.707317431473506], [-117.15371280582339, 32.70760324818572], [-117.15372299170185, 32.70836686787686], [-117.15372303349783, 32.70837000833434], [-117.15279005129553, 32.70837409328694]]]}, "properties": {"block_id": "13TH_ST_K_ST", "neighborhood": "South East Village", "latest_count_date": "2025-01-31", "latest_individuals": 0, "latest_tents": 0.0, "latest_vehicles": 0, "history": [{"date": "2018-01-24", "individuals": 6, "tents": 0.0, "vehicles": 0}, {"date": "2018-02-21", "individuals": 12, "tents": 5.0, "vehicles": 0}, {"date": "2019-01-31", "individuals": 0, "tents": 0.0, "vehicles": 0}, {"date": "2020-01-31", "individuals": 8, "tents": 0.0, "vehicles": 0}, {"date": "2020-02-26", "individuals": 12, "tents": 0.0, "vehicles": 0}, {"date": "2021-01-28", "individuals": 0, "tents": 0.0, "vehicles": 0}, {"date": "2021-02-25", "individuals": 0, "tents": 0.0, "vehicles": 0}, {"date": "2022-01-27", "individuals": 6, "tents": 0.0, "vehicles": 0}, {"date": "2022-03-01", "individuals": 6, "tents": 1.0, "vehicles": 0}, {"date": "2023-01-31", "individuals": 4, "tents": 18.0, "vehicles": 0}, {"date": "2024-01-25", "individuals": 20, "tents": 2.0, "vehicles": 0}, {"date": "2025-01-31", "individuals": 0, "tents": 0.0, "vehicles": 0}], "has_panel_data": true}}, {"type": "Feature", "geometry": {"type": "Polygon", "coordinates": [[[-117.15830443826476, 32.70939452473106], [-117.15828574454818, 32.710419861169164], [-117.15738531411463, 32.7104352787619], [-117.15738469345008, 32.7104352887389], [-117.15738452776127, 32.710418260573675], [-117.15737466684683, 32.709395874838755], [-117.15830443826476, 32.70939452473106]]]}, "properties": {"block_id": "08TH_AV_ISLAND_AV", "neighborhood": "South East Village", "latest_count_date": "2025-01-31", "latest_individuals": 1, "latest_tents": 0.0, "latest_vehicles": 0, "history": [{"date": "2018-01-24", "individuals": 0, "tents": 0.0, "vehicles": 0}, {"date": "2018-02-21", "individuals": 0, "tents": 0.0, "vehicles": 0}, {"date": "2019-01-31", "individuals": 0, "tents": 0.0, "vehicles": 0}, {"date": "2020-01-31", "individuals": 0, "tents": 0.0, "vehicles": 0}, {"date": "2020-02-26", "individuals": 0, "tents": 0.0, "vehicles": 0}, {"date": "2021-01-28", "individuals": 0, "tents": 0.0, "vehicles": 0}, {"date": "2021-02-25", "individuals": 0, "tents": 0.0, "vehicles": 0}, {"date": "2022-01-27", "individuals": 0, "tents": 0.0, "vehicles": 0}, {"date": "2022-03-01", "individuals": 1, "tents": 0.0, "vehicles": 0}, {"date": "2023-01-31", "individuals": 0, "tents": 0.0, "vehicles": 0}, {"date": "2024-01-25", "individuals": 0, "tents": 0.0, "vehicles": 0}, {"date": "2025-01-31", "individuals": 1, "tents": 0.0, "vehicles": 0}], "has_panel_data": true}}, {"type": "Feature", "geometry": {"type": "Polygon", "coordinates": [[[-117.15374418376783, 32.711523724080024], [-117.15283223051628, 32.711540070175246], [-117.15282111159098, 32.71045448971431], [-117.15374111263918, 32.71045049620833], [-117.15374418376783, 32.711523724080024]]]}, "properties": {"block_id": "13TH_ST_MARKET_ST", "neighborhood": "South East Village", "latest_count_date": "2025-01-31", "latest_individuals": 5, "latest_tents": 0.0, "latest_vehicles": 0, "history": [{"date": "2018-01-24", "individuals": 6, "tents": 0.0, "vehicles": 0}, {"date": "2018-02-21", "individuals": 8, "tents": 0.0, "vehicles": 0}, {"date": "2019-01-31", "individuals": 5, "tents": 0.0, "vehicles": 0}, {"date": "2020-01-31", "individuals": 8, "tents": 0.0, "vehicles": 0}, {"date": "2020-02-26", "individuals": 5, "tents": 0.0, "vehicles": 0}, {"date": "2021-01-28", "individuals": 0, "tents": 0.0, "vehicles": 0}, {"date": "2021-02-25", "individuals": 2, "tents": 0.0, "vehicles": 0}, {"date": "2022-01-27", "individuals": 4, "tents": 0.0, "vehicles": 1}, {"date": "2022-03-01", "individuals": 6, "tents": 0.0, "vehicles": 1}, {"date": "2023-01-31", "individuals": 6, "tents": 0.0, "vehicles": 0}, {"date": "2024-01-25", "individuals": 1, "tents": 0.0, "vehicles": 0}, {"date": "2025-01-31", "individuals": 5, "tents": 0.0, "vehicles": 0}], "has_panel_data": true}}, {"type": "Feature", "geometry": {"type": "Polygon", "coordinates": [[[-117.15282111159098, 32.71045448971431], [-117.15280402625226, 32.70942117368444], [-117.15373034898423, 32.709400646469156], [-117.15374111263918, 32.71045049620833], [-117.15282111159098, 32.71045448971431]]]}, "properties": {"block_id": "13TH_ST_ISLAND_AV", "neighborhood": "South East Village", "latest_count_date": "2025-01-31", "latest_individuals": 0, "latest_tents": 0.0, "latest_vehicles": 0, "history": [{"date": "2018-01-24", "individuals": 9, "tents": 1.0, "vehicles": 0}, {"date": "2018-02-21", "individuals": 9, "tents": 3.0, "vehicles": 0}, {"date": "2019-01-31", "individuals": 15, "tents": 3.0, "vehicles": 0}, {"date": "2020-01-31", "individuals": 4, "tents": 0.0, "vehicles": 0}, {"date": "2020-02-26", "individuals": 1, "tents": 0.0, "vehicles": 0}, {"date": "2021-01-28", "individuals": 2, "tents": 0.0, "vehicles": 0}, {"date": "2021-02-25", "individuals": 1, "tents": 0.0, "vehicles": 0}, {"date": "2022-01-27", "individuals": 2, "tents": 0.0, "vehicles": 0}, {"date": "2022-03-01", "individuals": 2, "tents": 0.0, "vehicles": 0}, {"date": "2023-01-31", "individuals": 0, "tents": 0.0, "vehicles": 0}, {"date": "2024-01-25", "individuals": 1, "tents": 0.0, "vehicles": 0}, {"date": "2025-01-31", "individuals": 0, "tents": 0.0, "vehicles": 0}], "has_panel_data": true}}, {"type": "Feature", "geometry": {"type": "Polygon", "coordinates": [[[-117.15279005129553, 32.70837409328694], [-117.15372303349783, 32.70837000833434], [-117.15373034898423, 32.709400646469156], [-117.15280402625226, 32.70942117368444], [-117.15279005129553, 32.70837409328694]]]}, "properties": {"block_id": "13TH_ST_J_ST", "neighborhood": "South East Village", "latest_count_date": "2025-01-31", "latest_individuals": 0, "latest_tents": 0.0, "latest_vehicles": 0, "history": [{"date": "2018-01-24", "individuals": 5, "tents": 6.0, "vehicles": 0}, {"date": "2018-02-21", "individuals": 7, "tents": 5.0, "vehicles": 0}, {"date": "2019-01-31", "individuals": 14, "tents": 0.0, "vehicles": 0}, {"date": "2020-01-31", "individuals": 0, "tents": 0.0, "vehicles": 0}, {"date": "2020-02-26", "individuals": 0, "tents": 0.0, "vehicles": 0}, {"date": "2021-01-28", "individuals": 1, "tents": 0.0, "vehicles": 0}, {"date": "2021-02-25", "individuals": 0, "tents": 0.0, "vehicles": 0}, {"date": "2022-01-27", "individuals": 1, "tents": 0.0, "vehicles": 0}, {"date": "2022-03-01", "individuals": 0, "tents": 0.0, "vehicles": 0}, {"date": "2023-01-31", "individuals": 0, "tents": 0.0, "vehicles": 0}, {"date": "2024-01-25", "individuals": 0, "tents": 0.0, "vehicles": 0}, {"date": "2025-01-31", "individuals": 0, "tents": 0.0, "vehicles": 0}], "has_panel_data": true}}, {"type": "Feature", "geometry": {"type": "Polygon", "coordinates": [[[-117.15189703778675, 32.70942506150818], [-117.15191086170962, 32.710458401437556], [-117.1513217323024, 32.71046006096012], [-117.15129968504691, 32.7104601237998], [-117.15068833980207, 32.71044534701651], [-117.15035673064796, 32.71044501991295], [-117.15034948259024, 32.70941712984822], [-117.15189703778675, 32.70942506150818]]]}, "properties": {"block_id": "15TH_ST_ISLAND_AV", "neighborhood": "South East Village", "latest_count_date": "2025-01-31", "latest_individuals": 2, "latest_tents": 0.0, "latest_vehicles": 0, "history": [{"date": "2018-01-24", "individuals": 0, "tents": 0.0, "vehicles": 0}, {"date": "2018-02-21", "individuals": 3, "tents": 0.0, "vehicles": 3}, {"date": "2019-01-31", "individuals": 0, "tents": 0.0, "vehicles": 0}, {"date": "2020-01-31", "individuals": 0, "tents": 0.0, "vehicles": 0}, {"date": "2020-02-26", "individuals": 0, "tents": 0.0, "vehicles": 0}, {"date": "2021-01-28", "individuals": 3, "tents": 1.0, "vehicles": 0}, {"date": "2021-02-25", "individuals": 3, "tents": 2.0, "vehicles": 0}, {"date": "2022-01-27", "individuals": 0, "tents": 0.0, "vehicles": 0}, {"date": "2022-03-01", "individuals": 0, "tents": 0.0, "vehicles": 0}, {"date": "2023-01-31", "individuals": 0, "tents": 0.0, "vehicles": 1}, {"date": "2024-01-25", "individuals": 0, "tents": 0.0, "vehicles": 0}, {"date": "2025-01-31", "individuals": 2, "tents": 0.0, "vehicles": 0}], "has_panel_data": true}}, {"type": "Feature", "geometry": {"type": "Polygon", "coordinates": [[[-117.15188301736512, 32.708372484407015], [-117.15189703778675, 32.70942506150818], [-117.15034948259024, 32.70941712984822], [-117.15033219867081, 32.708361828026284], [-117.15104405168225, 32.708351132001816], [-117.1510505677117, 32.708353140362036], [-117.15106597338914, 32.70835751576434], [-117.15108155669361, 32.70836142547036], [-117.15109728987736, 32.70836486787931], [-117.1511131589926, 32.7083678349774], [-117.15112914374792, 32.70837032420752], [-117.15114522383328, 32.70837233120952], [-117.1511613736339, 32.708373854366855], [-117.1511775846083, 32.7083748928403], [-117.15188301736512, 32.708372484407015]]]}, "properties": {"block_id": "15TH_ST_J_ST", "neighborhood": "South East Village", "latest_count_date": "2025-01-31", "latest_individuals": 2, "latest_tents": 0.0, "latest_vehicles": 0, "history": [{"date": "2018-01-24", "individuals": 1, "tents": 0.0, "vehicles": 0}, {"date": "2018-02-21", "individuals": 3, "tents": 0.0, "vehicles": 1}, {"date": "2019-01-31", "individuals": 6, "tents": 3.0, "vehicles": 0}, {"date": "2020-01-31", "individuals": 3, "tents": 0.0, "vehicles": 0}, {"date": "2020-02-26", "individuals": 5, "tents": 1.0, "vehicles": 0}, {"date": "2021-01-28", "individuals": 6, "tents": 5.0, "vehicles": 0}, {"date": "2021-02-25", "individuals": 1, "tents": 1.0, "vehicles": 0}, {"date": "2022-01-27", "individuals": 11, "tents": 20.0, "vehicles": 0}, {"date": "2022-03-01", "individuals": 7, "tents": 16.0, "vehicles": 0}, {"date": "2023-01-31", "individuals": 1, "tents": 1.0, "vehicles": 0}, {"date": "2024-01-25", "individuals": 0, "tents": 0.0, "vehicles": 0}, {"date": "2025-01-31", "individuals": 2, "tents": 0.0, "vehicles": 0}], "has_panel_data": true}}, {"type": "Feature", "geometry": {"type": "Polygon", "coordinates": [[[-117.16376809985891, 32.71146777348664], [-117.16285784000445, 32.711471766006014], [-117.1628490608292, 32.71040579463183], [-117.16376023881855, 32.710400888140875], [-117.16376189853929, 32.710626124627524], [-117.1637622708753, 32.71067665277302], [-117.16376809985891, 32.71146777348664]]]}, "properties": {"block_id": "02ND_AV_MARKET_ST", "neighborhood": "Marina", "latest_count_date": "2025-01-31", "latest_individuals": 1, "latest_tents": 0.0, "latest_vehicles": 0, "history": [{"date": "2018-01-24", "individuals": 0, "tents": 0.0, "vehicles": 0}, {"date": "2018-02-21", "individuals": 0, "tents": 0.0, "vehicles": 0}, {"date": "2019-01-31", "individuals": 0, "tents": 0.0, "vehicles": 0}, {"date": "2020-01-31", "individuals": 0, "tents": 0.0, "vehicles": 0}, {"date": "2020-02-26", "individuals": 0, "tents": 0.0, "vehicles": 0}, {"date": "2021-01-28", "individuals": 0, "tents": 0.0, "vehicles": 0}, {"date": "2021-02-25", "individuals": 0, "tents": 0.0, "vehicles": 0}, {"date": "2022-01-27", "individuals": 0, "tents": 0.0, "vehicles": 0}, {"date": "2022-03-01", "individuals": 0, "tents": 0.0, "vehicles": 0}, {"date": "2023-01-31", "individuals": 1, "tents": 0.0, "vehicles": 0}, {"date": "2024-01-25", "individuals": 0, "tents": 0.0, "vehicles": 0}, {"date": "2025-01-31", "individuals": 1, "tents": 0.0, "vehicles": 0}], "has_panel_data": true}}, {"type": "Feature", "geometry": {"type": "Polygon", "coordinates": [[[-117.1628490608292, 32.71040579463183], [-117.16285784000445, 32.711471766006014], [-117.16194760956773, 32.71147850009752], [-117.16193660585544, 32.710414906850545], [-117.1628490608292, 32.71040579463183]]]}, "properties": {"block_id": "03RD_AV_MARKET_ST", "neighborhood": "Marina", "latest_count_date": "2025-01-31", "latest_individuals": 1, "latest_tents": 0.0, "latest_vehicles": 0, "history": [{"date": "2018-01-24", "individuals": 0, "tents": 0.0, "vehicles": 0}, {"date": "2018-02-21", "individuals": 4, "tents": 0.0, "vehicles": 0}, {"date": "2019-01-31", "individuals": 1, "tents": 0.0, "vehicles": 0}, {"date": "2020-01-31", "individuals": 1, "tents": 0.0, "vehicles": 0}, {"date": "2020-02-26", "individuals": 1, "tents": 0.0, "vehicles": 0}, {"date": "2021-01-28", "individuals": 0, "tents": 0.0, "vehicles": 0}, {"date": "2021-02-25", "individuals": 4, "tents": 0.0, "vehicles": 0}, {"date": "2022-01-27", "individuals": 0, "tents": 0.0, "vehicles": 0}, {"date": "2022-03-01", "individuals": 0, "tents": 0.0, "vehicles": 0}, {"date": "2023-01-31", "individuals": 0, "tents": 0.0, "vehicles": 0}, {"date": "2024-01-25", "individuals": 0, "tents": 0.0, "vehicles": 0}, {"date": "2025-01-31", "individuals": 1, "tents": 0.0, "vehicles": 0}], "has_panel_data": true}}, {"type": "Feature", "geometry": {"type": "Polygon", "coordinates": [[[-117.16376023881855, 32.710400888140875], [-117.1628490608292, 32.71040579463183], [-117.16284241184059, 32.70952737520363], [-117.16284199308214, 32.70947210694858], [-117.1628414088201, 32.709394986209034], [-117.1628411530384, 32.709361223286884], [-117.16293850879305, 32.709360904801926], [-117.16294696448755, 32.70936087647242], [-117.16300320962311, 32.709360692736425], [-117.16346015450785, 32.70935919544554], [-117.16388033010195, 32.709409915579016], [-117.16384922890235, 32.709465344365064], [-117.1637988666424, 32.70955510269693], [-117.16376048004248, 32.70972130580408], [-117.16376047287596, 32.709721334712924], [-117.16375349379587, 32.70975155599739], [-117.16375410603905, 32.70981051455123], [-117.16376023881855, 32.710400888140875]]]}, "properties": {"block_id": "02ND_AV_ISLAND_AV", "neighborhood": "Marina", "latest_count_date": "2025-01-31", "latest_individuals": 0, "latest_tents": 0.0, "latest_vehicles": 0, "history": [{"date": "2018-01-24", "individuals": 3, "tents": 0.0, "vehicles": 0}, {"date": "2018-02-21", "individuals": 1, "tents": 2.0, "vehicles": 0}, {"date": "2019-01-31", "individuals": 1, "tents": 7.0, "vehicles": 0}, {"date": "2020-01-31", "individuals": 2, "tents": 0.0, "vehicles": 0}, {"date": "2020-02-26", "individuals": 3, "tents": 1.0, "vehicles": 0}, {"date": "2021-01-28", "individuals": 0, "tents": 0.0, "vehicles": 0}, {"date": "2021-02-25", "individuals": 0, "tents": 0.0, "vehicles": 0}, {"date": "2022-01-27", "individuals": 0, "tents": 1.0, "vehicles": 0}, {"date": "2022-03-01", "individuals": 0, "tents": 0.0, "vehicles": 0}, {"date": "2023-01-31", "individuals": 0, "tents": 0.0, "vehicles": 2}, {"date": "2024-01-25", "individuals": 0, "tents": 0.0, "vehicles": 0}, {"date": "2025-01-31", "individuals": 0, "tents": 0.0, "vehicles": 0}], "has_panel_data": true}}, {"type": "Feature", "geometry": {"type": "Polygon", "coordinates": [[[-117.16376809985891, 32.71146777348664], [-117.1637622708753, 32.71067665277302], [-117.16376189853929, 32.710626124627524], [-117.16376023881855, 32.710400888140875], [-117.16467391008439, 32.71040837791915], [-117.16467397382021, 32.710414520111875], [-117.16467721816475, 32.710727175035736], [-117.16467786760718, 32.71078976102282], [-117.16468485002989, 32.71146264311959], [-117.16468486126719, 32.71146372602823], [-117.16437277196131, 32.71146510611201], [-117.16376809985891, 32.71146777348664]]]}, "properties": {"block_id": "01ST_AV_W_MARKET_ST", "neighborhood": "Marina", "latest_count_date": "2025-01-31", "latest_individuals": 0, "latest_tents": 0.0, "latest_vehicles": 0, "history": [{"date": "2018-01-24", "individuals": 0, "tents": 0.0, "vehicles": 0}, {"date": "2018-02-21", "individuals": 0, "tents": 0.0, "vehicles": 0}, {"date": "2019-01-31", "individuals": 0, "tents": 0.0, "vehicles": 0}, {"date": "2020-01-31", "individuals": 0, "tents": 0.0, "vehicles": 0}, {"date": "2020-02-26", "individuals": 0, "tents": 0.0, "vehicles": 0}, {"date": "2021-01-28", "individuals": 0, "tents": 0.0, "vehicles": 0}, {"date": "2021-02-25", "individuals": 0, "tents": 0.0, "vehicles": 0}, {"date": "2022-01-27", "individuals": 0, "tents": 0.0, "vehicles": 0}, {"date": "2022-03-01", "individuals": 0, "tents": 0.0, "vehicles": 0}, {"date": "2023-01-31", "individuals": 0, "tents": 0.0, "vehicles": 0}, {"date": "2024-01-25", "individuals": 0, "tents": 0.0, "vehicles": 0}, {"date": "2025-01-31", "individuals": 0, "tents": 0.0, "vehicles": 0}], "has_panel_data": true}}, {"type": "Feature", "geometry": {"type": "Polygon", "coordinates": [[[-117.16467391008439, 32.71040837791915], [-117.16376023881855, 32.710400888140875], [-117.16375410603905, 32.70981051455123], [-117.16375349379587, 32.70975155599739], [-117.16376047287596, 32.709721334712924], [-117.16376048004248, 32.70972130580408], [-117.1637988666424, 32.70955510269693], [-117.16384922890235, 32.709465344365064], [-117.16388033010195, 32.709409915579016], [-117.16421582732602, 32.7088767638432], [-117.16434660508384, 32.70894254302914], [-117.16505615716315, 32.70933637222717], [-117.16488219229439, 32.70956280530333], [-117.1648704043186, 32.70958007904947], [-117.1648573437461, 32.7096000115525], [-117.16485425259651, 32.70960493094167], [-117.16484470215127, 32.709620131213576], [-117.16484065273802, 32.70962685668598], [-117.1648324741923, 32.70964043717068], [-117.16482985585307, 32.70964497522212], [-117.1648206672227, 32.70966091854862], [-117.16480928549007, 32.70968157351242], [-117.16480633060793, 32.709687188034245], [-117.16479833099675, 32.70970238942294], [-117.16479693911042, 32.70970516719334], [-117.16479325553549, 32.709712509447066], [-117.1647878080183, 32.70972336715039], [-117.16478104350392, 32.70973753860458], [-117.16477772177535, 32.70974449583521], [-117.16476807217464, 32.709765766460805], [-117.16475886245335, 32.70978718261026], [-117.16475010099423, 32.70980872979358], [-117.16474784730497, 32.709814592502354], [-117.16474177598167, 32.709830399982856], [-117.16473614403472, 32.70984599590168], [-117.1647339066226, 32.70985219393744], [-117.16472648423556, 32.70987409729397], [-117.16471951838207, 32.709896106374615], [-117.16471300794915, 32.709918216679014], [-117.1647100580186, 32.70992903781909], [-117.16470695498595, 32.709940420076364], [-117.1647041914431, 32.70995142108394], [-117.164701356209, 32.70996270847538], [-117.16469622435142, 32.70998507546959], [-117.16469155189176, 32.71000751570429], [-117.16468734411627, 32.71003002463164], [-117.16468501928718, 32.7100440396131], [-117.16468360194196, 32.71005258781704], [-117.16468180668619, 32.71006501000155], [-117.164680329598, 32.71007520162221], [-117.1646775873989, 32.71009730561815], [-117.16467751851505, 32.71009786250376], [-117.1646751824834, 32.71012056314547], [-117.16467465666474, 32.7101269378515], [-117.16467330856484, 32.71014329011734], [-117.16467281849482, 32.71015125973945], [-117.1646719053106, 32.7101660451593], [-117.16467097474182, 32.710188817435544], [-117.16467051249924, 32.71021159796101], [-117.16467052067877, 32.710234383113146], [-117.16467100132971, 32.710257164761096], [-117.16467301891052, 32.71029772367142], [-117.16467370915024, 32.7103834633805], [-117.16467391008439, 32.71040837791915]]]}, "properties": {"block_id": "01ST_AV_W_ISLAND_AV", "neighborhood": "Marina", "latest_count_date": "2025-01-31", "latest_individuals": 1, "latest_tents": 0.0, "latest_vehicles": 0, "history": [{"date": "2018-01-24", "individuals": 1, "tents": 2.0, "vehicles": 0}, {"date": "2018-02-21", "individuals": 1, "tents": 0.0, "vehicles": 0}, {"date": "2019-01-31", "individuals": 1, "tents": 0.0, "vehicles": 0}, {"date": "2020-01-31", "individuals": 3, "tents": 0.0, "vehicles": 0}, {"date": "2020-02-26", "individuals": 1, "tents": 0.0, "vehicles": 0}, {"date": "2021-01-28", "individuals": 0, "tents": 0.0, "vehicles": 0}, {"date": "2021-02-25", "individuals": 0, "tents": 0.0, "vehicles": 0}, {"date": "2022-01-27", "individuals": 0, "tents": 0.0, "vehicles": 0}, {"date": "2022-03-01", "individuals": 0, "tents": 1.0, "vehicles": 0}, {"date": "2023-01-31", "individuals": 0, "tents": 0.0, "vehicles": 0}, {"date": "2024-01-25", "individuals": 0, "tents": 0.0, "vehicles": 0}, {"date": "2025-01-31", "individuals": 1, "tents": 0.0, "vehicles": 0}], "has_panel_data": true}}, {"type": "Feature", "geometry": {"type": "Polygon", "coordinates": [[[-117.16650555094944, 32.71147219709353], [-117.16559848593523, 32.71147068637471], [-117.16559846282946, 32.71146928343577], [-117.16558909862455, 32.7109023232003], [-117.16558786592985, 32.71082770058314], [-117.16558103101325, 32.710413868016495], [-117.16558096518979, 32.7104098927251], [-117.16482874944958, 32.71040863703867], [-117.16470454154428, 32.71040842936816], [-117.16468281110772, 32.71040839305908], [-117.16467391008439, 32.71040837791915], [-117.16467370915024, 32.7103834633805], [-117.16467301891052, 32.71029772367142], [-117.16467100132971, 32.710257164761096], [-117.16467052067877, 32.710234383113146], [-117.16467051249924, 32.71021159796101], [-117.16467097474182, 32.710188817435544], [-117.1646719053106, 32.7101660451593], [-117.16467281849482, 32.71015125973945], [-117.16467330856484, 32.71014329011734], [-117.16467465666474, 32.7101269378515], [-117.1646751824834, 32.71012056314547], [-117.16467751851505, 32.71009786250376], [-117.1646775873989, 32.71009730561815], [-117.164680329598, 32.71007520162221], [-117.16468180668619, 32.71006501000155], [-117.16468360194196, 32.71005258781704], [-117.16468501928718, 32.7100440396131], [-117.16468734411627, 32.71003002463164], [-117.16469155189176, 32.71000751570429], [-117.16469622435142, 32.70998507546959], [-117.164701356209, 32.70996270847538], [-117.1647041914431, 32.70995142108394], [-117.16470695498595, 32.709940420076364], [-117.1647100580186, 32.70992903781909], [-117.16471300794915, 32.709918216679014], [-117.16471951838207, 32.709896106374615], [-117.16472648423556, 32.70987409729397], [-117.1647339066226, 32.70985219393744], [-117.16473614403472, 32.70984599590168], [-117.16474177598167, 32.709830399982856], [-117.16474784730497, 32.709814592502354], [-117.16475010099423, 32.70980872979358], [-117.16475886245335, 32.70978718261026], [-117.16476807217464, 32.709765766460805], [-117.16477772177535, 32.70974449583521], [-117.16478104350392, 32.70973753860458], [-117.1647878080183, 32.70972336715039], [-117.16479325553549, 32.709712509447066], [-117.16479693911042, 32.70970516719334], [-117.16479833099675, 32.70970238942294], [-117.16480633060793, 32.709687188034245], [-117.16480928549007, 32.70968157351242], [-117.1648206672227, 32.70966091854862], [-117.16482985585307, 32.70964497522212], [-117.1648324741923, 32.70964043717068], [-117.16484065273802, 32.70962685668598], [-117.16484470215127, 32.709620131213576], [-117.16485425259651, 32.70960493094167], [-117.1648573437461, 32.7096000115525], [-117.1648704043186, 32.70958007904947], [-117.16488219229439, 32.70956280530333], [-117.16505615716315, 32.70933637222717], [-117.16653075826174, 32.710144476918465], [-117.16754311422663, 32.71069874074028], [-117.1682048313323, 32.711061022332366], [-117.16820192213628, 32.71106506756556], [-117.16819334655598, 32.71107674404807], [-117.16818459502834, 32.711088322648266], [-117.16817566759075, 32.71109980697282], [-117.1681665631015, 32.711111189816314], [-117.16815728477906, 32.71112247295819], [-117.16814783365227, 32.71113365278368], [-117.16813820865467, 32.71114472930081], [-117.16812841720484, 32.711155697945564], [-117.1681184582176, 32.7111665569225], [-117.16810833277822, 32.71117730802698], [-117.16809804294456, 32.711187944029724], [-117.16808758983014, 32.71119846943102], [-117.168076979759, 32.71120887696994], [-117.168066202047, 32.71121916492241], [-117.16805527058725, 32.711229335890216], [-117.16804418536104, 32.711239388070034], [-117.16803294521726, 32.71124931335457], [-117.16802155554494, 32.71125911711419], [-117.16801001417338, 32.711268795758095], [-117.16799832530312, 32.711278342942705], [-117.16798649219947, 32.711287764955955], [-117.1679745073121, 32.71129705373822], [-117.167962388791, 32.71130621095792], [-117.1679501312565, 32.711315232146326], [-117.1679377336703, 32.711324120016286], [-117.1679352084398, 32.71132580973997], [-117.16792235362372, 32.71133421948134], [-117.16790930133736, 32.71134241066602], [-117.1679010568242, 32.71134737299713], [-117.16789605899969, 32.71135037873002], [-117.16788263408577, 32.71135812451939], [-117.1678690255198, 32.711365647140305], [-117.16785525128283, 32.7113729320311], [-117.16784129974621, 32.711379989197326], [-117.16782718680481, 32.71138680860152], [-117.16781291779154, 32.711393390203924], [-117.1677984969443, 32.711399731267726], [-117.16778393063437, 32.71140582904026], [-117.16776922522344, 32.71141167986709], [-117.16775438389256, 32.71141728192105], [-117.16773941309737, 32.71142264056458], [-117.16772432009718, 32.711427735905154], [-117.16770910929907, 32.71143258143614], [-117.1676937859984, 32.7114371735111], [-117.16767836290917, 32.71144150391979], [-117.1676628357842, 32.711445574497134], [-117.16764721848861, 32.71144938513999], [-117.16763151631773, 32.71145293220197], [-117.16761573457612, 32.71145621293828], [-117.16759987436811, 32.711459230947746], [-117.16758394736009, 32.71146197983127], [-117.16756796104606, 32.71146446223831], [-117.16755191753111, 32.71146667544798], [-117.16753582852868, 32.71146861756957], [-117.16751969512404, 32.71147029039853], [-117.16750352263138, 32.71147169209178], [-117.16748732383057, 32.711472820750814], [-117.16747110084545, 32.711473675458], [-117.16745486121698, 32.711474263371265], [-117.16743861227978, 32.71147457181155], [-117.16742236052711, 32.71147460974798], [-117.16740610594968, 32.71147437627894], [-117.16738986130865, 32.71147386770252], [-117.16650555094944, 32.71147219709353]]]}, "properties": {"block_id": "FRONT_ST_W_MARKET_ST", "neighborhood": "Marina", "latest_count_date": "2025-01-31", "latest_individuals": 1, "latest_tents": 0.0, "latest_vehicles": 0, "history": [{"date": "2018-01-24", "individuals": 0, "tents": 0.0, "vehicles": 0}, {"date": "2018-02-21", "individuals": 0, "tents": 0.0, "vehicles": 0}, {"date": "2019-01-31", "individuals": 0, "tents": 0.0, "vehicles": 0}, {"date": "2020-01-31", "individuals": 2, "tents": 0.0, "vehicles": 0}, {"date": "2020-02-26", "individuals": 0, "tents": 0.0, "vehicles": 0}, {"date": "2021-01-28", "individuals": 0, "tents": 0.0, "vehicles": 0}, {"date": "2021-02-25", "individuals": 0, "tents": 0.0, "vehicles": 0}, {"date": "2022-01-27", "individuals": 0, "tents": 0.0, "vehicles": 0}, {"date": "2022-03-01", "individuals": 1, "tents": 0.0, "vehicles": 0}, {"date": "2023-01-31", "individuals": 0, "tents": 0.0, "vehicles": 0}, {"date": "2024-01-25", "individuals": 0, "tents": 0.0, "vehicles": 0}, {"date": "2025-01-31", "individuals": 1, "tents": 0.0, "vehicles": 0}], "has_panel_data": true}}, {"type": "Feature", "geometry": {"type": "Polygon", "coordinates": [[[-117.16193660585544, 32.710414906850545], [-117.16191283009006, 32.70937339524532], [-117.16232904759646, 32.70936793895878], [-117.1628411530384, 32.709361223286884], [-117.1628414088201, 32.709394986209034], [-117.16284199308214, 32.70947210694858], [-117.16284241184059, 32.70952737520363], [-117.1628490608292, 32.71040579463183], [-117.16193660585544, 32.710414906850545]]]}, "properties": {"block_id": "03RD_AV_ISLAND_AV", "neighborhood": "Marina", "latest_count_date": "2025-01-31", "latest_individuals": 0, "latest_tents": 0.0, "latest_vehicles": 0, "history": [{"date": "2018-01-24", "individuals": 0, "tents": 0.0, "vehicles": 0}, {"date": "2018-02-21", "individuals": 0, "tents": 0.0, "vehicles": 1}, {"date": "2019-01-31", "individuals": 2, "tents": 0.0, "vehicles": 0}, {"date": "2020-01-31", "individuals": 3, "tents": 0.0, "vehicles": 0}, {"date": "2020-02-26", "individuals": 1, "tents": 0.0, "vehicles": 0}, {"date": "2021-01-28", "individuals": 0, "tents": 0.0, "vehicles": 0}, {"date": "2021-02-25", "individuals": 0, "tents": 0.0, "vehicles": 0}, {"date": "2022-01-27", "individuals": 0, "tents": 0.0, "vehicles": 0}, {"date": "2022-03-01", "individuals": 0, "tents": 0.0, "vehicles": 0}, {"date": "2023-01-31", "individuals": 1, "tents": 0.0, "vehicles": 0}, {"date": "2024-01-25", "individuals": 0, "tents": 0.0, "vehicles": 0}, {"date": "2025-01-31", "individuals": 0, "tents": 0.0, "vehicles": 0}], "has_panel_data": true}}, {"type": "Feature", "geometry": {"type": "Polygon", "coordinates": [[[-117.16467391008439, 32.71040837791915], [-117.16468281110772, 32.71040839305908], [-117.16470454154428, 32.71040842936816], [-117.16482874944958, 32.71040863703867], [-117.16558096518979, 32.7104098927251], [-117.16558103101325, 32.710413868016495], [-117.16558786592985, 32.71082770058314], [-117.16558909862455, 32.7109023232003], [-117.16559846282946, 32.71146928343577], [-117.16559848593523, 32.71147068637471], [-117.16468486126719, 32.71146372602823], [-117.16468485002989, 32.71146264311959], [-117.16467786760718, 32.71078976102282], [-117.16467721816475, 32.710727175035736], [-117.16467397382021, 32.710414520111875], [-117.16467391008439, 32.71040837791915]]]}, "properties": {"block_id": "FRONT_ST_W_MARKET_ST__2", "neighborhood": "Marina", "latest_count_date": "2025-01-31", "latest_individuals": 0, "latest_tents": 0.0, "latest_vehicles": 0, "history": [{"date": "2018-01-24", "individuals": 0, "tents": 0.0, "vehicles": 0}, {"date": "2018-02-21", "individuals": 0, "tents": 0.0, "vehicles": 0}, {"date": "2019-01-31", "individuals": 0, "tents": 0.0, "vehicles": 0}, {"date": "2020-01-31", "individuals": 0, "tents": 0.0, "vehicles": 0}, {"date": "2020-02-26", "individuals": 0, "tents": 0.0, "vehicles": 0}, {"date": "2021-01-28", "individuals": 0, "tents": 0.0, "vehicles": 0}, {"date": "2021-02-25", "individuals": 0, "tents": 0.0, "vehicles": 0}, {"date": "2022-01-27", "individuals": 0, "tents": 0.0, "vehicles": 0}, {"date": "2022-03-01", "individuals": 0, "tents": 0.0, "vehicles": 0}, {"date": "2023-01-31", "individuals": 0, "tents": 0.0, "vehicles": 0}, {"date": "2024-01-25", "individuals": 0, "tents": 0.0, "vehicles": 0}, {"date": "2025-01-31", "individuals": 0, "tents": 0.0, "vehicles": 0}], "has_panel_data": true}}]}