{"type":"FeatureCollection","note":"Get It Done 311 'Encampment' and 'Homeless Outreach' requests, counted per block by the month the request was FILED (date_requested). This is complaint volume, NOT a count of people: one encampment can generate many repeat reports, and reporting rates shift with public attention and policy pushes independently of the underlying population. Never sum with, take a ratio against, or reuse the symbology of the observed individuals/tents/vehicles counts in block_need_heatmap.geojson, which are physical street-count observations.","features":[{"type":"Feature","geometry":{"type":"Polygon","coordinates":[[[-117.158262,32.72297],[-117.157485,32.722973],[-117.157475,32.721992],[-117.158389,32.721985],[-117.158394,32.722823],[-117.158395,32.722837],[-117.158394,32.722851],[-117.158392,32.722864],[-117.158388,32.722877],[-117.158383,32.72289],[-117.158376,32.722903],[-117.158367,32.722914],[-117.158357,32.722925],[-117.158346,32.722935],[-117.158333,32.722944],[-117.15832,32.722952],[-117.158306,32.722958],[-117.158291,32.722964],[-117.158275,32.722968],[-117.158262,32.72297]]]},"properties":{"block_id":"08TH_AV_DATE_ST","neighborhood":"Cortez","total_reports":8,"latest_year":"2025","latest_year_reports":3,"reports_by_year":{"2018":0,"2019":0,"2020":0,"2021":0,"2022":2,"2023":2,"2024":1,"2025":3},"reports_by_month":{"2022-07":1,"2022-12":1,"2023-07":1,"2023-08":1,"2024-07":1,"2025-02":1,"2025-04":1,"2025-09":1},"latest_month":"2025-09"}},{"type":"Feature","geometry":{"type":"Polygon","coordinates":[[[-117.159298,32.721978],[-117.158389,32.721985],[-117.158378,32.720938],[-117.159301,32.720936],[-117.159298,32.721978]]]},"properties":{"block_id":"07TH_AV_CEDAR_ST","neighborhood":"Cortez","total_reports":56,"latest_year":"2025","latest_year_reports":10,"reports_by_year":{"2018":0,"2019":0,"2020":0,"2021":8,"2022":2,"2023":11,"2024":25,"2025":10},"reports_by_month":{"2021-02":1,"2021-04":1,"2021-05":5,"2021-11":1,"2022-05":1,"2022-06":1,"2023-03":5,"2023-04":1,"2023-05":1,"2023-07":1,"2023-08":1,"2023-09":1,"2023-10":1,"2024-03":1,"2024-04":1,"2024-05":3,"2024-08":2,"2024-09":1,"2024-10":6,"2024-11":7,"2024-12":4,"2025-01":1,"2025-02":2,"2025-03":2,"2025-04":4,"2025-08":1},"latest_month":"2025-09"}},{"type":"Feature","geometry":{"type":"Polygon","coordinates":[[[-117.158389,32.721985],[-117.159298,32.721978],[-117.159307,32.722448],[-117.159307,32.722458],[-117.159307,32.722462],[-117.159307,32.722476],[-117.159307,32.722489],[-117.159307,32.722503],[-117.159307,32.722517],[-117.159308,32.722531],[-117.159308,32.722538],[-117.159308,32.722539],[-117.159308,32.722544],[-117.159308,32.722558],[-117.159309,32.722572],[-117.159309,32.722585],[-117.15931,32.722599],[-117.159311,32.722613],[-117.159311,32.722627],[-117.159312,32.72264],[-117.159312,32.722649],[-117.159317,32.722753],[-117.159321,32.722858],[-117.158306,32.722958],[-117.15832,32.722952],[-117.158333,32.722944],[-117.158346,32.722935],[-117.158357,32.722925],[-117.158367,32.722914],[-117.158376,32.722903],[-117.158383,32.72289],[-117.158388,32.722877],[-117.158392,32.722864],[-117.158394,32.722851],[-117.158395,32.722837],[-117.158394,32.722823],[-117.158389,32.721985]]]},"properties":{"block_id":"07TH_AV_I-5_SB","neighborhood":"Cortez","total_reports":95,"latest_year":"2025","latest_year_reports":28,"reports_by_year":{"2018":0,"2019":0,"2020":0,"2021":4,"2022":5,"2023":6,"2024":52,"2025":28},"reports_by_month":{"2021-02":2,"2021-07":1,"2021-12":1,"2022-03":1,"2022-05":2,"2022-07":1,"2022-12":1,"2023-01":1,"2023-07":1,"2023-08":1,"2023-10":1,"2023-12":2,"2024-01":1,"2024-02":1,"2024-03":16,"2024-04":5,"2024-05":12,"2024-06":4,"2024-08":6,"2024-09":6,"2024-10":1,"2025-01":6,"2025-02":7,"2025-03":1,"2025-04":2,"2025-05":3,"2025-06":2,"2025-07":1,"2025-08":4,"2025-09":2},"latest_month":"2025-09"}},{"type":"Feature","geometry":{"type":"Polygon","coordinates":[[[-117.163867,32.723236],[-117.16303,32.722797],[-117.162958,32.722759],[-117.162958,32.722718],[-117.162958,32.722718],[-117.16295,32.72197],[-117.162969,32.721974],[-117.162971,32.721974],[-117.162973,32.721975],[-117.162974,32.721975],[-117.162976,32.721975],[-117.162977,32.721976],[-117.162979,32.721976],[-117.16298,32.721977],[-117.162982,32.721977],[-117.162983,32.721977],[-117.162985,32.721978],[-117.162987,32.721978],[-117.162988,32.721978],[-117.16299,32.721979],[-117.162991,32.721979],[-117.162993,32.72198],[-117.162994,32.72198],[-117.162996,32.72198],[-117.162998,32.721981],[-117.162999,32.721981],[-117.163001,32.721981],[-117.163002,32.721982],[-117.163004,32.721982],[-117.163005,32.721982],[-117.163007,32.721983],[-117.163009,32.721983],[-117.16301,32.721983],[-117.163012,32.721984],[-117.163013,32.721984],[-117.163015,32.721984],[-117.163016,32.721985],[-117.163018,32.721985],[-117.16302,32.721985],[-117.163021,32.721986],[-117.163023,32.721986],[-117.163024,32.721986],[-117.163026,32.721987],[-117.163028,32.721987],[-117.163029,32.721987],[-117.163031,32.721988],[-117.163032,32.721988],[-117.163034,32.721988],[-117.163035,32.721989],[-117.163037,32.721989],[-117.163039,32.721989],[-117.16304,32.721989],[-117.163042,32.72199],[-117.163043,32.72199],[-117.163045,32.72199],[-117.163047,32.721991],[-117.163048,32.721991],[-117.16305,32.721991],[-117.163051,32.721992],[-117.163053,32.721992],[-117.163054,32.721992],[-117.163056,32.721992],[-117.163058,32.721993],[-117.163059,32.721993],[-117.163061,32.721993],[-117.163062,32.721994],[-117.163064,32.721994],[-117.163066,32.721994],[-117.163067,32.721994],[-117.163069,32.721995],[-117.16307,32.721995],[-117.163072,32.721995],[-117.163074,32.721995],[-117.163075,32.721996],[-117.163077,32.721996],[-117.163078,32.721996],[-117.16308,32.721996],[-117.163082,32.721997],[-117.163083,32.721997],[-117.163085,32.721997],[-117.163086,32.721997],[-117.163088,32.721998],[-117.16309,32.721998],[-117.163091,32.721998],[-117.163093,32.721998],[-117.163094,32.721999],[-117.163096,32.721999],[-117.163098,32.721999],[-117.163099,32.721999],[-117.163101,32.722],[-117.163102,32.722],[-117.163103,32.722],[-117.163104,32.722],[-117.163106,32.722],[-117.163107,32.722001],[-117.163109,32.722001],[-117.16311,32.722001],[-117.163112,32.722001],[-117.163114,32.722001],[-117.163115,32.722002],[-117.163117,32.722002],[-117.163118,32.722002],[-117.16312,32.722002],[-117.163122,32.722002],[-117.163123,32.722003],[-117.163125,32.722003],[-117.163126,32.722003],[-117.163128,32.722003],[-117.16313,32.722003],[-117.163131,32.722004],[-117.163133,32.722004],[-117.163135,32.722004],[-117.163136,32.722004],[-117.163138,32.722004],[-117.163139,32.722005],[-117.163141,32.722005],[-117.163143,32.722005],[-117.163144,32.722005],[-117.163146,32.722005],[-117.163147,32.722006],[-117.163149,32.722006],[-117.163151,32.722006],[-117.163152,32.722006],[-117.163154,32.722006],[-117.163155,32.722006],[-117.163157,32.722007],[-117.163159,32.722007],[-117.16316,32.722007],[-117.163162,32.722007],[-117.163164,32.722007],[-117.163165,32.722007],[-117.163167,32.722008],[-117.163168,32.722008],[-117.16317,32.722008],[-117.163172,32.722008],[-117.163173,32.722008],[-117.163175,32.722008],[-117.163176,32.722008],[-117.163178,32.722009],[-117.16318,32.722009],[-117.163181,32.722009],[-117.163183,32.722009],[-117.163185,32.722009],[-117.163186,32.722009],[-117.163188,32.722009],[-117.163189,32.72201],[-117.163191,32.72201],[-117.163193,32.72201],[-117.163194,32.72201],[-117.163196,32.72201],[-117.163198,32.72201],[-117.163199,32.72201],[-117.163201,32.72201],[-117.163202,32.72201],[-117.163204,32.722011],[-117.163206,32.722011],[-117.163207,32.722011],[-117.163209,32.722011],[-117.16321,32.722011],[-117.163212,32.722011],[-117.163214,32.722011],[-117.163215,32.722011],[-117.163217,32.722011],[-117.163219,32.722011],[-117.16322,32.722012],[-117.163222,32.722012],[-117.163223,32.722012],[-117.163225,32.722012],[-117.163227,32.722012],[-117.163228,32.722012],[-117.16323,32.722012],[-117.163232,32.722012],[-117.163233,32.722012],[-117.163235,32.722012],[-117.163236,32.722012],[-117.163238,32.722012],[-117.16324,32.722013],[-117.163241,32.722013],[-117.163243,32.722013],[-117.163245,32.722013],[-117.163246,32.722013],[-117.163248,32.722013],[-117.163249,32.722013],[-117.163251,32.722013],[-117.163253,32.722013],[-117.163254,32.722013],[-117.163256,32.722013],[-117.163258,32.722013],[-117.163259,32.722013],[-117.163261,32.722013],[-117.163262,32.722013],[-117.163264,32.722013],[-117.163266,32.722013],[-117.163267,32.722013],[-117.163269,32.722013],[-117.163271,32.722014],[-117.163272,32.722014],[-117.163274,32.722014],[-117.163275,32.722014],[-117.163277,32.722014],[-117.163279,32.722014],[-117.16328,32.722014],[-117.163282,32.722014],[-117.163284,32.722014],[-117.163285,32.722014],[-117.163287,32.722014],[-117.163288,32.722014],[-117.16329,32.722014],[-117.163292,32.722014],[-117.163293,32.722014],[-117.163295,32.722014],[-117.163297,32.722014],[-117.163533,32.722011],[-117.163828,32.722007],[-117.163858,32.722007],[-117.163858,32.722007],[-117.163861,32.722645],[-117.163864,32.722936],[-117.163867,32.723236]]]},"properties":{"block_id":"02ND_AV_I-5_SB","neighborhood":"Cortez","total_reports":339,"latest_year":"2025","latest_year_reports":53,"reports_by_year":{"2018":0,"2019":0,"2020":7,"2021":25,"2022":77,"2023":56,"2024":121,"2025":53},"reports_by_month":{"2020-01":1,"2020-08":2,"2020-11":1,"2020-12":3,"2021-01":1,"2021-02":8,"2021-03":2,"2021-04":1,"2021-06":4,"2021-08":6,"2021-11":2,"2021-12":1,"2022-01":2,"2022-02":1,"2022-03":3,"2022-04":1,"2022-05":10,"2022-06":9,"2022-07":6,"2022-08":9,"2022-09":9,"2022-10":7,"2022-11":12,"2022-12":8,"2023-01":5,"2023-02":2,"2023-03":9,"2023-04":2,"2023-05":3,"2023-06":2,"2023-07":3,"2023-08":5,"2023-09":5,"2023-10":7,"2023-11":4,"2023-12":9,"2024-01":15,"2024-02":15,"2024-03":9,"2024-04":21,"2024-05":1,"2024-06":21,"2024-07":18,"2024-08":6,"2024-09":3,"2024-10":6,"2024-11":4,"2024-12":2,"2025-01":2,"2025-02":21,"2025-03":7,"2025-04":6,"2025-05":5,"2025-06":4,"2025-07":2,"2025-08":4,"2025-09":2},"latest_month":"2025-09"}},{"type":"Feature","geometry":{"type":"Polygon","coordinates":[[[-117.16295,32.72197],[-117.162037,32.72198],[-117.162032,32.72093],[-117.162943,32.720926],[-117.16295,32.72197]]]},"properties":{"block_id":"03RD_AV_CEDAR_ST","neighborhood":"Cortez","total_reports":429,"latest_year":"2025","latest_year_reports":304,"reports_by_year":{"2018":0,"2019":1,"2020":3,"2021":6,"2022":17,"2023":17,"2024":81,"2025":304},"reports_by_month":{"2019-12":1,"2020-06":1,"2020-08":1,"2020-10":1,"2021-02":1,"2021-04":1,"2021-10":2,"2021-11":2,"2022-01":1,"2022-02":2,"2022-03":1,"2022-05":6,"2022-06":5,"2022-08":2,"2023-01":1,"2023-02":2,"2023-04":1,"2023-06":1,"2023-07":2,"2023-08":2,"2023-10":5,"2023-11":1,"2023-12":2,"2024-01":2,"2024-02":1,"2024-03":8,"2024-05":2,"2024-06":6,"2024-07":3,"2024-08":22,"2024-09":9,"2024-10":8,"2024-11":10,"2024-12":10,"2025-01":25,"2025-02":34,"2025-03":47,"2025-04":48,"2025-05":60,"2025-06":33,"2025-07":26,"2025-08":16,"2025-09":15},"latest_month":"2025-09"}},{"type":"Feature","geometry":{"type":"Polygon","coordinates":[[[-117.162037,32.72198],[-117.16295,32.72197],[-117.162958,32.722718],[-117.162958,32.722718],[-117.162958,32.722759],[-117.16248,32.722662],[-117.162046,32.722574],[-117.162037,32.72198]]]},"properties":{"block_id":"03RD_AV_I-5_SB","neighborhood":"Cortez","total_reports":199,"latest_year":"2025","latest_year_reports":12,"reports_by_year":{"2018":1,"2019":0,"2020":0,"2021":16,"2022":25,"2023":99,"2024":46,"2025":12},"reports_by_month":{"2018-09":1,"2021-02":3,"2021-04":5,"2021-05":4,"2021-06":2,"2021-08":1,"2021-11":1,"2022-01":2,"2022-02":1,"2022-03":3,"2022-04":3,"2022-05":4,"2022-07":4,"2022-08":2,"2022-10":4,"2022-11":2,"2023-01":4,"2023-02":1,"2023-03":5,"2023-04":4,"2023-05":19,"2023-06":7,"2023-07":10,"2023-08":13,"2023-09":10,"2023-10":9,"2023-11":5,"2023-12":12,"2024-01":9,"2024-02":12,"2024-03":3,"2024-04":6,"2024-05":2,"2024-06":3,"2024-07":3,"2024-08":3,"2024-09":1,"2024-10":1,"2024-11":1,"2024-12":2,"2025-02":3,"2025-03":3,"2025-04":1,"2025-05":2,"2025-06":2,"2025-07":1},"latest_month":"2025-09"}},{"type":"Feature","geometry":{"type":"Polygon","coordinates":[[[-117.16295,32.72197],[-117.162943,32.720926],[-117.163856,32.720922],[-117.163857,32.721962],[-117.163858,32.722007],[-117.163828,32.722007],[-117.163533,32.722011],[-117.163297,32.722014],[-117.163295,32.722014],[-117.163293,32.722014],[-117.163292,32.722014],[-117.16329,32.722014],[-117.163288,32.722014],[-117.163287,32.722014],[-117.163285,32.722014],[-117.163284,32.722014],[-117.163282,32.722014],[-117.16328,32.722014],[-117.163279,32.722014],[-117.163277,32.722014],[-117.163275,32.722014],[-117.163274,32.722014],[-117.163272,32.722014],[-117.163271,32.722014],[-117.163269,32.722013],[-117.163267,32.722013],[-117.163266,32.722013],[-117.163264,32.722013],[-117.163262,32.722013],[-117.163261,32.722013],[-117.163259,32.722013],[-117.163258,32.722013],[-117.163256,32.722013],[-117.163254,32.722013],[-117.163253,32.722013],[-117.163251,32.722013],[-117.163249,32.722013],[-117.163248,32.722013],[-117.163246,32.722013],[-117.163245,32.722013],[-117.163243,32.722013],[-117.163241,32.722013],[-117.16324,32.722013],[-117.163238,32.722012],[-117.163236,32.722012],[-117.163235,32.722012],[-117.163233,32.722012],[-117.163232,32.722012],[-117.16323,32.722012],[-117.163228,32.722012],[-117.163227,32.722012],[-117.163225,32.722012],[-117.163223,32.722012],[-117.163222,32.722012],[-117.16322,32.722012],[-117.163219,32.722011],[-117.163217,32.722011],[-117.163215,32.722011],[-117.163214,32.722011],[-117.163212,32.722011],[-117.16321,32.722011],[-117.163209,32.722011],[-117.163207,32.722011],[-117.163206,32.722011],[-117.163204,32.722011],[-117.163202,32.72201],[-117.163201,32.72201],[-117.163199,32.72201],[-117.163198,32.72201],[-117.163196,32.72201],[-117.163194,32.72201],[-117.163193,32.72201],[-117.163191,32.72201],[-117.163189,32.72201],[-117.163188,32.722009],[-117.163186,32.722009],[-117.163185,32.722009],[-117.163183,32.722009],[-117.163181,32.722009],[-117.16318,32.722009],[-117.163178,32.722009],[-117.163176,32.722008],[-117.163175,32.722008],[-117.163173,32.722008],[-117.163172,32.722008],[-117.16317,32.722008],[-117.163168,32.722008],[-117.163167,32.722008],[-117.163165,32.722007],[-117.163164,32.722007],[-117.163162,32.722007],[-117.16316,32.722007],[-117.163159,32.722007],[-117.163157,32.722007],[-117.163155,32.722006],[-117.163154,32.722006],[-117.163152,32.722006],[-117.163151,32.722006],[-117.163149,32.722006],[-117.163147,32.722006],[-117.163146,32.722005],[-117.163144,32.722005],[-117.163143,32.722005],[-117.163141,32.722005],[-117.163139,32.722005],[-117.163138,32.722004],[-117.163136,32.722004],[-117.163135,32.722004],[-117.163133,32.722004],[-117.163131,32.722004],[-117.16313,32.722003],[-117.163128,32.722003],[-117.163126,32.722003],[-117.163125,32.722003],[-117.163123,32.722003],[-117.163122,32.722002],[-117.16312,32.722002],[-117.163118,32.722002],[-117.163117,32.722002],[-117.163115,32.722002],[-117.163114,32.722001],[-117.163112,32.722001],[-117.16311,32.722001],[-117.163109,32.722001],[-117.163107,32.722001],[-117.163106,32.722],[-117.163104,32.722],[-117.163103,32.722],[-117.163102,32.722],[-117.163101,32.722],[-117.163099,32.721999],[-117.163098,32.721999],[-117.163096,32.721999],[-117.163094,32.721999],[-117.163093,32.721998],[-117.163091,32.721998],[-117.16309,32.721998],[-117.163088,32.721998],[-117.163086,32.721997],[-117.163085,32.721997],[-117.163083,32.721997],[-117.163082,32.721997],[-117.16308,32.721996],[-117.163078,32.721996],[-117.163077,32.721996],[-117.163075,32.721996],[-117.163074,32.721995],[-117.163072,32.721995],[-117.16307,32.721995],[-117.163069,32.721995],[-117.163067,32.721994],[-117.163066,32.721994],[-117.163064,32.721994],[-117.163062,32.721994],[-117.163061,32.721993],[-117.163059,32.721993],[-117.163058,32.721993],[-117.163056,32.721992],[-117.163054,32.721992],[-117.163053,32.721992],[-117.163051,32.721992],[-117.16305,32.721991],[-117.163048,32.721991],[-117.163047,32.721991],[-117.163045,32.72199],[-117.163043,32.72199],[-117.163042,32.72199],[-117.16304,32.721989],[-117.163039,32.721989],[-117.163037,32.721989],[-117.163035,32.721989],[-117.163034,32.721988],[-117.163032,32.721988],[-117.163031,32.721988],[-117.163029,32.721987],[-117.163028,32.721987],[-117.163026,32.721987],[-117.163024,32.721986],[-117.163023,32.721986],[-117.163021,32.721986],[-117.16302,32.721985],[-117.163018,32.721985],[-117.163016,32.721985],[-117.163015,32.721984],[-117.163013,32.721984],[-117.163012,32.721984],[-117.16301,32.721983],[-117.163009,32.721983],[-117.163007,32.721983],[-117.163005,32.721982],[-117.163004,32.721982],[-117.163002,32.721982],[-117.163001,32.721981],[-117.162999,32.721981],[-117.162998,32.721981],[-117.162996,32.72198],[-117.162994,32.72198],[-117.162993,32.72198],[-117.162991,32.721979],[-117.16299,32.721979],[-117.162988,32.721978],[-117.162987,32.721978],[-117.162985,32.721978],[-117.162983,32.721977],[-117.162982,32.721977],[-117.16298,32.721977],[-117.162979,32.721976],[-117.162977,32.721976],[-117.162976,32.721975],[-117.162974,32.721975],[-117.162973,32.721975],[-117.162971,32.721974],[-117.162969,32.721974],[-117.16295,32.72197]]]},"properties":{"block_id":"02ND_AV_CEDAR_ST","neighborhood":"Cortez","total_reports":186,"latest_year":"2025","latest_year_reports":38,"reports_by_year":{"2018":0,"2019":3,"2020":18,"2021":27,"2022":25,"2023":13,"2024":62,"2025":38},"reports_by_month":{"2019-01":1,"2019-06":1,"2019-11":1,"2020-01":2,"2020-05":1,"2020-06":1,"2020-08":3,"2020-09":1,"2020-10":4,"2020-11":1,"2020-12":5,"2021-01":3,"2021-02":18,"2021-03":1,"2021-04":1,"2021-07":1,"2021-08":1,"2021-09":2,"2022-01":4,"2022-03":1,"2022-05":6,"2022-06":6,"2022-07":1,"2022-08":2,"2022-09":3,"2022-11":1,"2022-12":1,"2023-01":3,"2023-03":1,"2023-05":1,"2023-06":1,"2023-08":1,"2023-09":3,"2023-10":1,"2023-12":2,"2024-01":2,"2024-02":2,"2024-03":4,"2024-04":4,"2024-05":10,"2024-06":11,"2024-07":8,"2024-08":8,"2024-09":4,"2024-10":1,"2024-11":2,"2024-12":6,"2025-01":1,"2025-02":7,"2025-03":7,"2025-04":10,"2025-05":2,"2025-06":3,"2025-07":5,"2025-08":1,"2025-09":2},"latest_month":"2025-09"}},{"type":"Feature","geometry":{"type":"Polygon","coordinates":[[[-117.160213,32.721988],[-117.159298,32.721978],[-117.159301,32.720936],[-117.160202,32.720935],[-117.160213,32.721988]]]},"properties":{"block_id":"06TH_AV_CEDAR_ST","neighborhood":"Cortez","total_reports":120,"latest_year":"2025","latest_year_reports":52,"reports_by_year":{"2018":0,"2019":0,"2020":1,"2021":1,"2022":12,"2023":10,"2024":44,"2025":52},"reports_by_month":{"2020-10":1,"2021-10":1,"2022-05":4,"2022-06":3,"2022-07":2,"2022-08":2,"2022-10":1,"2023-01":1,"2023-03":1,"2023-04":4,"2023-09":1,"2023-10":1,"2023-12":2,"2024-01":1,"2024-02":1,"2024-03":1,"2024-04":4,"2024-05":2,"2024-07":4,"2024-08":2,"2024-09":5,"2024-10":16,"2024-11":2,"2024-12":6,"2025-01":6,"2025-02":4,"2025-03":8,"2025-04":1,"2025-05":3,"2025-06":7,"2025-07":5,"2025-08":8,"2025-09":10},"latest_month":"2025-09"}},{"type":"Feature","geometry":{"type":"Polygon","coordinates":[[[-117.159298,32.721978],[-117.160213,32.721988],[-117.160217,32.722351],[-117.160219,32.722617],[-117.159321,32.722858],[-117.159317,32.722753],[-117.159312,32.722649],[-117.159312,32.72264],[-117.159311,32.722627],[-117.159311,32.722613],[-117.15931,32.722599],[-117.159309,32.722585],[-117.159309,32.722572],[-117.159308,32.722558],[-117.159308,32.722544],[-117.159308,32.722539],[-117.159308,32.722538],[-117.159308,32.722531],[-117.159307,32.722517],[-117.159307,32.722503],[-117.159307,32.722489],[-117.159307,32.722476],[-117.159307,32.722462],[-117.159307,32.722458],[-117.159307,32.722448],[-117.159298,32.721978]]]},"properties":{"block_id":"06TH_AV_I-5_SB","neighborhood":"Cortez","total_reports":190,"latest_year":"2025","latest_year_reports":46,"reports_by_year":{"2018":0,"2019":0,"2020":4,"2021":11,"2022":14,"2023":37,"2024":78,"2025":46},"reports_by_month":{"2020-03":1,"2020-05":1,"2020-06":1,"2020-10":1,"2021-02":4,"2021-04":4,"2021-05":1,"2021-08":1,"2021-09":1,"2022-01":1,"2022-02":1,"2022-03":2,"2022-06":3,"2022-07":1,"2022-11":4,"2022-12":2,"2023-03":3,"2023-04":1,"2023-05":5,"2023-06":3,"2023-07":2,"2023-08":3,"2023-09":2,"2023-10":15,"2023-11":1,"2023-12":2,"2024-01":1,"2024-02":6,"2024-03":8,"2024-04":1,"2024-05":3,"2024-07":7,"2024-08":10,"2024-09":19,"2024-10":19,"2024-11":1,"2024-12":3,"2025-01":1,"2025-02":2,"2025-03":3,"2025-04":2,"2025-06":10,"2025-07":6,"2025-08":9,"2025-09":13},"latest_month":"2025-09"}},{"type":"Feature","geometry":{"type":"Polygon","coordinates":[[[-117.160213,32.721988],[-117.160202,32.720935],[-117.161129,32.720934],[-117.161139,32.721987],[-117.160213,32.721988]]]},"properties":{"block_id":"05TH_AV_CEDAR_ST","neighborhood":"Cortez","total_reports":275,"latest_year":"2025","latest_year_reports":61,"reports_by_year":{"2018":2,"2019":2,"2020":28,"2021":27,"2022":21,"2023":68,"2024":66,"2025":61},"reports_by_month":{"2018-12":2,"2019-12":2,"2020-01":6,"2020-02":1,"2020-03":1,"2020-05":6,"2020-06":6,"2020-07":5,"2020-09":1,"2020-10":2,"2021-01":1,"2021-04":1,"2021-05":1,"2021-06":1,"2021-07":8,"2021-08":1,"2021-09":4,"2021-10":2,"2021-11":5,"2021-12":3,"2022-02":2,"2022-03":1,"2022-05":2,"2022-06":1,"2022-07":3,"2022-08":3,"2022-09":1,"2022-10":8,"2023-01":2,"2023-02":2,"2023-03":4,"2023-04":1,"2023-05":1,"2023-06":4,"2023-07":2,"2023-08":5,"2023-09":18,"2023-10":21,"2023-11":3,"2023-12":5,"2024-01":4,"2024-02":5,"2024-03":6,"2024-04":5,"2024-05":8,"2024-06":4,"2024-07":7,"2024-08":8,"2024-09":8,"2024-10":5,"2024-11":1,"2024-12":5,"2025-01":6,"2025-02":10,"2025-03":6,"2025-05":10,"2025-06":7,"2025-07":10,"2025-08":11,"2025-09":1},"latest_month":"2025-09"}},{"type":"Feature","geometry":{"type":"Polygon","coordinates":[[[-117.160194,32.719899],[-117.160202,32.720935],[-117.159301,32.720936],[-117.159297,32.719895],[-117.160194,32.719899]]]},"properties":{"block_id":"06TH_AV_BEECH_ST","neighborhood":"Cortez","total_reports":66,"latest_year":"2025","latest_year_reports":10,"reports_by_year":{"2018":0,"2019":0,"2020":2,"2021":0,"2022":13,"2023":17,"2024":24,"2025":10},"reports_by_month":{"2020-09":1,"2020-11":1,"2022-01":1,"2022-05":6,"2022-06":5,"2022-08":1,"2023-02":4,"2023-03":9,"2023-04":1,"2023-06":2,"2023-11":1,"2024-01":2,"2024-02":1,"2024-03":4,"2024-04":1,"2024-07":5,"2024-09":5,"2024-10":5,"2024-11":1,"2025-03":1,"2025-04":1,"2025-06":4,"2025-07":3,"2025-09":1},"latest_month":"2025-09"}},{"type":"Feature","geometry":{"type":"Polygon","coordinates":[[[-117.160202,32.720935],[-117.160194,32.719899],[-117.161118,32.719903],[-117.161129,32.720934],[-117.160202,32.720935]]]},"properties":{"block_id":"05TH_AV_BEECH_ST","neighborhood":"Cortez","total_reports":54,"latest_year":"2025","latest_year_reports":15,"reports_by_year":{"2018":0,"2019":0,"2020":7,"2021":2,"2022":5,"2023":3,"2024":22,"2025":15},"reports_by_month":{"2020-01":1,"2020-04":1,"2020-05":2,"2020-10":2,"2020-11":1,"2021-04":1,"2021-07":1,"2022-01":1,"2022-02":1,"2022-03":1,"2022-05":2,"2023-02":1,"2023-06":1,"2023-09":1,"2024-03":3,"2024-04":2,"2024-05":2,"2024-06":2,"2024-07":4,"2024-08":3,"2024-11":1,"2024-12":5,"2025-01":2,"2025-03":1,"2025-04":1,"2025-05":2,"2025-07":2,"2025-08":6,"2025-09":1},"latest_month":"2025-09"}},{"type":"Feature","geometry":{"type":"Polygon","coordinates":[[[-117.162037,32.72198],[-117.161139,32.721987],[-117.161129,32.720934],[-117.162032,32.72093],[-117.162037,32.72198]]]},"properties":{"block_id":"04TH_AV_CEDAR_ST","neighborhood":"Cortez","total_reports":392,"latest_year":"2025","latest_year_reports":153,"reports_by_year":{"2018":0,"2019":4,"2020":24,"2021":14,"2022":52,"2023":23,"2024":122,"2025":153},"reports_by_month":{"2019-04":1,"2019-09":3,"2020-01":2,"2020-02":4,"2020-03":3,"2020-05":1,"2020-06":2,"2020-07":8,"2020-08":1,"2020-09":3,"2021-04":1,"2021-09":1,"2021-10":9,"2021-11":2,"2021-12":1,"2022-01":2,"2022-02":6,"2022-03":8,"2022-04":12,"2022-05":15,"2022-06":6,"2022-10":1,"2022-11":2,"2023-01":11,"2023-02":8,"2023-06":1,"2023-10":3,"2024-01":4,"2024-02":8,"2024-03":13,"2024-04":7,"2024-05":32,"2024-06":11,"2024-07":11,"2024-08":11,"2024-09":10,"2024-10":7,"2024-11":4,"2024-12":4,"2025-01":13,"2025-02":12,"2025-03":12,"2025-04":8,"2025-05":17,"2025-06":56,"2025-07":13,"2025-08":18,"2025-09":4},"latest_month":"2025-09"}},{"type":"Feature","geometry":{"type":"Polygon","coordinates":[[[-117.161139,32.721987],[-117.162037,32.72198],[-117.162046,32.722574],[-117.162046,32.722574],[-117.161142,32.722534],[-117.161142,32.722533],[-117.161139,32.721987]]]},"properties":{"block_id":"04TH_AV_I-5_SB","neighborhood":"Cortez","total_reports":149,"latest_year":"2025","latest_year_reports":14,"reports_by_year":{"2018":0,"2019":1,"2020":0,"2021":1,"2022":0,"2023":112,"2024":21,"2025":14},"reports_by_month":{"2019-01":1,"2021-04":1,"2023-01":1,"2023-02":4,"2023-04":4,"2023-05":5,"2023-06":8,"2023-07":10,"2023-08":17,"2023-09":29,"2023-10":26,"2023-11":6,"2023-12":2,"2024-01":1,"2024-02":4,"2024-04":1,"2024-05":2,"2024-07":4,"2024-09":2,"2024-10":1,"2024-12":6,"2025-03":2,"2025-04":6,"2025-05":2,"2025-06":1,"2025-07":2,"2025-08":1},"latest_month":"2025-09"}},{"type":"Feature","geometry":{"type":"Polygon","coordinates":[[[-117.162939,32.719895],[-117.162943,32.720926],[-117.162032,32.72093],[-117.162031,32.719899],[-117.162939,32.719895]]]},"properties":{"block_id":"03RD_AV_BEECH_ST","neighborhood":"Cortez","total_reports":240,"latest_year":"2025","latest_year_reports":42,"reports_by_year":{"2018":0,"2019":0,"2020":17,"2021":6,"2022":28,"2023":17,"2024":130,"2025":42},"reports_by_month":{"2020-06":2,"2020-09":1,"2020-10":8,"2020-11":4,"2020-12":2,"2021-01":1,"2021-02":1,"2021-06":2,"2021-08":1,"2021-09":1,"2022-02":1,"2022-03":2,"2022-04":5,"2022-05":12,"2022-06":6,"2022-07":1,"2022-10":1,"2023-01":1,"2023-02":1,"2023-05":1,"2023-07":2,"2023-10":9,"2023-11":2,"2023-12":1,"2024-01":1,"2024-02":4,"2024-03":4,"2024-04":2,"2024-05":13,"2024-06":12,"2024-07":18,"2024-08":17,"2024-09":25,"2024-10":10,"2024-11":14,"2024-12":10,"2025-01":6,"2025-02":7,"2025-04":2,"2025-05":9,"2025-06":9,"2025-07":3,"2025-08":2,"2025-09":4},"latest_month":"2025-09"}},{"type":"Feature","geometry":{"type":"Polygon","coordinates":[[[-117.162943,32.720926],[-117.162939,32.719895],[-117.163852,32.719891],[-117.163856,32.720922],[-117.162943,32.720926]]]},"properties":{"block_id":"02ND_AV_BEECH_ST","neighborhood":"Cortez","total_reports":329,"latest_year":"2025","latest_year_reports":12,"reports_by_year":{"2018":0,"2019":0,"2020":33,"2021":35,"2022":27,"2023":26,"2024":196,"2025":12},"reports_by_month":{"2020-01":1,"2020-05":1,"2020-06":2,"2020-08":1,"2020-09":1,"2020-10":12,"2020-11":12,"2020-12":3,"2021-01":12,"2021-02":12,"2021-03":5,"2021-06":2,"2021-07":3,"2021-10":1,"2022-01":4,"2022-02":2,"2022-03":3,"2022-05":2,"2022-06":1,"2022-08":4,"2022-09":8,"2022-10":3,"2023-01":2,"2023-05":2,"2023-08":2,"2023-09":6,"2023-10":12,"2023-11":1,"2023-12":1,"2024-02":12,"2024-03":6,"2024-04":4,"2024-05":7,"2024-06":42,"2024-07":29,"2024-08":23,"2024-09":29,"2024-10":29,"2024-11":8,"2024-12":7,"2025-01":1,"2025-04":2,"2025-06":5,"2025-07":1,"2025-08":1,"2025-09":2},"latest_month":"2025-09"}},{"type":"Feature","geometry":{"type":"Polygon","coordinates":[[[-117.162939,32.719895],[-117.162031,32.719899],[-117.162027,32.718841],[-117.162931,32.718834],[-117.162939,32.719895]]]},"properties":{"block_id":"03RD_AV_ASH_ST","neighborhood":"Cortez","total_reports":418,"latest_year":"2025","latest_year_reports":15,"reports_by_year":{"2018":1,"2019":0,"2020":0,"2021":4,"2022":73,"2023":34,"2024":291,"2025":15},"reports_by_month":{"2018-08":1,"2021-03":2,"2021-06":1,"2021-09":1,"2022-03":1,"2022-05":5,"2022-06":5,"2022-07":20,"2022-08":19,"2022-09":15,"2022-10":7,"2022-11":1,"2023-02":1,"2023-03":1,"2023-06":3,"2023-07":3,"2023-08":7,"2023-09":10,"2023-10":7,"2023-11":2,"2024-01":21,"2024-02":17,"2024-03":55,"2024-04":58,"2024-05":46,"2024-06":16,"2024-07":36,"2024-08":18,"2024-09":13,"2024-10":2,"2024-11":9,"2025-01":1,"2025-02":1,"2025-03":2,"2025-05":5,"2025-06":2,"2025-07":4},"latest_month":"2025-09"}},{"type":"Feature","geometry":{"type":"Polygon","coordinates":[[[-117.159297,32.719895],[-117.159301,32.720936],[-117.158378,32.720938],[-117.15837,32.719891],[-117.159297,32.719895]]]},"properties":{"block_id":"07TH_AV_BEECH_ST","neighborhood":"Cortez","total_reports":20,"latest_year":"2025","latest_year_reports":4,"reports_by_year":{"2018":0,"2019":0,"2020":0,"2021":0,"2022":4,"2023":3,"2024":9,"2025":4},"reports_by_month":{"2022-03":1,"2022-06":1,"2022-07":1,"2022-09":1,"2023-04":1,"2023-07":1,"2023-12":1,"2024-01":1,"2024-02":1,"2024-12":7,"2025-03":1,"2025-04":2,"2025-08":1},"latest_month":"2025-09"}},{"type":"Feature","geometry":{"type":"Polygon","coordinates":[[[-117.157475,32.721992],[-117.157485,32.722973],[-117.156578,32.722977],[-117.156577,32.722876],[-117.156574,32.722461],[-117.156574,32.722379],[-117.156571,32.721995],[-117.157475,32.721992]]]},"properties":{"block_id":"09TH_AV_DATE_ST","neighborhood":"Cortez","total_reports":11,"latest_year":"2025","latest_year_reports":1,"reports_by_year":{"2018":0,"2019":0,"2020":1,"2021":4,"2022":2,"2023":2,"2024":1,"2025":1},"reports_by_month":{"2020-02":1,"2021-03":1,"2021-04":2,"2021-10":1,"2022-07":1,"2022-11":1,"2023-03":1,"2023-07":1,"2024-09":1,"2025-08":1},"latest_month":"2025-09"}},{"type":"Feature","geometry":{"type":"Polygon","coordinates":[[[-117.163867,32.723236],[-117.163864,32.722936],[-117.163861,32.722645],[-117.163858,32.722007],[-117.163858,32.722007],[-117.163858,32.722007],[-117.163863,32.722006],[-117.163912,32.722004],[-117.163958,32.721999],[-117.164087,32.72199],[-117.164476,32.721961],[-117.164477,32.721961],[-117.164479,32.721961],[-117.16448,32.721961],[-117.164482,32.721961],[-117.164483,32.721961],[-117.164485,32.721961],[-117.164487,32.721961],[-117.164488,32.721961],[-117.16449,32.721961],[-117.164492,32.721961],[-117.164493,32.721961],[-117.164495,32.721961],[-117.164496,32.721961],[-117.164498,32.721961],[-117.1645,32.721961],[-117.164501,32.721961],[-117.164503,32.72196],[-117.164504,32.72196],[-117.164506,32.72196],[-117.164508,32.72196],[-117.164509,32.72196],[-117.164511,32.72196],[-117.164513,32.72196],[-117.164514,32.72196],[-117.164516,32.72196],[-117.164517,32.72196],[-117.164519,32.72196],[-117.164521,32.72196],[-117.164522,32.72196],[-117.164524,32.72196],[-117.164526,32.72196],[-117.164527,32.72196],[-117.164529,32.72196],[-117.16453,32.72196],[-117.164532,32.72196],[-117.164534,32.72196],[-117.164535,32.72196],[-117.164537,32.72196],[-117.164539,32.72196],[-117.16454,32.72196],[-117.164542,32.721959],[-117.164543,32.721959],[-117.164545,32.721959],[-117.164547,32.721959],[-117.164548,32.721959],[-117.16455,32.721959],[-117.164552,32.721959],[-117.164553,32.721959],[-117.164555,32.721959],[-117.164556,32.721959],[-117.164558,32.721959],[-117.16456,32.721959],[-117.164561,32.721959],[-117.164563,32.721959],[-117.164565,32.721959],[-117.164566,32.721959],[-117.164568,32.721959],[-117.164569,32.721959],[-117.164571,32.721959],[-117.164573,32.721959],[-117.164574,32.721959],[-117.164576,32.721959],[-117.164578,32.721959],[-117.164579,32.721959],[-117.164581,32.721959],[-117.164582,32.721959],[-117.164584,32.721958],[-117.164586,32.721958],[-117.164587,32.721958],[-117.164589,32.721958],[-117.164591,32.721958],[-117.164592,32.721958],[-117.164594,32.721958],[-117.164595,32.721958],[-117.164597,32.721958],[-117.164599,32.721958],[-117.1646,32.721958],[-117.164602,32.721958],[-117.164604,32.721958],[-117.164605,32.721958],[-117.164607,32.721958],[-117.164609,32.721958],[-117.16461,32.721958],[-117.164612,32.721958],[-117.164613,32.721958],[-117.164615,32.721958],[-117.164617,32.721958],[-117.164618,32.721958],[-117.16462,32.721958],[-117.164621,32.721958],[-117.164623,32.721958],[-117.164624,32.721958],[-117.164768,32.721954],[-117.164785,32.722999],[-117.164786,32.723375],[-117.164765,32.723903],[-117.164546,32.723734],[-117.1645,32.7237],[-117.163868,32.723236],[-117.163867,32.723236]]]},"properties":{"block_id":"01ST_AV_I-5_SB","neighborhood":"Cortez","total_reports":497,"latest_year":"2025","latest_year_reports":172,"reports_by_year":{"2018":0,"2019":1,"2020":7,"2021":9,"2022":27,"2023":36,"2024":245,"2025":172},"reports_by_month":{"2019-01":1,"2020-04":1,"2020-06":1,"2020-08":2,"2020-09":1,"2020-10":1,"2020-11":1,"2021-01":2,"2021-02":4,"2021-03":2,"2021-07":1,"2022-04":4,"2022-05":4,"2022-06":1,"2022-07":5,"2022-08":4,"2022-09":3,"2022-10":3,"2022-12":3,"2023-01":6,"2023-03":4,"2023-04":1,"2023-05":2,"2023-06":4,"2023-08":7,"2023-09":2,"2023-10":1,"2023-11":5,"2023-12":4,"2024-01":6,"2024-02":4,"2024-03":4,"2024-04":1,"2024-05":2,"2024-06":3,"2024-07":5,"2024-08":16,"2024-09":33,"2024-10":42,"2024-11":82,"2024-12":47,"2025-01":25,"2025-02":9,"2025-03":9,"2025-04":37,"2025-05":47,"2025-06":22,"2025-07":8,"2025-08":13,"2025-09":2},"latest_month":"2025-09"}},{"type":"Feature","geometry":{"type":"Polygon","coordinates":[[[-117.155629,32.718877],[-117.155652,32.719911],[-117.155142,32.719879],[-117.155085,32.719872],[-117.155028,32.719848],[-117.154981,32.719811],[-117.154952,32.719772],[-117.154845,32.719414],[-117.154847,32.719316],[-117.154847,32.719284],[-117.15485,32.719253],[-117.154855,32.719222],[-117.154864,32.719191],[-117.154875,32.719162],[-117.15489,32.719133],[-117.154907,32.719105],[-117.154926,32.719078],[-117.154948,32.719052],[-117.154972,32.719029],[-117.154999,32.719007],[-117.155027,32.718986],[-117.155057,32.718968],[-117.155089,32.718952],[-117.155122,32.718938],[-117.155157,32.718926],[-117.155339,32.718879],[-117.155339,32.718879],[-117.155629,32.718877]]]},"properties":{"block_id":"SR-163_NB_ON_RA_ASH_ST","neighborhood":"Cortez","total_reports":76,"latest_year":"2025","latest_year_reports":6,"reports_by_year":{"2018":0,"2019":1,"2020":0,"2021":4,"2022":9,"2023":8,"2024":48,"2025":6},"reports_by_month":{"2019-08":1,"2021-04":1,"2021-07":1,"2021-10":2,"2022-05":1,"2022-06":3,"2022-07":2,"2022-08":2,"2022-09":1,"2023-02":1,"2023-07":1,"2023-08":1,"2023-09":1,"2023-11":1,"2023-12":3,"2024-01":4,"2024-03":2,"2024-04":3,"2024-05":5,"2024-06":5,"2024-07":1,"2024-08":19,"2024-09":1,"2024-10":1,"2024-11":1,"2024-12":6,"2025-04":3,"2025-08":1,"2025-09":2},"latest_month":"2025-09"}},{"type":"Feature","geometry":{"type":"Polygon","coordinates":[[[-117.155652,32.719911],[-117.155629,32.718877],[-117.156552,32.718873],[-117.156559,32.719901],[-117.155652,32.719911]]]},"properties":{"block_id":"10TH_AV_ASH_ST","neighborhood":"Cortez","total_reports":17,"latest_year":"2025","latest_year_reports":0,"reports_by_year":{"2018":0,"2019":0,"2020":2,"2021":3,"2022":4,"2023":3,"2024":5,"2025":0},"reports_by_month":{"2020-10":2,"2021-09":2,"2021-12":1,"2022-02":1,"2022-06":1,"2022-08":2,"2023-05":1,"2023-08":1,"2023-12":1,"2024-05":1,"2024-06":1,"2024-07":1,"2024-08":1,"2024-12":1},"latest_month":"2025-09"}},{"type":"Feature","geometry":{"type":"Polygon","coordinates":[[[-117.160217,32.722351],[-117.160213,32.721988],[-117.161139,32.721987],[-117.161142,32.722533],[-117.160219,32.722617],[-117.160217,32.722351]]]},"properties":{"block_id":"05TH_AV_I-5_SB","neighborhood":"Cortez","total_reports":159,"latest_year":"2025","latest_year_reports":4,"reports_by_year":{"2018":1,"2019":1,"2020":2,"2021":25,"2022":2,"2023":98,"2024":26,"2025":4},"reports_by_month":{"2018-12":1,"2019-10":1,"2020-06":1,"2020-07":1,"2021-02":1,"2021-04":3,"2021-05":5,"2021-06":2,"2021-07":5,"2021-08":3,"2021-09":3,"2021-12":3,"2022-05":1,"2022-06":1,"2023-01":1,"2023-05":3,"2023-06":6,"2023-07":7,"2023-08":26,"2023-09":22,"2023-10":27,"2023-11":4,"2023-12":2,"2024-01":4,"2024-02":4,"2024-03":2,"2024-04":5,"2024-07":4,"2024-08":3,"2024-09":1,"2024-10":1,"2024-11":2,"2025-01":1,"2025-06":1,"2025-07":1,"2025-09":1},"latest_month":"2025-09"}},{"type":"Feature","geometry":{"type":"Polygon","coordinates":[[[-117.162939,32.719895],[-117.162931,32.718834],[-117.163848,32.71883],[-117.163852,32.719891],[-117.162939,32.719895]]]},"properties":{"block_id":"02ND_AV_ASH_ST","neighborhood":"Cortez","total_reports":34,"latest_year":"2025","latest_year_reports":4,"reports_by_year":{"2018":0,"2019":0,"2020":2,"2021":1,"2022":12,"2023":4,"2024":11,"2025":4},"reports_by_month":{"2020-01":1,"2020-10":1,"2021-12":1,"2022-01":1,"2022-06":1,"2022-07":1,"2022-08":1,"2022-09":8,"2023-05":2,"2023-09":1,"2023-11":1,"2024-02":1,"2024-03":1,"2024-04":4,"2024-05":2,"2024-07":1,"2024-09":1,"2024-11":1,"2025-01":2,"2025-06":1,"2025-07":1},"latest_month":"2025-09"}},{"type":"Feature","geometry":{"type":"Polygon","coordinates":[[[-117.163852,32.719891],[-117.163848,32.71883],[-117.164449,32.718826],[-117.164735,32.718824],[-117.164739,32.719154],[-117.164746,32.719887],[-117.16446,32.719889],[-117.163852,32.719891]]]},"properties":{"block_id":"01ST_AV_W_ASH_ST","neighborhood":"Cortez","total_reports":13,"latest_year":"2025","latest_year_reports":0,"reports_by_year":{"2018":0,"2019":0,"2020":0,"2021":1,"2022":3,"2023":1,"2024":8,"2025":0},"reports_by_month":{"2021-09":1,"2022-06":2,"2022-11":1,"2023-03":1,"2024-04":3,"2024-05":2,"2024-07":1,"2024-08":1,"2024-10":1},"latest_month":"2025-09"}},{"type":"Feature","geometry":{"type":"Polygon","coordinates":[[[-117.156571,32.721995],[-117.156574,32.722379],[-117.156574,32.722461],[-117.156577,32.722876],[-117.156578,32.722977],[-117.155987,32.722985],[-117.155687,32.722989],[-117.155687,32.72291],[-117.155687,32.722607],[-117.155687,32.722002],[-117.156434,32.721996],[-117.156571,32.721995]]]},"properties":{"block_id":"10TH_AV_DATE_ST","neighborhood":"Cortez","total_reports":35,"latest_year":"2025","latest_year_reports":7,"reports_by_year":{"2018":0,"2019":1,"2020":2,"2021":6,"2022":6,"2023":5,"2024":8,"2025":7},"reports_by_month":{"2019-01":1,"2020-01":1,"2020-07":1,"2021-04":1,"2021-06":1,"2021-07":1,"2021-10":1,"2021-12":2,"2022-05":1,"2022-06":3,"2022-10":1,"2022-12":1,"2023-01":1,"2023-04":4,"2024-03":2,"2024-04":1,"2024-07":1,"2024-09":1,"2024-11":3,"2025-06":1,"2025-07":1,"2025-08":1,"2025-09":4},"latest_month":"2025-09"}},{"type":"Feature","geometry":{"type":"Polygon","coordinates":[[[-117.156567,32.720948],[-117.156567,32.720958],[-117.15657,32.721747],[-117.156571,32.721995],[-117.156434,32.721996],[-117.155687,32.722002],[-117.155685,32.721614],[-117.155684,32.7212],[-117.155683,32.721029],[-117.155647,32.720364],[-117.155683,32.721019],[-117.155685,32.721006],[-117.155691,32.720993],[-117.155691,32.720993],[-117.1557,32.720982],[-117.155712,32.720972],[-117.155712,32.720972],[-117.155726,32.720965],[-117.15574,32.720961],[-117.155741,32.720961],[-117.155757,32.72096],[-117.156567,32.720948]]]},"properties":{"block_id":"10TH_AV_CEDAR_ST","neighborhood":"Cortez","total_reports":16,"latest_year":"2025","latest_year_reports":3,"reports_by_year":{"2018":1,"2019":1,"2020":3,"2021":0,"2022":3,"2023":2,"2024":3,"2025":3},"reports_by_month":{"2018-12":1,"2019-08":1,"2020-05":1,"2020-08":1,"2020-09":1,"2022-03":1,"2022-12":2,"2023-01":1,"2023-10":1,"2024-04":1,"2024-05":1,"2024-08":1,"2025-05":1,"2025-07":1,"2025-08":1},"latest_month":"2025-09"}},{"type":"Feature","geometry":{"type":"Polygon","coordinates":[[[-117.156571,32.721995],[-117.15657,32.721747],[-117.156567,32.720958],[-117.156567,32.720948],[-117.157464,32.720942],[-117.157475,32.721992],[-117.156571,32.721995]]]},"properties":{"block_id":"09TH_AV_CEDAR_ST","neighborhood":"Cortez","total_reports":9,"latest_year":"2025","latest_year_reports":3,"reports_by_year":{"2018":0,"2019":0,"2020":1,"2021":0,"2022":1,"2023":3,"2024":1,"2025":3},"reports_by_month":{"2020-04":1,"2022-07":1,"2023-05":1,"2023-06":1,"2023-12":1,"2024-08":1,"2025-04":1,"2025-07":1,"2025-09":1},"latest_month":"2025-09"}},{"type":"Feature","geometry":{"type":"Polygon","coordinates":[[[-117.155757,32.72096],[-117.155741,32.720961],[-117.15574,32.720961],[-117.155726,32.720965],[-117.155712,32.720972],[-117.155712,32.720972],[-117.1557,32.720982],[-117.155691,32.720993],[-117.155691,32.720993],[-117.155685,32.721006],[-117.155683,32.721019],[-117.155647,32.720364],[-117.155769,32.720231],[-117.155869,32.720151],[-117.156018,32.720054],[-117.156164,32.719981],[-117.156267,32.719942],[-117.156559,32.719901],[-117.156567,32.720948],[-117.155757,32.72096]]]},"properties":{"block_id":"10TH_AV_BEECH_ST","neighborhood":"Cortez","total_reports":39,"latest_year":"2025","latest_year_reports":5,"reports_by_year":{"2018":1,"2019":0,"2020":4,"2021":4,"2022":9,"2023":3,"2024":13,"2025":5},"reports_by_month":{"2018-10":1,"2020-07":1,"2020-08":1,"2020-09":1,"2020-10":1,"2021-03":2,"2021-06":1,"2021-09":1,"2022-03":1,"2022-06":2,"2022-07":1,"2022-08":2,"2022-09":1,"2022-12":2,"2023-06":2,"2023-08":1,"2024-01":1,"2024-02":2,"2024-03":4,"2024-04":3,"2024-05":2,"2024-10":1,"2025-03":1,"2025-04":1,"2025-06":1,"2025-09":2},"latest_month":"2025-09"}},{"type":"Feature","geometry":{"type":"Polygon","coordinates":[[[-117.161129,32.720934],[-117.161118,32.719903],[-117.162031,32.719899],[-117.162032,32.72093],[-117.161129,32.720934]]]},"properties":{"block_id":"04TH_AV_BEECH_ST","neighborhood":"Cortez","total_reports":599,"latest_year":"2025","latest_year_reports":87,"reports_by_year":{"2018":0,"2019":1,"2020":23,"2021":76,"2022":88,"2023":41,"2024":283,"2025":87},"reports_by_month":{"2019-03":1,"2020-06":2,"2020-07":4,"2020-09":3,"2020-10":10,"2020-11":2,"2020-12":2,"2021-01":2,"2021-02":1,"2021-03":2,"2021-05":1,"2021-06":7,"2021-07":2,"2021-08":15,"2021-09":25,"2021-10":16,"2021-11":3,"2021-12":2,"2022-01":7,"2022-02":4,"2022-03":8,"2022-04":5,"2022-05":44,"2022-06":7,"2022-07":1,"2022-08":2,"2022-09":1,"2022-10":6,"2022-11":1,"2022-12":2,"2023-01":11,"2023-02":11,"2023-04":4,"2023-05":1,"2023-07":1,"2023-10":3,"2023-11":3,"2023-12":7,"2024-01":21,"2024-02":24,"2024-03":20,"2024-04":14,"2024-05":38,"2024-06":33,"2024-07":46,"2024-08":9,"2024-09":14,"2024-10":28,"2024-11":26,"2024-12":10,"2025-01":13,"2025-02":1,"2025-03":8,"2025-04":2,"2025-05":28,"2025-06":17,"2025-07":7,"2025-08":11},"latest_month":"2025-09"}},{"type":"Feature","geometry":{"type":"Polygon","coordinates":[[[-117.162027,32.718841],[-117.162031,32.719899],[-117.161118,32.719903],[-117.16111,32.718848],[-117.162027,32.718841]]]},"properties":{"block_id":"04TH_AV_ASH_ST","neighborhood":"Cortez","total_reports":52,"latest_year":"2025","latest_year_reports":4,"reports_by_year":{"2018":0,"2019":0,"2020":2,"2021":1,"2022":13,"2023":6,"2024":26,"2025":4},"reports_by_month":{"2020-02":1,"2020-08":1,"2021-10":1,"2022-04":2,"2022-05":3,"2022-07":1,"2022-08":1,"2022-09":5,"2022-10":1,"2023-07":1,"2023-08":1,"2023-09":1,"2023-10":2,"2023-11":1,"2024-01":1,"2024-02":1,"2024-03":2,"2024-04":8,"2024-05":4,"2024-06":1,"2024-07":4,"2024-08":3,"2024-09":2,"2025-02":1,"2025-05":1,"2025-06":2},"latest_month":"2025-09"}},{"type":"Feature","geometry":{"type":"Polygon","coordinates":[[[-117.159297,32.719895],[-117.15837,32.719891],[-117.15836,32.718863],[-117.159293,32.718859],[-117.159297,32.719895]]]},"properties":{"block_id":"07TH_AV_ASH_ST","neighborhood":"Cortez","total_reports":219,"latest_year":"2025","latest_year_reports":97,"reports_by_year":{"2018":1,"2019":3,"2020":30,"2021":23,"2022":30,"2023":11,"2024":24,"2025":97},"reports_by_month":{"2018-09":1,"2019-02":1,"2019-04":1,"2019-12":1,"2020-02":1,"2020-03":3,"2020-04":1,"2020-05":1,"2020-06":9,"2020-07":5,"2020-08":2,"2020-10":2,"2020-11":3,"2020-12":3,"2021-01":2,"2021-02":1,"2021-03":8,"2021-04":4,"2021-05":2,"2021-07":1,"2021-08":1,"2021-09":3,"2021-10":1,"2022-01":1,"2022-03":1,"2022-04":1,"2022-05":1,"2022-06":3,"2022-07":2,"2022-08":2,"2022-09":6,"2022-10":4,"2022-11":9,"2023-01":1,"2023-02":3,"2023-03":3,"2023-04":1,"2023-05":1,"2023-08":1,"2023-09":1,"2024-01":1,"2024-03":2,"2024-04":2,"2024-05":3,"2024-06":1,"2024-07":1,"2024-08":1,"2024-09":1,"2024-10":4,"2024-11":8,"2025-01":6,"2025-02":26,"2025-03":6,"2025-04":8,"2025-05":8,"2025-06":15,"2025-07":18,"2025-08":8,"2025-09":2},"latest_month":"2025-09"}},{"type":"Feature","geometry":{"type":"Polygon","coordinates":[[[-117.157457,32.719897],[-117.157464,32.720942],[-117.156567,32.720948],[-117.156559,32.719901],[-117.157457,32.719897]]]},"properties":{"block_id":"09TH_AV_BEECH_ST","neighborhood":"Cortez","total_reports":8,"latest_year":"2025","latest_year_reports":4,"reports_by_year":{"2018":0,"2019":0,"2020":0,"2021":0,"2022":1,"2023":2,"2024":1,"2025":4},"reports_by_month":{"2022-06":1,"2023-06":1,"2023-09":1,"2024-11":1,"2025-04":1,"2025-07":1,"2025-09":2},"latest_month":"2025-09"}},{"type":"Feature","geometry":{"type":"Polygon","coordinates":[[[-117.157464,32.720942],[-117.157457,32.719897],[-117.15837,32.719891],[-117.158378,32.720938],[-117.157464,32.720942]]]},"properties":{"block_id":"08TH_AV_BEECH_ST","neighborhood":"Cortez","total_reports":12,"latest_year":"2025","latest_year_reports":3,"reports_by_year":{"2018":0,"2019":0,"2020":1,"2021":4,"2022":1,"2023":2,"2024":1,"2025":3},"reports_by_month":{"2020-09":1,"2021-01":1,"2021-08":1,"2021-10":1,"2021-11":1,"2022-09":1,"2023-08":1,"2023-12":1,"2024-03":1,"2025-01":1,"2025-08":2},"latest_month":"2025-09"}},{"type":"Feature","geometry":{"type":"Polygon","coordinates":[[[-117.16111,32.718848],[-117.161118,32.719903],[-117.160194,32.719899],[-117.160184,32.718855],[-117.16111,32.718848]]]},"properties":{"block_id":"05TH_AV_ASH_ST","neighborhood":"Cortez","total_reports":86,"latest_year":"2025","latest_year_reports":27,"reports_by_year":{"2018":0,"2019":3,"2020":2,"2021":6,"2022":6,"2023":8,"2024":34,"2025":27},"reports_by_month":{"2019-02":1,"2019-12":2,"2020-06":1,"2020-09":1,"2021-04":1,"2021-07":3,"2021-08":1,"2021-09":1,"2022-01":1,"2022-04":1,"2022-05":1,"2022-10":1,"2022-11":1,"2022-12":1,"2023-01":3,"2023-02":3,"2023-03":1,"2023-06":1,"2024-02":2,"2024-03":4,"2024-04":3,"2024-06":4,"2024-07":6,"2024-09":5,"2024-10":2,"2024-11":5,"2024-12":3,"2025-01":1,"2025-03":1,"2025-04":5,"2025-05":7,"2025-06":8,"2025-07":1,"2025-08":4},"latest_month":"2025-09"}},{"type":"Feature","geometry":{"type":"Polygon","coordinates":[[[-117.164746,32.719887],[-117.164739,32.719154],[-117.164735,32.718824],[-117.164865,32.718823],[-117.1656,32.71882],[-117.165599,32.719218],[-117.165598,32.719884],[-117.164746,32.719887]]]},"properties":{"block_id":"FRONT_ST_W_ASH_ST","neighborhood":"Cortez","total_reports":65,"latest_year":"2025","latest_year_reports":32,"reports_by_year":{"2018":0,"2019":0,"2020":1,"2021":1,"2022":1,"2023":0,"2024":30,"2025":32},"reports_by_month":{"2020-06":1,"2021-07":1,"2022-04":1,"2024-03":14,"2024-04":1,"2024-05":1,"2024-06":1,"2024-07":1,"2024-08":1,"2024-09":3,"2024-10":2,"2024-11":1,"2024-12":5,"2025-01":3,"2025-02":6,"2025-03":10,"2025-04":4,"2025-05":8,"2025-07":1},"latest_month":"2025-09"}},{"type":"Feature","geometry":{"type":"Polygon","coordinates":[[[-117.157475,32.721992],[-117.157464,32.720942],[-117.158378,32.720938],[-117.158389,32.721985],[-117.157475,32.721992]]]},"properties":{"block_id":"08TH_AV_CEDAR_ST","neighborhood":"Cortez","total_reports":9,"latest_year":"2025","latest_year_reports":1,"reports_by_year":{"2018":0,"2019":0,"2020":2,"2021":2,"2022":0,"2023":2,"2024":2,"2025":1},"reports_by_month":{"2020-06":1,"2020-11":1,"2021-01":1,"2021-07":1,"2023-05":1,"2023-07":1,"2024-08":1,"2024-10":1,"2025-08":1},"latest_month":"2025-09"}},{"type":"Feature","geometry":{"type":"Polygon","coordinates":[[[-117.15837,32.719891],[-117.157457,32.719897],[-117.157446,32.718869],[-117.15836,32.718863],[-117.15837,32.719891]]]},"properties":{"block_id":"08TH_AV_ASH_ST","neighborhood":"Cortez","total_reports":153,"latest_year":"2025","latest_year_reports":27,"reports_by_year":{"2018":0,"2019":6,"2020":9,"2021":22,"2022":36,"2023":23,"2024":30,"2025":27},"reports_by_month":{"2019-09":2,"2019-10":1,"2019-12":3,"2020-01":3,"2020-08":2,"2020-11":3,"2020-12":1,"2021-02":2,"2021-03":3,"2021-04":3,"2021-05":7,"2021-08":1,"2021-09":4,"2021-10":2,"2022-01":1,"2022-02":1,"2022-04":2,"2022-05":3,"2022-06":2,"2022-07":5,"2022-08":13,"2022-09":2,"2022-10":7,"2023-03":1,"2023-04":4,"2023-05":3,"2023-06":1,"2023-07":5,"2023-08":6,"2023-10":1,"2023-11":2,"2024-02":2,"2024-05":1,"2024-07":3,"2024-08":1,"2024-10":17,"2024-11":6,"2025-02":1,"2025-03":4,"2025-04":8,"2025-05":9,"2025-06":1,"2025-07":1,"2025-09":3},"latest_month":"2025-09"}},{"type":"Feature","geometry":{"type":"Polygon","coordinates":[[[-117.16476,32.720918],[-117.164768,32.721954],[-117.164624,32.721958],[-117.164623,32.721958],[-117.164621,32.721958],[-117.16462,32.721958],[-117.164618,32.721958],[-117.164617,32.721958],[-117.164615,32.721958],[-117.164613,32.721958],[-117.164612,32.721958],[-117.16461,32.721958],[-117.164609,32.721958],[-117.164607,32.721958],[-117.164605,32.721958],[-117.164604,32.721958],[-117.164602,32.721958],[-117.1646,32.721958],[-117.164599,32.721958],[-117.164597,32.721958],[-117.164595,32.721958],[-117.164594,32.721958],[-117.164592,32.721958],[-117.164591,32.721958],[-117.164589,32.721958],[-117.164587,32.721958],[-117.164586,32.721958],[-117.164584,32.721958],[-117.164582,32.721959],[-117.164581,32.721959],[-117.164579,32.721959],[-117.164578,32.721959],[-117.164576,32.721959],[-117.164574,32.721959],[-117.164573,32.721959],[-117.164571,32.721959],[-117.164569,32.721959],[-117.164568,32.721959],[-117.164566,32.721959],[-117.164565,32.721959],[-117.164563,32.721959],[-117.164561,32.721959],[-117.16456,32.721959],[-117.164558,32.721959],[-117.164556,32.721959],[-117.164555,32.721959],[-117.164553,32.721959],[-117.164552,32.721959],[-117.16455,32.721959],[-117.164548,32.721959],[-117.164547,32.721959],[-117.164545,32.721959],[-117.164543,32.721959],[-117.164542,32.721959],[-117.16454,32.72196],[-117.164539,32.72196],[-117.164537,32.72196],[-117.164535,32.72196],[-117.164534,32.72196],[-117.164532,32.72196],[-117.16453,32.72196],[-117.164529,32.72196],[-117.164527,32.72196],[-117.164526,32.72196],[-117.164524,32.72196],[-117.164522,32.72196],[-117.164521,32.72196],[-117.164519,32.72196],[-117.164517,32.72196],[-117.164516,32.72196],[-117.164514,32.72196],[-117.164513,32.72196],[-117.164511,32.72196],[-117.164509,32.72196],[-117.164508,32.72196],[-117.164506,32.72196],[-117.164504,32.72196],[-117.164503,32.72196],[-117.164501,32.721961],[-117.1645,32.721961],[-117.164498,32.721961],[-117.164496,32.721961],[-117.164495,32.721961],[-117.164493,32.721961],[-117.164492,32.721961],[-117.16449,32.721961],[-117.164488,32.721961],[-117.164487,32.721961],[-117.164485,32.721961],[-117.164483,32.721961],[-117.164482,32.721961],[-117.16448,32.721961],[-117.164479,32.721961],[-117.164477,32.721961],[-117.164476,32.721961],[-117.164087,32.72199],[-117.163958,32.721999],[-117.163912,32.722004],[-117.163863,32.722006],[-117.163858,32.722007],[-117.163858,32.722007],[-117.163857,32.721962],[-117.163856,32.720922],[-117.164471,32.720919],[-117.16476,32.720918]]]},"properties":{"block_id":"01ST_AV_W_CEDAR_ST","neighborhood":"Cortez","total_reports":51,"latest_year":"2025","latest_year_reports":10,"reports_by_year":{"2018":0,"2019":0,"2020":13,"2021":4,"2022":3,"2023":4,"2024":17,"2025":10},"reports_by_month":{"2020-04":3,"2020-08":2,"2020-09":6,"2020-10":2,"2021-02":3,"2021-10":1,"2022-05":1,"2022-06":1,"2022-11":1,"2023-01":2,"2023-06":1,"2023-08":1,"2024-02":1,"2024-03":1,"2024-04":1,"2024-05":1,"2024-08":1,"2024-09":1,"2024-10":5,"2024-11":4,"2024-12":2,"2025-01":1,"2025-03":1,"2025-05":5,"2025-06":1,"2025-08":2},"latest_month":"2025-09"}},{"type":"Feature","geometry":{"type":"Polygon","coordinates":[[[-117.160184,32.718855],[-117.160194,32.719899],[-117.159297,32.719895],[-117.159293,32.718859],[-117.160184,32.718855]]]},"properties":{"block_id":"06TH_AV_ASH_ST","neighborhood":"Cortez","total_reports":70,"latest_year":"2025","latest_year_reports":10,"reports_by_year":{"2018":0,"2019":0,"2020":6,"2021":9,"2022":4,"2023":21,"2024":20,"2025":10},"reports_by_month":{"2020-04":2,"2020-05":2,"2020-06":1,"2020-12":1,"2021-02":2,"2021-03":1,"2021-04":1,"2021-09":4,"2021-11":1,"2022-10":1,"2022-11":2,"2022-12":1,"2023-02":1,"2023-03":1,"2023-04":1,"2023-07":1,"2023-08":8,"2023-09":5,"2023-10":3,"2023-12":1,"2024-01":1,"2024-02":3,"2024-03":3,"2024-05":2,"2024-07":9,"2024-11":2,"2025-02":2,"2025-04":2,"2025-05":4,"2025-08":2},"latest_month":"2025-09"}},{"type":"Feature","geometry":{"type":"Polygon","coordinates":[[[-117.163852,32.719891],[-117.16446,32.719889],[-117.164746,32.719887],[-117.16476,32.720918],[-117.164471,32.720919],[-117.163856,32.720922],[-117.163852,32.719891]]]},"properties":{"block_id":"01ST_AV_W_BEECH_ST","neighborhood":"Cortez","total_reports":55,"latest_year":"2025","latest_year_reports":6,"reports_by_year":{"2018":0,"2019":0,"2020":2,"2021":9,"2022":27,"2023":2,"2024":9,"2025":6},"reports_by_month":{"2020-06":1,"2020-09":1,"2021-01":5,"2021-02":2,"2021-03":2,"2022-01":1,"2022-02":1,"2022-04":2,"2022-05":18,"2022-06":5,"2023-09":1,"2023-10":1,"2024-01":2,"2024-04":1,"2024-05":1,"2024-07":2,"2024-10":2,"2024-12":1,"2025-02":4,"2025-05":1,"2025-09":1},"latest_month":"2025-09"}},{"type":"Feature","geometry":{"type":"Polygon","coordinates":[[[-117.156559,32.719901],[-117.156552,32.718873],[-117.157446,32.718869],[-117.157457,32.719897],[-117.156559,32.719901]]]},"properties":{"block_id":"09TH_AV_ASH_ST","neighborhood":"Cortez","total_reports":43,"latest_year":"2025","latest_year_reports":1,"reports_by_year":{"2018":0,"2019":0,"2020":0,"2021":2,"2022":5,"2023":18,"2024":17,"2025":1},"reports_by_month":{"2021-11":2,"2022-06":2,"2022-07":1,"2022-08":1,"2022-12":1,"2023-01":1,"2023-02":3,"2023-03":1,"2023-04":1,"2023-05":1,"2023-06":2,"2023-07":2,"2023-08":1,"2023-09":3,"2023-11":2,"2023-12":1,"2024-02":1,"2024-06":3,"2024-10":6,"2024-11":7,"2025-07":1},"latest_month":"2025-09"}},{"type":"Feature","geometry":{"type":"Polygon","coordinates":[[[-117.161902,32.708313],[-117.160998,32.708322],[-117.16056,32.706838],[-117.161733,32.70749],[-117.161829,32.707544],[-117.162906,32.708142],[-117.163353,32.708391],[-117.164216,32.708877],[-117.16388,32.70941],[-117.16346,32.709359],[-117.163003,32.709361],[-117.162947,32.709361],[-117.162939,32.709361],[-117.162841,32.709361],[-117.162329,32.709368],[-117.161913,32.709373],[-117.161902,32.708313]]]},"properties":{"block_id":"03RD_AV_J_ST","neighborhood":"Marina","total_reports":1424,"latest_year":"2025","latest_year_reports":96,"reports_by_year":{"2018":2,"2019":17,"2020":130,"2021":386,"2022":358,"2023":166,"2024":269,"2025":96},"reports_by_month":{"2018-11":1,"2018-12":1,"2019-02":1,"2019-07":1,"2019-08":2,"2019-09":1,"2019-10":4,"2019-11":5,"2019-12":3,"2020-01":12,"2020-02":17,"2020-03":13,"2020-04":10,"2020-05":12,"2020-06":2,"2020-07":11,"2020-08":8,"2020-09":7,"2020-10":2,"2020-11":24,"2020-12":12,"2021-01":34,"2021-02":35,"2021-03":69,"2021-04":52,"2021-05":30,"2021-06":22,"2021-07":36,"2021-08":13,"2021-09":39,"2021-10":40,"2021-11":4,"2021-12":12,"2022-01":6,"2022-02":6,"2022-03":7,"2022-04":48,"2022-05":63,"2022-06":125,"2022-07":67,"2022-08":2,"2022-09":8,"2022-10":5,"2022-11":7,"2022-12":14,"2023-01":12,"2023-02":15,"2023-03":18,"2023-04":29,"2023-05":14,"2023-06":15,"2023-07":5,"2023-08":20,"2023-09":18,"2023-10":10,"2023-11":6,"2023-12":4,"2024-01":8,"2024-02":8,"2024-03":15,"2024-04":16,"2024-05":34,"2024-06":41,"2024-07":27,"2024-08":39,"2024-09":24,"2024-10":13,"2024-11":18,"2024-12":26,"2025-01":16,"2025-02":12,"2025-03":9,"2025-04":13,"2025-05":14,"2025-06":11,"2025-07":13,"2025-08":3,"2025-09":5},"latest_month":"2025-09"}},{"type":"Feature","geometry":{"type":"Polygon","coordinates":[[[-117.160998,32.708322],[-117.161902,32.708313],[-117.161913,32.709373],[-117.161022,32.709377],[-117.160998,32.708322]]]},"properties":{"block_id":"04TH_AV_J_ST","neighborhood":"Marina","total_reports":83,"latest_year":"2025","latest_year_reports":12,"reports_by_year":{"2018":1,"2019":2,"2020":13,"2021":5,"2022":12,"2023":5,"2024":33,"2025":12},"reports_by_month":{"2018-12":1,"2019-07":1,"2019-10":1,"2020-01":3,"2020-06":1,"2020-07":4,"2020-08":3,"2020-09":2,"2021-01":1,"2021-07":2,"2021-09":2,"2022-06":1,"2022-07":2,"2022-08":6,"2022-09":2,"2022-10":1,"2023-01":1,"2023-05":1,"2023-08":1,"2023-09":1,"2023-12":1,"2024-01":1,"2024-03":1,"2024-04":2,"2024-05":1,"2024-06":4,"2024-07":2,"2024-08":1,"2024-09":18,"2024-10":3,"2025-01":4,"2025-02":1,"2025-03":2,"2025-04":1,"2025-05":1,"2025-07":2,"2025-08":1},"latest_month":"2025-09"}},{"type":"Feature","geometry":{"type":"Polygon","coordinates":[[[-117.161036,32.710413],[-117.161037,32.711485],[-117.160121,32.711489],[-117.160119,32.710426],[-117.161036,32.710413]]]},"properties":{"block_id":"05TH_AV_MARKET_ST","neighborhood":"Gaslamp","total_reports":200,"latest_year":"2025","latest_year_reports":34,"reports_by_year":{"2018":3,"2019":15,"2020":41,"2021":15,"2022":29,"2023":25,"2024":38,"2025":34},"reports_by_month":{"2018-10":1,"2018-12":2,"2019-10":4,"2019-11":5,"2019-12":6,"2020-01":7,"2020-02":3,"2020-03":4,"2020-04":4,"2020-07":21,"2020-08":1,"2020-09":1,"2021-03":3,"2021-04":6,"2021-05":2,"2021-06":2,"2021-10":2,"2022-02":2,"2022-04":1,"2022-06":1,"2022-08":6,"2022-09":17,"2022-10":1,"2022-12":1,"2023-01":4,"2023-02":4,"2023-03":3,"2023-04":6,"2023-05":2,"2023-06":1,"2023-08":1,"2023-10":2,"2023-11":1,"2023-12":1,"2024-02":3,"2024-03":3,"2024-04":2,"2024-05":3,"2024-06":2,"2024-07":6,"2024-08":3,"2024-09":5,"2024-10":1,"2024-11":2,"2024-12":8,"2025-01":5,"2025-02":10,"2025-03":6,"2025-04":3,"2025-05":5,"2025-06":1,"2025-07":3,"2025-08":1},"latest_month":"2025-09"}},{"type":"Feature","geometry":{"type":"Polygon","coordinates":[[[-117.161037,32.711485],[-117.161036,32.710413],[-117.161937,32.710415],[-117.161948,32.711479],[-117.161037,32.711485]]]},"properties":{"block_id":"04TH_AV_MARKET_ST","neighborhood":"Marina","total_reports":56,"latest_year":"2025","latest_year_reports":11,"reports_by_year":{"2018":0,"2019":4,"2020":19,"2021":2,"2022":8,"2023":3,"2024":9,"2025":11},"reports_by_month":{"2019-10":1,"2019-11":1,"2019-12":2,"2020-01":2,"2020-03":7,"2020-04":4,"2020-05":3,"2020-06":2,"2020-07":1,"2021-08":1,"2021-10":1,"2022-02":1,"2022-06":2,"2022-08":2,"2022-09":2,"2022-11":1,"2023-03":1,"2023-04":1,"2023-08":1,"2024-04":2,"2024-06":1,"2024-07":1,"2024-08":2,"2024-09":2,"2024-12":1,"2025-01":1,"2025-02":3,"2025-03":2,"2025-05":2,"2025-07":1,"2025-08":1,"2025-09":1},"latest_month":"2025-09"}},{"type":"Feature","geometry":{"type":"Polygon","coordinates":[[[-117.161022,32.709377],[-117.161036,32.710413],[-117.160119,32.710426],[-117.160105,32.709376],[-117.161022,32.709377]]]},"properties":{"block_id":"05TH_AV_ISLAND_AV","neighborhood":"Gaslamp","total_reports":91,"latest_year":"2025","latest_year_reports":16,"reports_by_year":{"2018":0,"2019":5,"2020":8,"2021":4,"2022":11,"2023":12,"2024":35,"2025":16},"reports_by_month":{"2019-06":1,"2019-07":2,"2019-09":2,"2020-01":3,"2020-03":2,"2020-07":1,"2020-08":1,"2020-10":1,"2021-07":1,"2021-09":2,"2021-12":1,"2022-01":1,"2022-03":1,"2022-04":3,"2022-06":1,"2022-07":1,"2022-08":3,"2022-10":1,"2023-02":3,"2023-03":1,"2023-04":2,"2023-07":1,"2023-08":2,"2023-09":1,"2023-10":1,"2023-12":1,"2024-01":2,"2024-04":3,"2024-05":3,"2024-06":9,"2024-07":9,"2024-08":5,"2024-09":3,"2024-11":1,"2025-01":2,"2025-03":6,"2025-04":1,"2025-05":2,"2025-06":1,"2025-08":1,"2025-09":3},"latest_month":"2025-09"}},{"type":"Feature","geometry":{"type":"Polygon","coordinates":[[[-117.161036,32.710413],[-117.161022,32.709377],[-117.161913,32.709373],[-117.161937,32.710415],[-117.161036,32.710413]]]},"properties":{"block_id":"04TH_AV_ISLAND_AV","neighborhood":"Marina","total_reports":41,"latest_year":"2025","latest_year_reports":0,"reports_by_year":{"2018":0,"2019":7,"2020":6,"2021":1,"2022":12,"2023":2,"2024":13,"2025":0},"reports_by_month":{"2019-09":1,"2019-10":2,"2019-11":3,"2019-12":1,"2020-01":4,"2020-03":2,"2021-09":1,"2022-03":1,"2022-06":2,"2022-08":7,"2022-09":1,"2022-10":1,"2023-04":1,"2023-05":1,"2024-01":1,"2024-03":1,"2024-06":1,"2024-08":3,"2024-09":4,"2024-10":2,"2024-11":1},"latest_month":"2025-09"}},{"type":"Feature","geometry":{"type":"Polygon","coordinates":[[[-117.160105,32.709376],[-117.160119,32.710426],[-117.159206,32.710441],[-117.159195,32.709382],[-117.160105,32.709376]]]},"properties":{"block_id":"06TH_AV_ISLAND_AV","neighborhood":"Gaslamp","total_reports":46,"latest_year":"2025","latest_year_reports":4,"reports_by_year":{"2018":0,"2019":0,"2020":5,"2021":10,"2022":5,"2023":6,"2024":16,"2025":4},"reports_by_month":{"2020-04":1,"2020-07":1,"2020-09":1,"2020-12":2,"2021-04":1,"2021-05":1,"2021-06":1,"2021-07":6,"2021-09":1,"2022-03":1,"2022-05":1,"2022-09":1,"2022-12":2,"2023-01":1,"2023-06":1,"2023-08":1,"2023-09":1,"2023-10":1,"2023-12":1,"2024-02":1,"2024-03":2,"2024-04":3,"2024-05":2,"2024-06":3,"2024-08":1,"2024-10":2,"2024-11":1,"2024-12":1,"2025-04":1,"2025-06":1,"2025-07":1,"2025-09":1},"latest_month":"2025-09"}},{"type":"Feature","geometry":{"type":"Polygon","coordinates":[[[-117.161022,32.709377],[-117.160105,32.709376],[-117.160091,32.708326],[-117.160998,32.708322],[-117.161022,32.709377]]]},"properties":{"block_id":"05TH_AV_J_ST","neighborhood":"Gaslamp","total_reports":63,"latest_year":"2025","latest_year_reports":8,"reports_by_year":{"2018":2,"2019":9,"2020":2,"2021":3,"2022":25,"2023":4,"2024":10,"2025":8},"reports_by_month":{"2018-12":2,"2019-10":2,"2019-11":6,"2019-12":1,"2020-02":1,"2020-09":1,"2021-06":1,"2021-07":1,"2021-09":1,"2022-03":1,"2022-07":1,"2022-08":20,"2022-09":2,"2022-12":1,"2023-03":1,"2023-07":1,"2023-09":1,"2023-12":1,"2024-01":1,"2024-02":1,"2024-03":1,"2024-05":1,"2024-06":2,"2024-09":2,"2024-10":2,"2025-06":3,"2025-07":3,"2025-08":1,"2025-09":1},"latest_month":"2025-09"}},{"type":"Feature","geometry":{"type":"Polygon","coordinates":[[[-117.161037,32.711485],[-117.161068,32.712554],[-117.160556,32.712561],[-117.160142,32.712566],[-117.160135,32.712567],[-117.160134,32.712567],[-117.160134,32.712561],[-117.160121,32.711489],[-117.161037,32.711485]]]},"properties":{"block_id":"05TH_AV_G_ST","neighborhood":"Gaslamp","total_reports":66,"latest_year":"2025","latest_year_reports":16,"reports_by_year":{"2018":0,"2019":4,"2020":15,"2021":7,"2022":11,"2023":3,"2024":10,"2025":16},"reports_by_month":{"2019-05":1,"2019-07":1,"2019-08":1,"2019-09":1,"2020-01":2,"2020-02":4,"2020-03":1,"2020-04":1,"2020-05":1,"2020-06":3,"2020-08":1,"2020-09":1,"2020-12":1,"2021-03":1,"2021-04":3,"2021-08":1,"2021-09":1,"2021-12":1,"2022-02":1,"2022-06":5,"2022-10":3,"2022-11":1,"2022-12":1,"2023-04":2,"2023-08":1,"2024-02":1,"2024-03":2,"2024-05":1,"2024-06":2,"2024-07":1,"2024-09":1,"2024-10":1,"2024-12":1,"2025-01":2,"2025-02":3,"2025-03":2,"2025-04":1,"2025-05":5,"2025-06":2,"2025-07":1},"latest_month":"2025-09"}},{"type":"Feature","geometry":{"type":"Polygon","coordinates":[[[-117.161068,32.712554],[-117.161037,32.711485],[-117.161948,32.711479],[-117.161948,32.711484],[-117.161965,32.712553],[-117.161916,32.712553],[-117.161152,32.712554],[-117.161068,32.712554]]]},"properties":{"block_id":"04TH_AV_G_ST","neighborhood":"Marina","total_reports":872,"latest_year":"2025","latest_year_reports":26,"reports_by_year":{"2018":0,"2019":3,"2020":357,"2021":167,"2022":176,"2023":57,"2024":86,"2025":26},"reports_by_month":{"2019-07":1,"2019-08":1,"2019-12":1,"2020-01":13,"2020-02":47,"2020-03":21,"2020-04":40,"2020-05":55,"2020-06":34,"2020-07":55,"2020-08":30,"2020-09":31,"2020-10":15,"2020-11":5,"2020-12":11,"2021-03":5,"2021-04":16,"2021-05":11,"2021-06":17,"2021-07":15,"2021-08":33,"2021-09":16,"2021-10":20,"2021-11":18,"2021-12":16,"2022-01":17,"2022-02":19,"2022-03":39,"2022-04":35,"2022-05":15,"2022-07":20,"2022-08":8,"2022-09":7,"2022-10":7,"2022-11":6,"2022-12":3,"2023-01":2,"2023-02":5,"2023-03":7,"2023-04":2,"2023-05":9,"2023-06":6,"2023-07":10,"2023-08":5,"2023-09":2,"2023-10":6,"2023-11":1,"2023-12":2,"2024-01":5,"2024-02":6,"2024-03":6,"2024-04":5,"2024-05":5,"2024-06":9,"2024-07":15,"2024-08":7,"2024-09":24,"2024-10":2,"2024-11":1,"2024-12":1,"2025-01":1,"2025-03":1,"2025-04":6,"2025-05":3,"2025-06":5,"2025-07":6,"2025-08":2,"2025-09":2},"latest_month":"2025-09"}},{"type":"Feature","geometry":{"type":"Polygon","coordinates":[[[-117.161072,32.713621],[-117.161077,32.714643],[-117.160153,32.71465],[-117.160146,32.713625],[-117.161072,32.713621]]]},"properties":{"block_id":"05TH_AV_E_ST","neighborhood":"Gaslamp","total_reports":79,"latest_year":"2025","latest_year_reports":13,"reports_by_year":{"2018":0,"2019":1,"2020":3,"2021":2,"2022":2,"2023":12,"2024":46,"2025":13},"reports_by_month":{"2019-09":1,"2020-01":1,"2020-05":1,"2020-07":1,"2021-03":1,"2021-04":1,"2022-11":2,"2023-01":2,"2023-03":2,"2023-04":2,"2023-05":1,"2023-09":1,"2023-11":1,"2023-12":3,"2024-02":5,"2024-03":3,"2024-04":6,"2024-05":4,"2024-06":8,"2024-07":6,"2024-08":4,"2024-10":7,"2024-11":2,"2024-12":1,"2025-01":1,"2025-02":3,"2025-03":2,"2025-04":2,"2025-05":1,"2025-06":1,"2025-07":2,"2025-09":1},"latest_month":"2025-09"}},{"type":"Feature","geometry":{"type":"Polygon","coordinates":[[[-117.161077,32.714643],[-117.161072,32.713621],[-117.161068,32.712554],[-117.161152,32.712554],[-117.161916,32.712553],[-117.161965,32.712553],[-117.162879,32.712549],[-117.163776,32.712548],[-117.163778,32.712548],[-117.163802,32.712548],[-117.163802,32.712568],[-117.163807,32.713287],[-117.163808,32.713394],[-117.163809,32.713546],[-117.16381,32.713611],[-117.16381,32.71398],[-117.163814,32.714639],[-117.163825,32.715717],[-117.162902,32.71571],[-117.162898,32.714717],[-117.162466,32.714718],[-117.161997,32.714716],[-117.161998,32.714807],[-117.161988,32.715703],[-117.161081,32.715696],[-117.161078,32.715051],[-117.161077,32.714801],[-117.161077,32.71479],[-117.161077,32.714643]]]},"properties":{"block_id":"04TH_AV_BROADWAY","neighborhood":"City Center","total_reports":205,"latest_year":"2025","latest_year_reports":51,"reports_by_year":{"2018":1,"2019":4,"2020":29,"2021":7,"2022":9,"2023":12,"2024":92,"2025":51},"reports_by_month":{"2018-11":1,"2019-06":1,"2019-07":1,"2019-08":1,"2019-09":1,"2020-01":3,"2020-02":3,"2020-03":6,"2020-04":7,"2020-05":2,"2020-06":2,"2020-09":2,"2020-10":1,"2020-11":1,"2020-12":2,"2021-02":1,"2021-03":2,"2021-04":1,"2021-09":1,"2021-10":2,"2022-02":4,"2022-08":1,"2022-10":1,"2022-11":2,"2022-12":1,"2023-03":1,"2023-04":4,"2023-06":2,"2023-07":1,"2023-08":1,"2023-09":2,"2023-10":1,"2024-02":2,"2024-03":4,"2024-04":8,"2024-05":5,"2024-06":14,"2024-07":6,"2024-08":20,"2024-09":11,"2024-10":10,"2024-11":7,"2024-12":5,"2025-01":5,"2025-02":1,"2025-03":4,"2025-04":11,"2025-05":8,"2025-06":12,"2025-07":7,"2025-08":3},"latest_month":"2025-09"}},{"type":"Feature","geometry":{"type":"Polygon","coordinates":[[[-117.160105,32.709376],[-117.159195,32.709382],[-117.159194,32.708333],[-117.160091,32.708326],[-117.160105,32.709376]]]},"properties":{"block_id":"06TH_AV_J_ST","neighborhood":"Gaslamp","total_reports":151,"latest_year":"2025","latest_year_reports":101,"reports_by_year":{"2018":0,"2019":0,"2020":2,"2021":2,"2022":3,"2023":4,"2024":39,"2025":101},"reports_by_month":{"2020-09":2,"2021-07":1,"2021-10":1,"2022-03":1,"2022-08":1,"2022-12":1,"2023-04":1,"2023-05":1,"2023-10":1,"2023-11":1,"2024-01":1,"2024-02":5,"2024-03":3,"2024-04":2,"2024-05":2,"2024-06":6,"2024-07":3,"2024-08":5,"2024-09":3,"2024-10":4,"2024-11":2,"2024-12":3,"2025-01":4,"2025-02":2,"2025-03":11,"2025-04":13,"2025-05":21,"2025-06":9,"2025-07":3,"2025-08":25,"2025-09":13},"latest_month":"2025-09"}},{"type":"Feature","geometry":{"type":"Polygon","coordinates":[[[-117.16056,32.706838],[-117.160998,32.708322],[-117.160091,32.708326],[-117.16009,32.707556],[-117.16009,32.707554],[-117.160091,32.707541],[-117.160091,32.70754],[-117.160093,32.707527],[-117.160095,32.707513],[-117.160098,32.7075],[-117.160101,32.707486],[-117.160105,32.707473],[-117.160105,32.707472],[-117.160109,32.70746],[-117.160114,32.707447],[-117.160119,32.707433],[-117.160124,32.70742],[-117.16013,32.707408],[-117.16013,32.707407],[-117.160136,32.707395],[-117.160143,32.707382],[-117.16015,32.70737],[-117.160157,32.707358],[-117.160165,32.707346],[-117.160166,32.707345],[-117.160166,32.707345],[-117.160174,32.707334],[-117.160182,32.707322],[-117.160191,32.707311],[-117.160201,32.7073],[-117.160211,32.707289],[-117.160285,32.707193],[-117.16056,32.706838]]]},"properties":{"block_id":"05TH_AV_K_ST","neighborhood":"Gaslamp","total_reports":129,"latest_year":"2025","latest_year_reports":17,"reports_by_year":{"2018":1,"2019":2,"2020":6,"2021":6,"2022":5,"2023":7,"2024":85,"2025":17},"reports_by_month":{"2018-12":1,"2019-10":2,"2020-01":2,"2020-02":1,"2020-04":1,"2020-06":1,"2020-10":1,"2021-03":1,"2021-07":2,"2021-08":1,"2021-10":1,"2021-11":1,"2022-02":1,"2022-07":3,"2022-08":1,"2023-03":1,"2023-08":1,"2023-09":1,"2023-12":4,"2024-01":2,"2024-02":8,"2024-03":5,"2024-04":1,"2024-05":1,"2024-06":4,"2024-07":7,"2024-08":4,"2024-09":19,"2024-10":17,"2024-11":9,"2024-12":8,"2025-01":2,"2025-02":1,"2025-03":1,"2025-04":1,"2025-05":1,"2025-06":1,"2025-07":5,"2025-08":2,"2025-09":3},"latest_month":"2025-09"}},{"type":"Feature","geometry":{"type":"Polygon","coordinates":[[[-117.159206,32.710441],[-117.160119,32.710426],[-117.160121,32.711489],[-117.15921,32.711501],[-117.159206,32.710441]]]},"properties":{"block_id":"06TH_AV_MARKET_ST","neighborhood":"Gaslamp","total_reports":95,"latest_year":"2025","latest_year_reports":17,"reports_by_year":{"2018":0,"2019":4,"2020":9,"2021":4,"2022":20,"2023":17,"2024":24,"2025":17},"reports_by_month":{"2019-07":1,"2019-08":1,"2019-09":1,"2019-12":1,"2020-01":1,"2020-05":2,"2020-06":1,"2020-07":2,"2020-08":1,"2020-12":2,"2021-04":1,"2021-06":1,"2021-09":1,"2021-11":1,"2022-01":2,"2022-02":1,"2022-03":2,"2022-04":2,"2022-06":6,"2022-07":1,"2022-09":1,"2022-10":1,"2022-11":3,"2022-12":1,"2023-02":1,"2023-03":3,"2023-04":3,"2023-06":1,"2023-07":4,"2023-10":3,"2023-12":2,"2024-01":3,"2024-03":1,"2024-04":3,"2024-05":2,"2024-06":2,"2024-07":3,"2024-08":2,"2024-09":2,"2024-10":3,"2024-11":2,"2024-12":1,"2025-01":2,"2025-02":3,"2025-03":2,"2025-04":1,"2025-05":1,"2025-06":3,"2025-07":2,"2025-08":3},"latest_month":"2025-09"}},{"type":"Feature","geometry":{"type":"Polygon","coordinates":[[[-117.160158,32.7157],[-117.159703,32.715703],[-117.159414,32.715705],[-117.159322,32.715706],[-117.15926,32.715706],[-117.15926,32.715638],[-117.159258,32.715322],[-117.159253,32.714659],[-117.160153,32.71465],[-117.160156,32.715276],[-117.160156,32.715297],[-117.160157,32.715559],[-117.160158,32.7157]]]},"properties":{"block_id":"06TH_AV_BROADWAY","neighborhood":"Gaslamp","total_reports":204,"latest_year":"2025","latest_year_reports":19,"reports_by_year":{"2018":0,"2019":0,"2020":4,"2021":27,"2022":35,"2023":23,"2024":96,"2025":19},"reports_by_month":{"2020-02":2,"2020-08":1,"2020-12":1,"2021-01":1,"2021-03":3,"2021-04":3,"2021-05":6,"2021-06":1,"2021-07":1,"2021-08":2,"2021-09":3,"2021-11":7,"2022-01":3,"2022-02":5,"2022-03":1,"2022-04":1,"2022-05":3,"2022-06":1,"2022-07":1,"2022-08":3,"2022-09":1,"2022-10":5,"2022-11":9,"2022-12":2,"2023-01":5,"2023-02":4,"2023-03":2,"2023-04":3,"2023-05":1,"2023-06":2,"2023-07":1,"2023-11":3,"2023-12":2,"2024-01":5,"2024-02":27,"2024-03":35,"2024-04":8,"2024-06":1,"2024-08":8,"2024-09":3,"2024-10":1,"2024-11":6,"2024-12":2,"2025-02":5,"2025-03":6,"2025-05":1,"2025-06":1,"2025-07":2,"2025-08":3,"2025-09":1},"latest_month":"2025-09"}},{"type":"Feature","geometry":{"type":"Polygon","coordinates":[[[-117.15926,32.715706],[-117.159322,32.715706],[-117.159414,32.715705],[-117.159703,32.715703],[-117.160158,32.7157],[-117.160165,32.716763],[-117.159271,32.716764],[-117.159261,32.715799],[-117.159261,32.71579],[-117.159261,32.715737],[-117.15926,32.715708],[-117.15926,32.715706]]]},"properties":{"block_id":"06TH_AV_C_ST","neighborhood":"City Center","total_reports":177,"latest_year":"2025","latest_year_reports":40,"reports_by_year":{"2018":1,"2019":1,"2020":1,"2021":22,"2022":21,"2023":30,"2024":61,"2025":40},"reports_by_month":{"2018-10":1,"2019-08":1,"2020-09":1,"2021-01":2,"2021-02":10,"2021-03":1,"2021-04":1,"2021-09":2,"2021-10":2,"2021-11":2,"2021-12":2,"2022-01":3,"2022-02":3,"2022-03":3,"2022-05":1,"2022-06":1,"2022-08":1,"2022-10":4,"2022-11":5,"2023-02":2,"2023-03":6,"2023-04":5,"2023-05":1,"2023-07":1,"2023-08":1,"2023-09":4,"2023-10":2,"2023-11":6,"2023-12":2,"2024-01":4,"2024-02":4,"2024-03":4,"2024-04":6,"2024-05":1,"2024-06":5,"2024-07":6,"2024-08":5,"2024-09":5,"2024-10":7,"2024-11":6,"2024-12":8,"2025-01":2,"2025-02":4,"2025-03":6,"2025-04":2,"2025-05":6,"2025-06":5,"2025-07":8,"2025-08":4,"2025-09":3},"latest_month":"2025-09"}},{"type":"Feature","geometry":{"type":"Polygon","coordinates":[[[-117.15926,32.715706],[-117.159248,32.715706],[-117.158949,32.715708],[-117.158652,32.715709],[-117.158634,32.715709],[-117.15834,32.71571],[-117.158336,32.714666],[-117.159253,32.714659],[-117.159258,32.715322],[-117.15926,32.715638],[-117.15926,32.715706]]]},"properties":{"block_id":"07TH_AV_BROADWAY","neighborhood":"City Center","total_reports":732,"latest_year":"2025","latest_year_reports":9,"reports_by_year":{"2018":0,"2019":0,"2020":1,"2021":3,"2022":278,"2023":420,"2024":21,"2025":9},"reports_by_month":{"2020-12":1,"2021-09":1,"2021-10":1,"2021-11":1,"2022-01":4,"2022-02":1,"2022-03":9,"2022-04":5,"2022-05":23,"2022-06":37,"2022-07":20,"2022-08":1,"2022-09":1,"2022-10":34,"2022-11":96,"2022-12":47,"2023-01":54,"2023-02":61,"2023-03":37,"2023-04":45,"2023-05":93,"2023-06":26,"2023-07":47,"2023-08":44,"2023-09":6,"2023-10":2,"2023-11":2,"2023-12":3,"2024-01":2,"2024-03":4,"2024-04":4,"2024-07":1,"2024-08":3,"2024-09":4,"2024-10":1,"2024-11":1,"2024-12":1,"2025-02":1,"2025-05":1,"2025-06":4,"2025-07":1,"2025-08":1,"2025-09":1},"latest_month":"2025-09"}},{"type":"Feature","geometry":{"type":"Polygon","coordinates":[[[-117.15834,32.71571],[-117.158634,32.715709],[-117.158652,32.715709],[-117.158949,32.715708],[-117.159248,32.715706],[-117.15926,32.715706],[-117.15926,32.715708],[-117.159261,32.715737],[-117.159261,32.71579],[-117.159261,32.715799],[-117.159271,32.716764],[-117.158348,32.716763],[-117.158344,32.716294],[-117.158341,32.715844],[-117.158341,32.715803],[-117.15834,32.71571]]]},"properties":{"block_id":"07TH_AV_C_ST","neighborhood":"City Center","total_reports":92,"latest_year":"2025","latest_year_reports":24,"reports_by_year":{"2018":0,"2019":1,"2020":4,"2021":0,"2022":13,"2023":13,"2024":37,"2025":24},"reports_by_month":{"2019-10":1,"2020-04":1,"2020-07":1,"2020-08":1,"2020-10":1,"2022-04":1,"2022-05":6,"2022-07":1,"2022-09":1,"2022-10":3,"2022-12":1,"2023-01":2,"2023-02":1,"2023-03":2,"2023-05":1,"2023-06":2,"2023-07":1,"2023-08":1,"2023-10":1,"2023-11":1,"2023-12":1,"2024-01":2,"2024-02":7,"2024-03":4,"2024-04":9,"2024-06":1,"2024-07":3,"2024-08":4,"2024-09":1,"2024-10":2,"2024-11":3,"2024-12":1,"2025-01":3,"2025-02":5,"2025-03":1,"2025-04":2,"2025-05":5,"2025-06":2,"2025-07":4,"2025-08":2},"latest_month":"2025-09"}},{"type":"Feature","geometry":{"type":"Polygon","coordinates":[[[-117.161081,32.715696],[-117.160158,32.7157],[-117.160157,32.715559],[-117.160156,32.715297],[-117.160156,32.715276],[-117.160153,32.71465],[-117.161077,32.714643],[-117.161077,32.71479],[-117.161077,32.714801],[-117.161078,32.715051],[-117.161081,32.715696]]]},"properties":{"block_id":"05TH_AV_BROADWAY","neighborhood":"Gaslamp","total_reports":121,"latest_year":"2025","latest_year_reports":27,"reports_by_year":{"2018":1,"2019":1,"2020":6,"2021":10,"2022":8,"2023":14,"2024":54,"2025":27},"reports_by_month":{"2018-10":1,"2019-10":1,"2020-01":1,"2020-04":1,"2020-07":2,"2020-08":2,"2021-02":2,"2021-03":1,"2021-05":2,"2021-06":1,"2021-10":1,"2021-12":3,"2022-03":1,"2022-04":2,"2022-05":2,"2022-07":1,"2022-09":2,"2023-02":3,"2023-03":1,"2023-04":5,"2023-05":1,"2023-07":1,"2023-09":1,"2023-10":1,"2023-12":1,"2024-01":5,"2024-02":2,"2024-03":10,"2024-04":7,"2024-05":5,"2024-06":3,"2024-07":4,"2024-08":5,"2024-09":4,"2024-10":5,"2024-11":4,"2025-01":3,"2025-02":1,"2025-03":4,"2025-04":2,"2025-05":2,"2025-06":2,"2025-07":5,"2025-08":6,"2025-09":2},"latest_month":"2025-09"}},{"type":"Feature","geometry":{"type":"Polygon","coordinates":[[[-117.160158,32.7157],[-117.161081,32.715696],[-117.161089,32.716762],[-117.160165,32.716763],[-117.160158,32.7157]]]},"properties":{"block_id":"05TH_AV_C_ST","neighborhood":"City Center","total_reports":134,"latest_year":"2025","latest_year_reports":9,"reports_by_year":{"2018":0,"2019":0,"2020":20,"2021":19,"2022":11,"2023":23,"2024":52,"2025":9},"reports_by_month":{"2020-04":1,"2020-06":7,"2020-07":7,"2020-08":4,"2020-11":1,"2021-01":1,"2021-02":10,"2021-03":2,"2021-08":1,"2021-12":5,"2022-01":1,"2022-02":1,"2022-04":3,"2022-07":1,"2022-09":4,"2022-10":1,"2023-01":1,"2023-02":2,"2023-06":1,"2023-07":3,"2023-08":3,"2023-09":1,"2023-10":4,"2023-11":4,"2023-12":4,"2024-01":2,"2024-02":2,"2024-03":9,"2024-04":7,"2024-05":3,"2024-06":9,"2024-07":9,"2024-08":1,"2024-09":2,"2024-10":6,"2024-12":2,"2025-01":1,"2025-03":1,"2025-05":3,"2025-06":1,"2025-07":1,"2025-08":2},"latest_month":"2025-09"}},{"type":"Feature","geometry":{"type":"Polygon","coordinates":[[[-117.160285,32.707193],[-117.160211,32.707289],[-117.159193,32.707283],[-117.15919,32.706667],[-117.15919,32.706579],[-117.159188,32.706186],[-117.159049,32.705932],[-117.159553,32.706258],[-117.16056,32.706838],[-117.160285,32.707193]]]},"properties":{"block_id":"06TH_AV_L_ST","neighborhood":"Gaslamp","total_reports":53,"latest_year":"2025","latest_year_reports":4,"reports_by_year":{"2018":0,"2019":2,"2020":4,"2021":0,"2022":0,"2023":7,"2024":36,"2025":4},"reports_by_month":{"2019-01":1,"2019-05":1,"2020-02":1,"2020-03":2,"2020-05":1,"2023-03":1,"2023-04":3,"2023-11":1,"2023-12":2,"2024-01":1,"2024-02":1,"2024-03":1,"2024-04":3,"2024-05":3,"2024-06":10,"2024-07":2,"2024-08":1,"2024-09":1,"2024-10":3,"2024-11":6,"2024-12":4,"2025-01":3,"2025-07":1},"latest_month":"2025-09"}},{"type":"Feature","geometry":{"type":"Polygon","coordinates":[[[-117.159195,32.709382],[-117.159206,32.710441],[-117.158286,32.71042],[-117.158304,32.709395],[-117.159195,32.709382]]]},"properties":{"block_id":"07TH_AV_ISLAND_AV","neighborhood":"South East Village","total_reports":397,"latest_year":"2025","latest_year_reports":33,"reports_by_year":{"2018":1,"2019":1,"2020":4,"2021":29,"2022":23,"2023":117,"2024":189,"2025":33},"reports_by_month":{"2018-12":1,"2019-01":1,"2020-04":1,"2020-06":3,"2021-03":2,"2021-05":4,"2021-06":13,"2021-07":1,"2021-08":2,"2021-09":2,"2021-10":2,"2021-11":1,"2021-12":2,"2022-01":5,"2022-03":4,"2022-04":3,"2022-05":3,"2022-08":1,"2022-10":6,"2022-12":1,"2023-01":1,"2023-02":3,"2023-03":2,"2023-04":12,"2023-05":17,"2023-06":7,"2023-07":13,"2023-08":6,"2023-09":7,"2023-10":7,"2023-11":10,"2023-12":32,"2024-01":36,"2024-02":7,"2024-03":24,"2024-04":19,"2024-05":39,"2024-06":29,"2024-07":10,"2024-08":13,"2024-09":5,"2024-10":4,"2024-11":1,"2024-12":2,"2025-01":4,"2025-02":1,"2025-03":5,"2025-05":3,"2025-07":3,"2025-08":11,"2025-09":6},"latest_month":"2025-09"}},{"type":"Feature","geometry":{"type":"Polygon","coordinates":[[[-117.160211,32.707289],[-117.160201,32.7073],[-117.160191,32.707311],[-117.160182,32.707322],[-117.160174,32.707334],[-117.160166,32.707345],[-117.160166,32.707345],[-117.160165,32.707346],[-117.160157,32.707358],[-117.16015,32.70737],[-117.160143,32.707382],[-117.160136,32.707395],[-117.16013,32.707407],[-117.16013,32.707408],[-117.160124,32.70742],[-117.160119,32.707433],[-117.160114,32.707447],[-117.160109,32.70746],[-117.160105,32.707472],[-117.160105,32.707473],[-117.160101,32.707486],[-117.160098,32.7075],[-117.160095,32.707513],[-117.160093,32.707527],[-117.160091,32.70754],[-117.160091,32.707541],[-117.16009,32.707554],[-117.16009,32.707556],[-117.160091,32.708326],[-117.159194,32.708333],[-117.159193,32.707563],[-117.159193,32.707283],[-117.160211,32.707289]]]},"properties":{"block_id":"06TH_AV_K_ST","neighborhood":"Gaslamp","total_reports":68,"latest_year":"2025","latest_year_reports":16,"reports_by_year":{"2018":1,"2019":1,"2020":0,"2021":3,"2022":12,"2023":3,"2024":32,"2025":16},"reports_by_month":{"2018-10":1,"2019-08":1,"2021-02":1,"2021-05":1,"2021-11":1,"2022-01":1,"2022-02":1,"2022-03":2,"2022-04":2,"2022-05":2,"2022-06":1,"2022-07":1,"2022-09":1,"2022-12":1,"2023-02":1,"2023-03":1,"2023-10":1,"2024-01":3,"2024-02":1,"2024-03":2,"2024-07":2,"2024-09":6,"2024-10":5,"2024-11":11,"2024-12":2,"2025-01":4,"2025-03":2,"2025-04":1,"2025-05":1,"2025-06":1,"2025-07":3,"2025-08":3,"2025-09":1},"latest_month":"2025-09"}},{"type":"Feature","geometry":{"type":"Polygon","coordinates":[[[-117.159194,32.708333],[-117.158274,32.708342],[-117.158269,32.70757],[-117.158267,32.707292],[-117.159193,32.707283],[-117.159193,32.707563],[-117.159194,32.708333]]]},"properties":{"block_id":"TONY_GWYNN_DR_K_ST","neighborhood":"South East Village","total_reports":66,"latest_year":"2025","latest_year_reports":55,"reports_by_year":{"2018":0,"2019":0,"2020":0,"2021":1,"2022":4,"2023":2,"2024":4,"2025":55},"reports_by_month":{"2021-09":1,"2022-06":1,"2022-07":1,"2022-11":1,"2022-12":1,"2023-04":1,"2023-05":1,"2024-01":1,"2024-08":1,"2024-09":2,"2025-01":1,"2025-04":2,"2025-05":6,"2025-06":7,"2025-07":24,"2025-08":14,"2025-09":1},"latest_month":"2025-09"}},{"type":"Feature","geometry":{"type":"Polygon","coordinates":[[[-117.158274,32.708342],[-117.159194,32.708333],[-117.159195,32.709382],[-117.158304,32.709395],[-117.158274,32.708342]]]},"properties":{"block_id":"07TH_AV_J_ST","neighborhood":"South East Village","total_reports":161,"latest_year":"2025","latest_year_reports":146,"reports_by_year":{"2018":0,"2019":0,"2020":1,"2021":6,"2022":0,"2023":2,"2024":6,"2025":146},"reports_by_month":{"2020-07":1,"2021-02":1,"2021-05":1,"2021-06":2,"2021-08":1,"2021-09":1,"2023-07":2,"2024-02":1,"2024-06":1,"2024-08":1,"2024-10":3,"2025-04":33,"2025-05":18,"2025-06":8,"2025-07":18,"2025-08":51,"2025-09":18},"latest_month":"2025-09"}},{"type":"Feature","geometry":{"type":"Polygon","coordinates":[[[-117.160146,32.713625],[-117.160153,32.71465],[-117.159253,32.714659],[-117.159242,32.713629],[-117.160146,32.713625]]]},"properties":{"block_id":"06TH_AV_E_ST","neighborhood":"Gaslamp","total_reports":87,"latest_year":"2025","latest_year_reports":9,"reports_by_year":{"2018":1,"2019":1,"2020":3,"2021":4,"2022":8,"2023":12,"2024":49,"2025":9},"reports_by_month":{"2018-10":1,"2019-12":1,"2020-06":1,"2020-09":1,"2020-10":1,"2021-03":1,"2021-05":1,"2021-08":1,"2021-12":1,"2022-01":1,"2022-03":1,"2022-08":2,"2022-09":1,"2022-11":1,"2022-12":2,"2023-01":3,"2023-02":2,"2023-04":1,"2023-05":2,"2023-06":1,"2023-07":2,"2023-08":1,"2024-02":3,"2024-03":6,"2024-04":5,"2024-05":11,"2024-06":3,"2024-07":2,"2024-08":3,"2024-09":4,"2024-10":6,"2024-11":2,"2024-12":4,"2025-02":2,"2025-03":5,"2025-05":1,"2025-06":1},"latest_month":"2025-09"}},{"type":"Feature","geometry":{"type":"Polygon","coordinates":[[[-117.159242,32.713629],[-117.159253,32.714659],[-117.158336,32.714666],[-117.158329,32.713633],[-117.159242,32.713629]]]},"properties":{"block_id":"07TH_AV_E_ST","neighborhood":"East Village","total_reports":1276,"latest_year":"2025","latest_year_reports":28,"reports_by_year":{"2018":0,"2019":0,"2020":1,"2021":18,"2022":374,"2023":783,"2024":72,"2025":28},"reports_by_month":{"2020-02":1,"2021-01":1,"2021-02":4,"2021-03":1,"2021-04":2,"2021-06":1,"2021-09":3,"2021-10":1,"2021-11":1,"2021-12":4,"2022-01":25,"2022-02":36,"2022-03":30,"2022-04":29,"2022-05":30,"2022-06":36,"2022-07":16,"2022-08":22,"2022-09":20,"2022-10":18,"2022-11":59,"2022-12":53,"2023-01":34,"2023-02":20,"2023-03":9,"2023-04":187,"2023-05":172,"2023-06":61,"2023-07":47,"2023-08":46,"2023-09":19,"2023-10":41,"2023-11":104,"2023-12":43,"2024-01":7,"2024-02":6,"2024-03":7,"2024-04":4,"2024-05":6,"2024-06":3,"2024-07":1,"2024-08":2,"2024-09":7,"2024-10":5,"2024-11":12,"2024-12":12,"2025-01":6,"2025-02":2,"2025-04":1,"2025-05":5,"2025-06":2,"2025-07":4,"2025-08":3,"2025-09":5},"latest_month":"2025-09"}},{"type":"Feature","geometry":{"type":"Polygon","coordinates":[[[-117.159193,32.707283],[-117.158267,32.707292],[-117.158256,32.706279],[-117.158178,32.706238],[-117.157347,32.705807],[-117.15734,32.705804],[-117.157225,32.705744],[-117.156982,32.705618],[-117.156982,32.705618],[-117.157056,32.70555],[-117.157151,32.705464],[-117.157151,32.705464],[-117.157165,32.705452],[-117.1573,32.705329],[-117.157304,32.705325],[-117.157638,32.705021],[-117.159049,32.705932],[-117.159188,32.706186],[-117.15919,32.706579],[-117.15919,32.706667],[-117.159193,32.707283]]]},"properties":{"block_id":"TONY_GWYNN_DR_L_ST","neighborhood":"South East Village","total_reports":39,"latest_year":"2025","latest_year_reports":2,"reports_by_year":{"2018":0,"2019":0,"2020":1,"2021":2,"2022":1,"2023":13,"2024":20,"2025":2},"reports_by_month":{"2020-11":1,"2021-02":1,"2021-09":1,"2022-05":1,"2023-04":4,"2023-05":1,"2023-07":2,"2023-08":1,"2023-09":2,"2023-10":1,"2023-11":2,"2024-02":4,"2024-03":4,"2024-05":1,"2024-08":1,"2024-09":2,"2024-10":4,"2024-11":1,"2024-12":3,"2025-01":1,"2025-09":1},"latest_month":"2025-09"}},{"type":"Feature","geometry":{"type":"Polygon","coordinates":[[[-117.161072,32.713621],[-117.160146,32.713625],[-117.160134,32.712568],[-117.160134,32.712567],[-117.160135,32.712567],[-117.160142,32.712566],[-117.160556,32.712561],[-117.161068,32.712554],[-117.161072,32.713621]]]},"properties":{"block_id":"05TH_AV_F_ST","neighborhood":"Gaslamp","total_reports":89,"latest_year":"2025","latest_year_reports":26,"reports_by_year":{"2018":0,"2019":8,"2020":15,"2021":9,"2022":10,"2023":11,"2024":10,"2025":26},"reports_by_month":{"2019-07":1,"2019-08":1,"2019-09":2,"2019-11":3,"2019-12":1,"2020-01":2,"2020-02":1,"2020-03":2,"2020-04":2,"2020-05":2,"2020-07":1,"2020-08":1,"2020-09":1,"2020-10":1,"2020-11":1,"2020-12":1,"2021-03":5,"2021-05":1,"2021-10":1,"2021-11":1,"2021-12":1,"2022-02":2,"2022-03":1,"2022-04":1,"2022-05":1,"2022-08":1,"2022-09":3,"2022-12":1,"2023-03":2,"2023-04":1,"2023-05":3,"2023-06":1,"2023-07":1,"2023-09":1,"2023-11":1,"2023-12":1,"2024-01":1,"2024-03":3,"2024-08":2,"2024-09":2,"2024-10":1,"2024-11":1,"2025-02":4,"2025-03":6,"2025-04":4,"2025-05":2,"2025-06":2,"2025-07":2,"2025-08":4,"2025-09":2},"latest_month":"2025-09"}},{"type":"Feature","geometry":{"type":"Polygon","coordinates":[[[-117.160134,32.712567],[-117.160134,32.712568],[-117.160146,32.713625],[-117.159242,32.713629],[-117.159231,32.71257],[-117.160134,32.712567]]]},"properties":{"block_id":"06TH_AV_F_ST","neighborhood":"Gaslamp","total_reports":195,"latest_year":"2025","latest_year_reports":12,"reports_by_year":{"2018":0,"2019":11,"2020":22,"2021":79,"2022":57,"2023":6,"2024":8,"2025":12},"reports_by_month":{"2019-08":3,"2019-09":5,"2019-10":3,"2020-02":3,"2020-03":1,"2020-04":6,"2020-05":4,"2020-06":2,"2020-09":2,"2020-10":2,"2020-12":2,"2021-01":9,"2021-02":12,"2021-03":9,"2021-04":32,"2021-06":2,"2021-07":1,"2021-11":5,"2021-12":9,"2022-01":14,"2022-02":12,"2022-03":1,"2022-05":1,"2022-07":8,"2022-08":3,"2022-09":7,"2022-10":10,"2022-11":1,"2023-03":1,"2023-04":1,"2023-05":2,"2023-07":1,"2023-09":1,"2024-03":2,"2024-04":2,"2024-10":1,"2024-11":1,"2024-12":2,"2025-02":1,"2025-03":3,"2025-05":2,"2025-06":3,"2025-08":1,"2025-09":2},"latest_month":"2025-09"}},{"type":"Feature","geometry":{"type":"Polygon","coordinates":[[[-117.158286,32.71042],[-117.159206,32.710441],[-117.15921,32.711501],[-117.158661,32.711502],[-117.15831,32.711503],[-117.158304,32.711229],[-117.158302,32.711128],[-117.158286,32.71042]]]},"properties":{"block_id":"07TH_AV_MARKET_ST","neighborhood":"South East Village","total_reports":490,"latest_year":"2025","latest_year_reports":19,"reports_by_year":{"2018":0,"2019":0,"2020":20,"2021":34,"2022":29,"2023":206,"2024":182,"2025":19},"reports_by_month":{"2020-03":1,"2020-05":1,"2020-06":7,"2020-07":9,"2020-08":1,"2020-11":1,"2021-03":5,"2021-04":2,"2021-05":1,"2021-06":3,"2021-07":5,"2021-08":4,"2021-09":7,"2021-10":2,"2021-11":1,"2021-12":4,"2022-01":1,"2022-02":2,"2022-03":4,"2022-04":1,"2022-05":2,"2022-06":3,"2022-08":1,"2022-10":4,"2022-11":4,"2022-12":7,"2023-01":8,"2023-02":11,"2023-03":43,"2023-04":5,"2023-05":8,"2023-06":2,"2023-07":1,"2023-08":1,"2023-09":4,"2023-10":2,"2023-11":29,"2023-12":92,"2024-01":85,"2024-02":7,"2024-03":22,"2024-04":27,"2024-05":15,"2024-06":8,"2024-07":7,"2024-08":3,"2024-09":3,"2024-10":4,"2024-12":1,"2025-01":1,"2025-04":2,"2025-05":2,"2025-06":2,"2025-07":6,"2025-08":5,"2025-09":1},"latest_month":"2025-09"}},{"type":"Feature","geometry":{"type":"Polygon","coordinates":[[[-117.160134,32.712567],[-117.159231,32.71257],[-117.15921,32.711501],[-117.160121,32.711489],[-117.160134,32.712561],[-117.160134,32.712567]]]},"properties":{"block_id":"06TH_AV_G_ST","neighborhood":"Gaslamp","total_reports":440,"latest_year":"2025","latest_year_reports":21,"reports_by_year":{"2018":0,"2019":14,"2020":130,"2021":120,"2022":107,"2023":15,"2024":33,"2025":21},"reports_by_month":{"2019-07":3,"2019-08":3,"2019-09":5,"2019-10":1,"2019-11":1,"2019-12":1,"2020-01":3,"2020-02":2,"2020-04":4,"2020-05":28,"2020-06":36,"2020-07":1,"2020-08":6,"2020-09":7,"2020-10":8,"2020-11":14,"2020-12":21,"2021-01":5,"2021-02":11,"2021-03":7,"2021-04":26,"2021-05":2,"2021-06":19,"2021-07":23,"2021-09":1,"2021-10":1,"2021-11":12,"2021-12":13,"2022-01":33,"2022-02":29,"2022-03":11,"2022-06":1,"2022-07":8,"2022-08":9,"2022-09":5,"2022-10":10,"2022-11":1,"2023-02":1,"2023-03":1,"2023-04":1,"2023-05":2,"2023-08":1,"2023-09":1,"2023-10":3,"2023-11":1,"2023-12":4,"2024-01":1,"2024-03":8,"2024-04":2,"2024-05":3,"2024-06":3,"2024-07":2,"2024-08":2,"2024-09":9,"2024-10":1,"2024-12":2,"2025-01":1,"2025-02":1,"2025-03":7,"2025-04":2,"2025-05":3,"2025-06":2,"2025-07":2,"2025-08":2,"2025-09":1},"latest_month":"2025-09"}},{"type":"Feature","geometry":{"type":"Polygon","coordinates":[[[-117.15921,32.711501],[-117.159231,32.71257],[-117.159223,32.712571],[-117.158986,32.712573],[-117.158324,32.71258],[-117.158324,32.712566],[-117.15831,32.711504],[-117.15831,32.711503],[-117.158661,32.711502],[-117.15921,32.711501]]]},"properties":{"block_id":"07TH_AV_G_ST","neighborhood":"East Village","total_reports":94,"latest_year":"2025","latest_year_reports":5,"reports_by_year":{"2018":0,"2019":1,"2020":16,"2021":48,"2022":4,"2023":8,"2024":12,"2025":5},"reports_by_month":{"2019-05":1,"2020-02":1,"2020-05":2,"2020-06":3,"2020-08":5,"2020-10":2,"2020-11":2,"2020-12":1,"2021-01":15,"2021-02":6,"2021-03":8,"2021-04":15,"2021-05":1,"2021-06":1,"2021-09":1,"2021-12":1,"2022-05":1,"2022-08":2,"2022-09":1,"2023-04":3,"2023-05":2,"2023-06":1,"2023-11":1,"2023-12":1,"2024-01":4,"2024-02":1,"2024-03":1,"2024-04":3,"2024-05":1,"2024-11":1,"2024-12":1,"2025-03":2,"2025-05":1,"2025-06":1,"2025-08":1},"latest_month":"2025-09"}},{"type":"Feature","geometry":{"type":"Polygon","coordinates":[[[-117.159231,32.71257],[-117.159242,32.713629],[-117.158329,32.713633],[-117.158329,32.713622],[-117.158327,32.713237],[-117.158325,32.71265],[-117.158324,32.712606],[-117.158324,32.712587],[-117.158324,32.71258],[-117.158986,32.712573],[-117.159223,32.712571],[-117.159231,32.71257]]]},"properties":{"block_id":"07TH_AV_F_ST","neighborhood":"East Village","total_reports":243,"latest_year":"2025","latest_year_reports":57,"reports_by_year":{"2018":0,"2019":4,"2020":7,"2021":39,"2022":48,"2023":60,"2024":28,"2025":57},"reports_by_month":{"2019-10":1,"2019-11":1,"2019-12":2,"2020-02":2,"2020-06":2,"2020-10":1,"2020-12":2,"2021-01":4,"2021-02":1,"2021-03":8,"2021-04":3,"2021-06":15,"2021-09":2,"2021-10":1,"2021-11":4,"2021-12":1,"2022-01":7,"2022-02":8,"2022-03":6,"2022-04":5,"2022-05":3,"2022-06":2,"2022-07":1,"2022-08":2,"2022-10":1,"2022-11":8,"2022-12":5,"2023-01":1,"2023-03":2,"2023-04":5,"2023-05":8,"2023-06":1,"2023-07":4,"2023-08":1,"2023-09":2,"2023-10":5,"2023-11":7,"2023-12":24,"2024-01":2,"2024-02":2,"2024-03":3,"2024-04":3,"2024-06":1,"2024-07":3,"2024-08":3,"2024-09":1,"2024-10":5,"2024-11":1,"2024-12":4,"2025-01":5,"2025-02":6,"2025-03":12,"2025-04":2,"2025-05":3,"2025-07":6,"2025-08":13,"2025-09":10},"latest_month":"2025-09"}},{"type":"Feature","geometry":{"type":"Polygon","coordinates":[[[-117.144922,32.714734],[-117.144912,32.7137],[-117.145188,32.713704],[-117.145841,32.713925],[-117.145842,32.714727],[-117.144922,32.714734]]]},"properties":{"block_id":"21ST_ST_E_ST","neighborhood":"Golden Hill","total_reports":13,"latest_year":"2025","latest_year_reports":0,"reports_by_year":{"2018":0,"2019":0,"2020":1,"2021":1,"2022":2,"2023":2,"2024":7,"2025":0},"reports_by_month":{"2020-06":1,"2021-06":1,"2022-05":1,"2022-11":1,"2023-06":1,"2023-07":1,"2024-05":3,"2024-06":4},"latest_month":"2025-09"}},{"type":"Feature","geometry":{"type":"Polygon","coordinates":[[[-117.144,32.713204],[-117.143999,32.713116],[-117.143998,32.713034],[-117.144,32.713034],[-117.14437,32.713042],[-117.144883,32.713082],[-117.144967,32.713087],[-117.145691,32.713239],[-117.147073,32.713665],[-117.14708,32.713676],[-117.147087,32.713685],[-117.147558,32.713978],[-117.147554,32.71407],[-117.147549,32.714183],[-117.147534,32.71452],[-117.147537,32.714743],[-117.147553,32.715766],[-117.147553,32.715767],[-117.147553,32.715767],[-117.147513,32.715767],[-117.147326,32.715766],[-117.147127,32.715768],[-117.146939,32.715769],[-117.14675,32.71577],[-117.146721,32.714776],[-117.146723,32.714347],[-117.146526,32.714178],[-117.146451,32.714132],[-117.146205,32.713941],[-117.146022,32.713827],[-117.146017,32.713825],[-117.146003,32.713818],[-117.145989,32.713812],[-117.145975,32.713805],[-117.14596,32.713799],[-117.145946,32.713792],[-117.145931,32.713786],[-117.145917,32.71378],[-117.145903,32.713773],[-117.145888,32.713767],[-117.145874,32.713761],[-117.145859,32.713755],[-117.145844,32.713749],[-117.14583,32.713743],[-117.145815,32.713737],[-117.145801,32.713731],[-117.145786,32.713725],[-117.145771,32.713719],[-117.145756,32.713713],[-117.145742,32.713707],[-117.145727,32.713702],[-117.145719,32.713699],[-117.145712,32.713696],[-117.145697,32.71369],[-117.145683,32.713685],[-117.145668,32.713679],[-117.145653,32.713674],[-117.145638,32.713668],[-117.145623,32.713663],[-117.145608,32.713657],[-117.145593,32.713652],[-117.145578,32.713647],[-117.145563,32.713642],[-117.145557,32.71364],[-117.145548,32.713636],[-117.14554,32.713634],[-117.145533,32.713631],[-117.145518,32.713626],[-117.145502,32.713621],[-117.145487,32.713616],[-117.145472,32.713611],[-117.145457,32.713606],[-117.145442,32.713602],[-117.145426,32.713597],[-117.145411,32.713592],[-117.145396,32.713587],[-117.145381,32.713583],[-117.145365,32.713578],[-117.14535,32.713574],[-117.145335,32.713569],[-117.145319,32.713565],[-117.145304,32.71356],[-117.145299,32.713559],[-117.145288,32.713556],[-117.145279,32.713553],[-117.145273,32.713552],[-117.145258,32.713547],[-117.145242,32.713543],[-117.145227,32.713539],[-117.145211,32.713535],[-117.145196,32.713531],[-117.14518,32.713527],[-117.145164,32.713523],[-117.145149,32.713519],[-117.145133,32.713515],[-117.145118,32.713511],[-117.145102,32.713508],[-117.145086,32.713504],[-117.145071,32.7135],[-117.145055,32.713497],[-117.145039,32.713493],[-117.145026,32.71349],[-117.145024,32.713489],[-117.145021,32.713489],[-117.145008,32.713486],[-117.144992,32.713483],[-117.144976,32.713479],[-117.144961,32.713476],[-117.144945,32.713473],[-117.144929,32.713469],[-117.144001,32.7133],[-117.144,32.713204]]]},"properties":{"block_id":"22ND_ST_BROADWAY","neighborhood":"Golden Hill","total_reports":160,"latest_year":"2025","latest_year_reports":22,"reports_by_year":{"2018":0,"2019":0,"2020":9,"2021":19,"2022":14,"2023":21,"2024":75,"2025":22},"reports_by_month":{"2020-06":3,"2020-09":2,"2020-11":1,"2020-12":3,"2021-01":2,"2021-03":3,"2021-04":2,"2021-05":5,"2021-07":2,"2021-08":1,"2021-09":2,"2021-10":2,"2022-01":3,"2022-02":2,"2022-03":1,"2022-05":1,"2022-07":1,"2022-08":2,"2022-09":1,"2022-10":2,"2022-12":1,"2023-01":2,"2023-02":1,"2023-03":2,"2023-04":2,"2023-05":2,"2023-06":2,"2023-07":3,"2023-08":3,"2023-09":1,"2023-10":1,"2023-11":2,"2024-02":6,"2024-03":3,"2024-04":14,"2024-05":10,"2024-06":9,"2024-07":16,"2024-08":5,"2024-09":6,"2024-10":3,"2024-11":1,"2024-12":2,"2025-01":5,"2025-02":5,"2025-03":2,"2025-04":1,"2025-05":1,"2025-06":2,"2025-07":5,"2025-08":1},"latest_month":"2025-09"}},{"type":"Feature","geometry":{"type":"Polygon","coordinates":[[[-117.144896,32.717876],[-117.14495,32.717768],[-117.14495,32.717764],[-117.144946,32.717348],[-117.144946,32.717344],[-117.14494,32.716823],[-117.145847,32.716816],[-117.145851,32.717871],[-117.144951,32.717875],[-117.144896,32.717876]]]},"properties":{"block_id":"21ST_ST_B_ST","neighborhood":"Golden Hill","total_reports":7,"latest_year":"2025","latest_year_reports":0,"reports_by_year":{"2018":0,"2019":0,"2020":0,"2021":3,"2022":3,"2023":1,"2024":0,"2025":0},"reports_by_month":{"2021-07":2,"2021-08":1,"2022-04":2,"2022-09":1,"2023-11":1},"latest_month":"2025-09"}},{"type":"Feature","geometry":{"type":"Polygon","coordinates":[[[-117.14776,32.719136],[-117.147791,32.719275],[-117.147634,32.719233],[-117.147429,32.719204],[-117.147413,32.719203],[-117.147396,32.719203],[-117.14738,32.719202],[-117.147364,32.719202],[-117.147348,32.719202],[-117.147331,32.719202],[-117.147315,32.719202],[-117.147299,32.719202],[-117.147283,32.719202],[-117.147266,32.719203],[-117.14725,32.719203],[-117.147234,32.719204],[-117.147218,32.719205],[-117.147202,32.719206],[-117.147185,32.719207],[-117.147169,32.719208],[-117.147153,32.719209],[-117.147137,32.71921],[-117.147121,32.719212],[-117.147104,32.719213],[-117.147088,32.719215],[-117.147072,32.719217],[-117.147056,32.719219],[-117.14704,32.719221],[-117.147024,32.719223],[-117.147008,32.719225],[-117.146992,32.719228],[-117.146976,32.71923],[-117.14696,32.719233],[-117.146944,32.719236],[-117.146928,32.719238],[-117.146912,32.719241],[-117.146896,32.719244],[-117.146883,32.719247],[-117.146878,32.719248],[-117.146865,32.719251],[-117.146849,32.719254],[-117.146833,32.719258],[-117.146818,32.719262],[-117.146802,32.719265],[-117.146786,32.719269],[-117.146771,32.719273],[-117.146755,32.719277],[-117.14674,32.719282],[-117.146725,32.719286],[-117.146709,32.71929],[-117.146694,32.719295],[-117.146678,32.719299],[-117.146663,32.719304],[-117.146648,32.719309],[-117.146633,32.719314],[-117.146618,32.719319],[-117.146606,32.719323],[-117.1466,32.719325],[-117.146588,32.71933],[-117.146573,32.719335],[-117.146558,32.719341],[-117.146543,32.719346],[-117.146528,32.719352],[-117.146514,32.719358],[-117.146499,32.719364],[-117.146484,32.71937],[-117.14647,32.719376],[-117.146455,32.719382],[-117.146441,32.719389],[-117.146428,32.719395],[-117.146425,32.719396],[-117.146412,32.719402],[-117.146398,32.719408],[-117.146391,32.719412],[-117.146394,32.719409],[-117.146406,32.7194],[-117.146417,32.719391],[-117.146429,32.719381],[-117.146441,32.719371],[-117.146452,32.719361],[-117.146463,32.719352],[-117.146475,32.719342],[-117.146486,32.719332],[-117.146497,32.719322],[-117.146508,32.719311],[-117.146518,32.719301],[-117.146529,32.719291],[-117.14654,32.71928],[-117.14655,32.71927],[-117.146561,32.719259],[-117.146571,32.719249],[-117.146581,32.719238],[-117.146591,32.719227],[-117.146601,32.719216],[-117.146611,32.719206],[-117.146621,32.719195],[-117.146631,32.719183],[-117.14664,32.719172],[-117.14665,32.719161],[-117.146659,32.71915],[-117.146668,32.719139],[-117.146677,32.719127],[-117.146686,32.719116],[-117.146695,32.719104],[-117.146704,32.719093],[-117.146713,32.719081],[-117.146721,32.719069],[-117.146729,32.719058],[-117.146738,32.719046],[-117.146746,32.719034],[-117.146754,32.719022],[-117.146762,32.71901],[-117.14677,32.718998],[-117.146777,32.718986],[-117.146785,32.718974],[-117.146792,32.718961],[-117.1468,32.718949],[-117.146807,32.718937],[-117.146814,32.718924],[-117.146821,32.718912],[-117.146828,32.7189],[-117.146835,32.718887],[-117.146841,32.718875],[-117.146848,32.718862],[-117.146854,32.718849],[-117.14686,32.718837],[-117.146866,32.718824],[-117.146872,32.718811],[-117.146878,32.718798],[-117.146884,32.718785],[-117.146889,32.718772],[-117.146895,32.718759],[-117.1469,32.718746],[-117.146905,32.718733],[-117.14691,32.71872],[-117.146915,32.718707],[-117.14692,32.718694],[-117.146925,32.718681],[-117.146929,32.718668],[-117.146934,32.718655],[-117.146936,32.718647],[-117.146938,32.718641],[-117.146942,32.718628],[-117.146946,32.718615],[-117.14695,32.718601],[-117.146954,32.718588],[-117.146957,32.718575],[-117.146961,32.718561],[-117.146964,32.718548],[-117.146967,32.718534],[-117.14697,32.718521],[-117.146973,32.718507],[-117.146976,32.718494],[-117.146979,32.71848],[-117.146981,32.718467],[-117.146984,32.718453],[-117.146986,32.718439],[-117.146988,32.718426],[-117.14699,32.718412],[-117.146992,32.718398],[-117.146994,32.718385],[-117.146995,32.718371],[-117.146997,32.718357],[-117.146998,32.718344],[-117.146999,32.71833],[-117.147,32.718316],[-117.147001,32.718303],[-117.147002,32.718289],[-117.147003,32.718275],[-117.147003,32.718261],[-117.147003,32.718248],[-117.147004,32.718234],[-117.147004,32.71822],[-117.147004,32.718206],[-117.147003,32.718193],[-117.147003,32.718179],[-117.147003,32.718165],[-117.147002,32.718151],[-117.147001,32.718138],[-117.147,32.718124],[-117.146999,32.71811],[-117.146998,32.718097],[-117.146765,32.717867],[-117.146758,32.716809],[-117.146754,32.716287],[-117.14675,32.71577],[-117.146939,32.715769],[-117.147127,32.715768],[-117.147326,32.715766],[-117.147513,32.715767],[-117.147553,32.715767],[-117.147555,32.716273],[-117.147557,32.716811],[-117.147557,32.716812],[-117.147561,32.717842],[-117.147562,32.717864],[-117.147562,32.717864],[-117.147606,32.718378],[-117.147659,32.718642],[-117.14776,32.719136]]]},"properties":{"block_id":"19TH_ST_I-5_SB_OFF_RA","neighborhood":"Golden Hill","total_reports":299,"latest_year":"2025","latest_year_reports":59,"reports_by_year":{"2018":0,"2019":0,"2020":25,"2021":15,"2022":46,"2023":64,"2024":90,"2025":59},"reports_by_month":{"2020-02":1,"2020-04":1,"2020-05":7,"2020-06":4,"2020-07":1,"2020-09":2,"2020-10":4,"2020-11":3,"2020-12":2,"2021-01":2,"2021-02":3,"2021-03":2,"2021-04":2,"2021-06":1,"2021-08":1,"2021-11":2,"2021-12":2,"2022-01":1,"2022-02":3,"2022-03":9,"2022-04":13,"2022-05":1,"2022-06":4,"2022-07":5,"2022-08":4,"2022-09":3,"2022-10":2,"2022-11":1,"2023-01":2,"2023-02":4,"2023-03":5,"2023-04":1,"2023-05":1,"2023-06":6,"2023-07":8,"2023-08":6,"2023-09":2,"2023-10":2,"2023-11":11,"2023-12":16,"2024-01":20,"2024-02":6,"2024-03":3,"2024-04":7,"2024-05":7,"2024-06":4,"2024-07":6,"2024-08":4,"2024-09":3,"2024-10":6,"2024-11":17,"2024-12":7,"2025-01":17,"2025-02":2,"2025-03":15,"2025-04":3,"2025-05":6,"2025-06":7,"2025-07":5,"2025-08":3,"2025-09":1},"latest_month":"2025-09"}},{"type":"Feature","geometry":{"type":"Polygon","coordinates":[[[-117.14494,32.716823],[-117.144937,32.716298],[-117.144933,32.715781],[-117.145846,32.715777],[-117.145847,32.716293],[-117.145847,32.716296],[-117.145847,32.7163],[-117.145847,32.716816],[-117.14494,32.716823]]]},"properties":{"block_id":"21ST_ST_C_ST","neighborhood":"Golden Hill","total_reports":3,"latest_year":"2025","latest_year_reports":0,"reports_by_year":{"2018":0,"2019":0,"2020":0,"2021":1,"2022":0,"2023":2,"2024":0,"2025":0},"reports_by_month":{"2021-06":1,"2023-08":1,"2023-10":1},"latest_month":"2025-09"}},{"type":"Feature","geometry":{"type":"Polygon","coordinates":[[[-117.14675,32.71577],[-117.146754,32.716287],[-117.146758,32.716809],[-117.145847,32.716816],[-117.145847,32.7163],[-117.145847,32.716296],[-117.145847,32.716293],[-117.145846,32.715777],[-117.14675,32.71577]]]},"properties":{"block_id":"20TH_ST_C_ST","neighborhood":"Golden Hill","total_reports":19,"latest_year":"2025","latest_year_reports":1,"reports_by_year":{"2018":0,"2019":0,"2020":0,"2021":8,"2022":2,"2023":1,"2024":7,"2025":1},"reports_by_month":{"2021-04":1,"2021-06":1,"2021-07":5,"2021-08":1,"2022-03":1,"2022-06":1,"2023-04":1,"2024-04":2,"2024-05":1,"2024-08":2,"2024-10":1,"2024-11":1,"2025-01":1},"latest_month":"2025-09"}},{"type":"Feature","geometry":{"type":"Polygon","coordinates":[[[-117.145851,32.717871],[-117.145847,32.716816],[-117.146758,32.716809],[-117.146765,32.717867],[-117.145851,32.717871]]]},"properties":{"block_id":"20TH_ST_B_ST","neighborhood":"Golden Hill","total_reports":38,"latest_year":"2025","latest_year_reports":6,"reports_by_year":{"2018":0,"2019":2,"2020":11,"2021":2,"2022":4,"2023":5,"2024":8,"2025":6},"reports_by_month":{"2019-04":1,"2019-07":1,"2020-09":1,"2020-10":4,"2020-12":6,"2021-03":1,"2021-07":1,"2022-05":1,"2022-08":1,"2022-10":2,"2023-01":1,"2023-02":2,"2023-07":1,"2023-12":1,"2024-01":1,"2024-06":1,"2024-10":2,"2024-11":4,"2025-01":3,"2025-03":1,"2025-06":2},"latest_month":"2025-09"}},{"type":"Feature","geometry":{"type":"Polygon","coordinates":[[[-117.14675,32.71577],[-117.145846,32.715777],[-117.145842,32.714727],[-117.146619,32.714721],[-117.146628,32.714723],[-117.146644,32.714727],[-117.146649,32.714728],[-117.146652,32.71473],[-117.146659,32.714732],[-117.146673,32.714739],[-117.146678,32.714741],[-117.14668,32.714742],[-117.146687,32.714746],[-117.146699,32.714755],[-117.146711,32.714765],[-117.146721,32.714776],[-117.14675,32.71577]]]},"properties":{"block_id":"20TH_ST_BROADWAY","neighborhood":"Golden Hill","total_reports":30,"latest_year":"2025","latest_year_reports":0,"reports_by_year":{"2018":0,"2019":0,"2020":3,"2021":3,"2022":3,"2023":3,"2024":18,"2025":0},"reports_by_month":{"2020-10":2,"2020-11":1,"2021-08":1,"2021-11":2,"2022-01":1,"2022-02":1,"2022-12":1,"2023-04":1,"2023-09":1,"2023-10":1,"2024-04":4,"2024-05":1,"2024-06":2,"2024-07":4,"2024-08":2,"2024-09":2,"2024-10":1,"2024-11":1,"2024-12":1},"latest_month":"2025-09"}},{"type":"Feature","geometry":{"type":"Polygon","coordinates":[[[-117.145842,32.714727],[-117.145846,32.715777],[-117.144933,32.715781],[-117.144922,32.714734],[-117.145842,32.714727]]]},"properties":{"block_id":"21ST_ST_BROADWAY","neighborhood":"Golden Hill","total_reports":2,"latest_year":"2025","latest_year_reports":0,"reports_by_year":{"2018":0,"2019":0,"2020":0,"2021":0,"2022":0,"2023":2,"2024":0,"2025":0},"reports_by_month":{"2023-05":1,"2023-11":1},"latest_month":"2025-09"}},{"type":"Feature","geometry":{"type":"Polygon","coordinates":[[[-117.145841,32.713925],[-117.146451,32.714132],[-117.146526,32.714178],[-117.146723,32.714347],[-117.146721,32.714776],[-117.146711,32.714765],[-117.146699,32.714755],[-117.146687,32.714746],[-117.14668,32.714742],[-117.146678,32.714741],[-117.146673,32.714739],[-117.146659,32.714732],[-117.146652,32.71473],[-117.146649,32.714728],[-117.146644,32.714727],[-117.146628,32.714723],[-117.146619,32.714721],[-117.145842,32.714727],[-117.145841,32.713925]]]},"properties":{"block_id":"20TH_ST_E_ST","neighborhood":"Golden Hill","total_reports":17,"latest_year":"2025","latest_year_reports":0,"reports_by_year":{"2018":0,"2019":1,"2020":0,"2021":1,"2022":1,"2023":1,"2024":13,"2025":0},"reports_by_month":{"2019-05":1,"2021-06":1,"2022-06":1,"2023-01":1,"2024-02":4,"2024-06":1,"2024-07":2,"2024-08":3,"2024-09":1,"2024-12":2},"latest_month":"2025-09"}},{"type":"Feature","geometry":{"type":"Polygon","coordinates":[[[-117.147999,32.715767],[-117.147998,32.715765],[-117.147994,32.715754],[-117.147989,32.715741],[-117.147985,32.715727],[-117.14798,32.715714],[-117.147976,32.715701],[-117.147972,32.715687],[-117.147968,32.715674],[-117.147964,32.715661],[-117.147961,32.715647],[-117.147957,32.715634],[-117.147954,32.715621],[-117.14795,32.715607],[-117.147947,32.715594],[-117.147944,32.71558],[-117.147941,32.715567],[-117.147938,32.715553],[-117.147936,32.71554],[-117.147933,32.715526],[-117.147931,32.715512],[-117.147929,32.715499],[-117.147927,32.715485],[-117.147925,32.715472],[-117.147923,32.715458],[-117.147921,32.715444],[-117.147919,32.715431],[-117.147918,32.715417],[-117.147917,32.715403],[-117.147915,32.715389],[-117.147914,32.715376],[-117.147913,32.715362],[-117.147913,32.715358],[-117.147832,32.714691],[-117.147777,32.714391],[-117.147775,32.71421],[-117.147775,32.714207],[-117.147769,32.713682],[-117.148026,32.713683],[-117.14819,32.714452],[-117.148266,32.714553],[-117.148374,32.714626],[-117.148386,32.714635],[-117.148399,32.714644],[-117.148412,32.714651],[-117.148426,32.714659],[-117.14844,32.714666],[-117.148455,32.714672],[-117.148469,32.714678],[-117.148484,32.714683],[-117.1485,32.714688],[-117.148515,32.714692],[-117.148531,32.714696],[-117.148547,32.714699],[-117.148563,32.714701],[-117.14857,32.714702],[-117.148577,32.715763],[-117.148314,32.715765],[-117.147999,32.715767]]]},"properties":{"block_id":"I-5_SB_ON_RA_BROADWAY","neighborhood":"East Village","total_reports":240,"latest_year":"2025","latest_year_reports":22,"reports_by_year":{"2018":0,"2019":0,"2020":7,"2021":40,"2022":13,"2023":26,"2024":132,"2025":22},"reports_by_month":{"2020-03":1,"2020-04":1,"2020-05":2,"2020-07":1,"2020-09":1,"2020-12":1,"2021-01":1,"2021-05":3,"2021-06":6,"2021-07":11,"2021-08":9,"2021-09":3,"2021-10":1,"2021-11":1,"2021-12":5,"2022-01":4,"2022-02":1,"2022-06":2,"2022-07":4,"2022-08":2,"2023-01":1,"2023-02":7,"2023-04":2,"2023-06":2,"2023-10":3,"2023-11":1,"2023-12":10,"2024-02":4,"2024-03":5,"2024-04":43,"2024-05":22,"2024-06":14,"2024-07":28,"2024-08":12,"2024-09":2,"2024-10":1,"2024-11":1,"2025-01":3,"2025-02":1,"2025-03":7,"2025-04":1,"2025-06":1,"2025-07":6,"2025-08":3},"latest_month":"2025-09"}},{"type":"Feature","geometry":{"type":"Polygon","coordinates":[[[-117.163768,32.711468],[-117.163768,32.711474],[-117.163768,32.711474],[-117.163769,32.711503],[-117.163801,32.712524],[-117.163802,32.712547],[-117.163802,32.712548],[-117.163778,32.712548],[-117.163776,32.712548],[-117.162879,32.712549],[-117.162858,32.711479],[-117.162858,32.711472],[-117.163768,32.711468]]]},"properties":{"block_id":"02ND_AV_G_ST","neighborhood":"Marina","total_reports":132,"latest_year":"2025","latest_year_reports":54,"reports_by_year":{"2018":0,"2019":0,"2020":2,"2021":2,"2022":10,"2023":12,"2024":52,"2025":54},"reports_by_month":{"2020-03":1,"2020-08":1,"2021-01":1,"2021-12":1,"2022-01":1,"2022-04":1,"2022-06":2,"2022-07":1,"2022-08":3,"2022-09":1,"2022-10":1,"2023-03":1,"2023-04":1,"2023-05":1,"2023-06":1,"2023-07":1,"2023-08":1,"2023-09":1,"2023-10":1,"2023-12":4,"2024-01":8,"2024-02":2,"2024-03":2,"2024-05":5,"2024-06":9,"2024-07":7,"2024-08":6,"2024-09":3,"2024-10":7,"2024-12":3,"2025-01":2,"2025-03":1,"2025-04":6,"2025-05":5,"2025-06":21,"2025-07":12,"2025-08":7},"latest_month":"2025-09"}},{"type":"Feature","geometry":{"type":"Polygon","coordinates":[[[-117.163802,32.712548],[-117.163802,32.712547],[-117.163801,32.712524],[-117.163769,32.711503],[-117.163768,32.711474],[-117.163768,32.711474],[-117.163768,32.711468],[-117.164373,32.711465],[-117.164685,32.711464],[-117.164685,32.711474],[-117.164682,32.71181],[-117.164677,32.71253],[-117.164677,32.712541],[-117.164677,32.712544],[-117.164384,32.712545],[-117.163802,32.712548]]]},"properties":{"block_id":"01ST_AV_W_G_ST","neighborhood":"Marina","total_reports":24,"latest_year":"2025","latest_year_reports":4,"reports_by_year":{"2018":0,"2019":0,"2020":1,"2021":0,"2022":3,"2023":4,"2024":12,"2025":4},"reports_by_month":{"2020-10":1,"2022-03":1,"2022-05":1,"2022-12":1,"2023-02":1,"2023-04":1,"2023-11":1,"2023-12":1,"2024-01":3,"2024-02":1,"2024-03":1,"2024-06":1,"2024-07":2,"2024-08":1,"2024-09":1,"2024-11":1,"2024-12":1,"2025-05":1,"2025-06":1,"2025-08":1,"2025-09":1},"latest_month":"2025-09"}},{"type":"Feature","geometry":{"type":"Polygon","coordinates":[[[-117.164691,32.713575],[-117.164691,32.7136],[-117.164691,32.713613],[-117.164702,32.714638],[-117.164581,32.714638],[-117.164406,32.714638],[-117.164218,32.714639],[-117.163814,32.714639],[-117.16381,32.71398],[-117.16381,32.713611],[-117.164395,32.713612],[-117.164589,32.713613],[-117.164691,32.713575]]]},"properties":{"block_id":"01ST_AV_W_E_ST","neighborhood":"City Center","total_reports":5,"latest_year":"2025","latest_year_reports":2,"reports_by_year":{"2018":0,"2019":0,"2020":0,"2021":0,"2022":2,"2023":0,"2024":1,"2025":2},"reports_by_month":{"2022-05":1,"2022-11":1,"2024-02":1,"2025-05":1,"2025-07":1},"latest_month":"2025-09"}},{"type":"Feature","geometry":{"type":"Polygon","coordinates":[[[-117.164702,32.714638],[-117.164691,32.713613],[-117.164691,32.7136],[-117.164691,32.713575],[-117.164718,32.713575],[-117.165602,32.713573],[-117.165604,32.713573],[-117.165604,32.713575],[-117.165605,32.713678],[-117.165608,32.7146],[-117.165608,32.714615],[-117.165599,32.714615],[-117.164839,32.714635],[-117.164702,32.714638]]]},"properties":{"block_id":"FRONT_ST_W_E_ST","neighborhood":"City Center","total_reports":2,"latest_year":"2025","latest_year_reports":0,"reports_by_year":{"2018":0,"2019":0,"2020":0,"2021":0,"2022":1,"2023":1,"2024":0,"2025":0},"reports_by_month":{"2022-09":1,"2023-02":1},"latest_month":"2025-09"}},{"type":"Feature","geometry":{"type":"Polygon","coordinates":[[[-117.165604,32.713573],[-117.165602,32.713573],[-117.164718,32.713575],[-117.164691,32.713575],[-117.16469,32.713572],[-117.164684,32.713064],[-117.164682,32.712944],[-117.16468,32.712806],[-117.164677,32.712551],[-117.164677,32.712544],[-117.164693,32.712544],[-117.165157,32.712543],[-117.165461,32.712543],[-117.165594,32.712543],[-117.165603,32.712543],[-117.165603,32.712558],[-117.165604,32.713573]]]},"properties":{"block_id":"FRONT_ST_W_F_ST","neighborhood":"Marina","total_reports":14,"latest_year":"2025","latest_year_reports":1,"reports_by_year":{"2018":1,"2019":0,"2020":0,"2021":0,"2022":0,"2023":7,"2024":5,"2025":1},"reports_by_month":{"2018-09":1,"2023-01":1,"2023-07":1,"2023-08":1,"2023-10":3,"2023-11":1,"2024-07":1,"2024-10":1,"2024-11":2,"2024-12":1,"2025-09":1},"latest_month":"2025-09"}},{"type":"Feature","geometry":{"type":"Polygon","coordinates":[[[-117.162858,32.711472],[-117.162858,32.711479],[-117.162879,32.712549],[-117.161965,32.712553],[-117.161948,32.711484],[-117.161948,32.711479],[-117.162858,32.711472]]]},"properties":{"block_id":"03RD_AV_G_ST","neighborhood":"Marina","total_reports":72,"latest_year":"2025","latest_year_reports":18,"reports_by_year":{"2018":0,"2019":2,"2020":24,"2021":3,"2022":10,"2023":4,"2024":11,"2025":18},"reports_by_month":{"2019-07":1,"2019-12":1,"2020-01":3,"2020-02":2,"2020-03":4,"2020-04":6,"2020-05":5,"2020-06":2,"2020-07":1,"2020-08":1,"2021-04":2,"2021-08":1,"2022-01":1,"2022-03":2,"2022-04":1,"2022-05":4,"2022-06":1,"2022-09":1,"2023-05":1,"2023-08":2,"2023-11":1,"2024-02":2,"2024-03":2,"2024-05":1,"2024-06":1,"2024-07":2,"2024-09":2,"2024-10":1,"2025-04":6,"2025-05":4,"2025-06":6,"2025-07":2},"latest_month":"2025-09"}},{"type":"Feature","geometry":{"type":"Polygon","coordinates":[[[-117.165604,32.713573],[-117.165728,32.713573],[-117.166255,32.71357],[-117.166419,32.71357],[-117.16644,32.71357],[-117.166488,32.713569],[-117.166488,32.713663],[-117.166489,32.713826],[-117.166489,32.714571],[-117.166489,32.714603],[-117.166477,32.714603],[-117.166366,32.714605],[-117.165732,32.714613],[-117.165608,32.714615],[-117.165608,32.7146],[-117.165605,32.713678],[-117.165604,32.713575],[-117.165604,32.713573]]]},"properties":{"block_id":"UNION_ST_W_E_ST","neighborhood":"Marina","total_reports":2,"latest_year":"2025","latest_year_reports":1,"reports_by_year":{"2018":0,"2019":0,"2020":0,"2021":0,"2022":0,"2023":0,"2024":1,"2025":1},"reports_by_month":{"2024-03":1,"2025-05":1},"latest_month":"2025-09"}},{"type":"Feature","geometry":{"type":"Polygon","coordinates":[[[-117.166488,32.713569],[-117.16644,32.71357],[-117.166419,32.71357],[-117.166255,32.71357],[-117.165728,32.713573],[-117.165604,32.713573],[-117.165603,32.712558],[-117.165603,32.712543],[-117.165607,32.712543],[-117.165631,32.712542],[-117.166487,32.712539],[-117.166487,32.712543],[-117.166488,32.713201],[-117.166488,32.713569]]]},"properties":{"block_id":"UNION_ST_W_F_ST","neighborhood":"Marina","total_reports":8,"latest_year":"2025","latest_year_reports":2,"reports_by_year":{"2018":0,"2019":0,"2020":0,"2021":0,"2022":2,"2023":0,"2024":4,"2025":2},"reports_by_month":{"2022-08":2,"2024-05":1,"2024-07":3,"2025-03":1,"2025-06":1},"latest_month":"2025-09"}},{"type":"Feature","geometry":{"type":"Polygon","coordinates":[[[-117.166489,32.714603],[-117.166489,32.714571],[-117.166489,32.713826],[-117.166488,32.713663],[-117.166488,32.713569],[-117.166488,32.713201],[-117.166487,32.712543],[-117.166487,32.712539],[-117.166493,32.712539],[-117.166496,32.712539],[-117.166905,32.712537],[-117.167267,32.712535],[-117.16733,32.712535],[-117.167381,32.712535],[-117.167707,32.712534],[-117.167762,32.712534],[-117.167995,32.712534],[-117.168288,32.712534],[-117.169167,32.71253],[-117.169176,32.71253],[-117.169176,32.712537],[-117.169176,32.71254],[-117.169175,32.713187],[-117.169174,32.713393],[-117.169174,32.713394],[-117.169174,32.713466],[-117.169174,32.713467],[-117.169174,32.713527],[-117.169174,32.713574],[-117.169174,32.713628],[-117.169173,32.714025],[-117.169173,32.714025],[-117.169172,32.714597],[-117.166489,32.714603]]]},"properties":{"block_id":"STATE_ST_Map_Border","neighborhood":"Marina","total_reports":274,"latest_year":"2025","latest_year_reports":36,"reports_by_year":{"2018":2,"2019":1,"2020":8,"2021":19,"2022":38,"2023":66,"2024":104,"2025":36},"reports_by_month":{"2018-10":1,"2018-12":1,"2019-12":1,"2020-02":1,"2020-04":1,"2020-05":2,"2020-07":1,"2020-08":1,"2020-09":2,"2021-02":1,"2021-03":2,"2021-06":2,"2021-07":2,"2021-08":5,"2021-09":2,"2021-10":1,"2021-11":3,"2021-12":1,"2022-02":2,"2022-04":1,"2022-06":4,"2022-07":1,"2022-08":6,"2022-09":6,"2022-10":10,"2022-11":8,"2023-01":3,"2023-03":2,"2023-05":1,"2023-06":7,"2023-07":24,"2023-08":12,"2023-09":5,"2023-10":2,"2023-11":5,"2023-12":5,"2024-01":3,"2024-02":2,"2024-03":8,"2024-04":4,"2024-05":7,"2024-06":12,"2024-07":28,"2024-08":8,"2024-09":8,"2024-10":16,"2024-11":5,"2024-12":3,"2025-01":1,"2025-02":3,"2025-03":1,"2025-04":1,"2025-05":3,"2025-06":8,"2025-07":11,"2025-08":8},"latest_month":"2025-09"}},{"type":"Feature","geometry":{"type":"Polygon","coordinates":[[[-117.164702,32.714638],[-117.164839,32.714635],[-117.165599,32.714615],[-117.165608,32.714615],[-117.16561,32.715539],[-117.16561,32.71572],[-117.164903,32.715721],[-117.164716,32.715721],[-117.164702,32.714638]]]},"properties":{"block_id":"FRONT_ST_W_BROADWAY","neighborhood":"City Center","total_reports":4,"latest_year":"2025","latest_year_reports":0,"reports_by_year":{"2018":0,"2019":0,"2020":0,"2021":0,"2022":2,"2023":2,"2024":0,"2025":0},"reports_by_month":{"2022-06":1,"2022-07":1,"2023-01":1,"2023-03":1},"latest_month":"2025-09"}},{"type":"Feature","geometry":{"type":"Polygon","coordinates":[[[-117.164677,32.712544],[-117.164677,32.712551],[-117.16468,32.712806],[-117.164682,32.712944],[-117.164684,32.713064],[-117.16469,32.713572],[-117.164691,32.713575],[-117.164589,32.713613],[-117.164395,32.713612],[-117.16381,32.713611],[-117.163809,32.713546],[-117.163808,32.713394],[-117.163807,32.713287],[-117.163802,32.712568],[-117.163802,32.712548],[-117.164384,32.712545],[-117.164677,32.712544]]]},"properties":{"block_id":"01ST_AV_W_F_ST","neighborhood":"City Center","total_reports":39,"latest_year":"2025","latest_year_reports":4,"reports_by_year":{"2018":1,"2019":1,"2020":1,"2021":1,"2022":6,"2023":13,"2024":12,"2025":4},"reports_by_month":{"2018-12":1,"2019-12":1,"2020-01":1,"2021-12":1,"2022-01":1,"2022-11":4,"2022-12":1,"2023-02":1,"2023-07":2,"2023-08":2,"2023-09":2,"2023-10":3,"2023-11":1,"2023-12":2,"2024-01":5,"2024-02":3,"2024-07":2,"2024-08":2,"2025-07":3,"2025-08":1},"latest_month":"2025-09"}},{"type":"Feature","geometry":{"type":"Polygon","coordinates":[[[-117.163814,32.714639],[-117.164218,32.714639],[-117.164406,32.714638],[-117.164581,32.714638],[-117.164702,32.714638],[-117.164716,32.715721],[-117.164417,32.715719],[-117.163825,32.715717],[-117.163814,32.714639]]]},"properties":{"block_id":"01ST_AV_W_BROADWAY","neighborhood":"City Center","total_reports":3,"latest_year":"2025","latest_year_reports":0,"reports_by_year":{"2018":0,"2019":1,"2020":1,"2021":1,"2022":0,"2023":0,"2024":0,"2025":0},"reports_by_month":{"2019-09":1,"2020-08":1,"2021-01":1},"latest_month":"2025-09"}},{"type":"Feature","geometry":{"type":"Polygon","coordinates":[[[-117.164677,32.712544],[-117.164677,32.712541],[-117.164677,32.71253],[-117.164682,32.71181],[-117.164685,32.711474],[-117.164685,32.711464],[-117.165598,32.711471],[-117.165598,32.711473],[-117.1656,32.71184],[-117.1656,32.711853],[-117.165602,32.712298],[-117.165603,32.71247],[-117.165603,32.712534],[-117.165603,32.712537],[-117.165603,32.712539],[-117.165603,32.712543],[-117.165594,32.712543],[-117.165461,32.712543],[-117.165157,32.712543],[-117.164693,32.712544],[-117.164677,32.712544]]]},"properties":{"block_id":"FRONT_ST_W_G_ST","neighborhood":"Marina","total_reports":51,"latest_year":"2025","latest_year_reports":4,"reports_by_year":{"2018":0,"2019":0,"2020":0,"2021":5,"2022":6,"2023":14,"2024":22,"2025":4},"reports_by_month":{"2021-08":1,"2021-10":4,"2022-03":2,"2022-06":3,"2022-11":1,"2023-01":1,"2023-04":1,"2023-07":2,"2023-08":2,"2023-09":3,"2023-10":1,"2023-11":3,"2023-12":1,"2024-01":1,"2024-04":3,"2024-05":3,"2024-06":3,"2024-07":2,"2024-08":3,"2024-09":1,"2024-10":2,"2024-11":3,"2024-12":1,"2025-07":1,"2025-08":2,"2025-09":1},"latest_month":"2025-09"}},{"type":"Feature","geometry":{"type":"Polygon","coordinates":[[[-117.166487,32.712539],[-117.165631,32.712542],[-117.165607,32.712543],[-117.165603,32.712543],[-117.165603,32.712539],[-117.165603,32.712537],[-117.165603,32.712534],[-117.165603,32.71247],[-117.165602,32.712298],[-117.1656,32.711853],[-117.1656,32.71184],[-117.165598,32.711473],[-117.165598,32.711471],[-117.166506,32.711472],[-117.166505,32.711482],[-117.1665,32.711804],[-117.166497,32.711951],[-117.166496,32.712009],[-117.166495,32.712066],[-117.166495,32.712097],[-117.166488,32.71253],[-117.166487,32.712537],[-117.166487,32.712539]]]},"properties":{"block_id":"UNION_ST_W_G_ST","neighborhood":"Marina","total_reports":20,"latest_year":"2025","latest_year_reports":2,"reports_by_year":{"2018":0,"2019":0,"2020":0,"2021":0,"2022":5,"2023":5,"2024":8,"2025":2},"reports_by_month":{"2022-01":1,"2022-03":1,"2022-09":1,"2022-10":1,"2022-11":1,"2023-04":1,"2023-08":1,"2023-09":2,"2023-12":1,"2024-01":1,"2024-02":1,"2024-03":2,"2024-06":1,"2024-07":2,"2024-08":1,"2025-05":1,"2025-07":1},"latest_month":"2025-09"}},{"type":"Feature","geometry":{"type":"Polygon","coordinates":[[[-117.166489,32.714603],[-117.16649,32.714661],[-117.16649,32.714716],[-117.16649,32.714718],[-117.16649,32.71473],[-117.16649,32.715015],[-117.166491,32.715719],[-117.166252,32.715719],[-117.166051,32.715719],[-117.16561,32.71572],[-117.16561,32.715539],[-117.165608,32.714615],[-117.165732,32.714613],[-117.166366,32.714605],[-117.166477,32.714603],[-117.166489,32.714603]]]},"properties":{"block_id":"UNION_ST_W_BROADWAY","neighborhood":"Columbia","total_reports":3,"latest_year":"2025","latest_year_reports":0,"reports_by_year":{"2018":0,"2019":1,"2020":0,"2021":1,"2022":1,"2023":0,"2024":0,"2025":0},"reports_by_month":{"2019-07":1,"2021-05":1,"2022-04":1},"latest_month":"2025-09"}},{"type":"Feature","geometry":{"type":"Polygon","coordinates":[[[-117.166491,32.715719],[-117.16649,32.715015],[-117.16649,32.71473],[-117.16649,32.714718],[-117.16649,32.714716],[-117.16649,32.714661],[-117.166489,32.714603],[-117.169172,32.714597],[-117.169171,32.7146],[-117.169171,32.714717],[-117.169167,32.71569],[-117.169167,32.715715],[-117.168279,32.715716],[-117.16827,32.715716],[-117.167558,32.715717],[-117.167451,32.715718],[-117.167388,32.715718],[-117.167375,32.715718],[-117.167375,32.715718],[-117.167372,32.715718],[-117.167004,32.715718],[-117.166491,32.715719]]]},"properties":{"block_id":"STATE_ST_W_BROADWAY","neighborhood":"Columbia","total_reports":33,"latest_year":"2025","latest_year_reports":4,"reports_by_year":{"2018":0,"2019":1,"2020":6,"2021":13,"2022":3,"2023":4,"2024":2,"2025":4},"reports_by_month":{"2019-04":1,"2020-04":2,"2020-06":1,"2020-07":2,"2020-08":1,"2021-01":2,"2021-03":1,"2021-05":1,"2021-06":1,"2021-07":4,"2021-08":2,"2021-10":2,"2022-02":3,"2023-02":1,"2023-05":1,"2023-09":2,"2024-05":1,"2024-09":1,"2025-03":2,"2025-06":1,"2025-07":1},"latest_month":"2025-09"}},{"type":"Feature","geometry":{"type":"Polygon","coordinates":[[[-117.166491,32.715719],[-117.166489,32.716725],[-117.16591,32.716729],[-117.165664,32.716731],[-117.165608,32.716731],[-117.16561,32.71572],[-117.166051,32.715719],[-117.166252,32.715719],[-117.166491,32.715719]]]},"properties":{"block_id":"UNION_ST_W_C_ST","neighborhood":"Columbia","total_reports":16,"latest_year":"2025","latest_year_reports":0,"reports_by_year":{"2018":1,"2019":0,"2020":4,"2021":4,"2022":5,"2023":2,"2024":0,"2025":0},"reports_by_month":{"2018-11":1,"2020-04":1,"2020-08":1,"2020-10":1,"2020-12":1,"2021-01":1,"2021-03":1,"2021-04":1,"2021-07":1,"2022-04":1,"2022-05":2,"2022-06":2,"2023-02":1,"2023-03":1},"latest_month":"2025-09"}},{"type":"Feature","geometry":{"type":"Polygon","coordinates":[[[-117.166489,32.716725],[-117.166491,32.715719],[-117.167004,32.715718],[-117.167372,32.715718],[-117.167372,32.715722],[-117.167379,32.716612],[-117.167379,32.716708],[-117.167379,32.716718],[-117.166489,32.716725]]]},"properties":{"block_id":"STATE_ST_W_C_ST","neighborhood":"Columbia","total_reports":9,"latest_year":"2025","latest_year_reports":1,"reports_by_year":{"2018":0,"2019":0,"2020":3,"2021":2,"2022":0,"2023":0,"2024":3,"2025":1},"reports_by_month":{"2020-07":1,"2020-10":1,"2020-11":1,"2021-01":1,"2021-11":1,"2024-01":1,"2024-03":1,"2024-04":1,"2025-04":1},"latest_month":"2025-09"}},{"type":"Feature","geometry":{"type":"Polygon","coordinates":[[[-117.162902,32.71571],[-117.162913,32.716751],[-117.162022,32.716755],[-117.161988,32.715703],[-117.162902,32.71571]]]},"properties":{"block_id":"03RD_AV_C_ST","neighborhood":"City Center","total_reports":61,"latest_year":"2025","latest_year_reports":10,"reports_by_year":{"2018":0,"2019":0,"2020":1,"2021":3,"2022":11,"2023":19,"2024":17,"2025":10},"reports_by_month":{"2020-08":1,"2021-05":1,"2021-09":1,"2021-11":1,"2022-04":1,"2022-05":1,"2022-06":3,"2022-07":4,"2022-08":2,"2023-01":1,"2023-02":2,"2023-03":1,"2023-05":5,"2023-06":3,"2023-10":2,"2023-11":2,"2023-12":3,"2024-01":5,"2024-02":5,"2024-03":1,"2024-05":1,"2024-06":1,"2024-09":1,"2024-10":1,"2024-12":2,"2025-02":1,"2025-03":2,"2025-04":1,"2025-05":1,"2025-07":1,"2025-08":2,"2025-09":2},"latest_month":"2025-09"}},{"type":"Feature","geometry":{"type":"Polygon","coordinates":[[[-117.162913,32.716751],[-117.162902,32.71571],[-117.163825,32.715717],[-117.163833,32.716744],[-117.162913,32.716751]]]},"properties":{"block_id":"02ND_AV_C_ST","neighborhood":"City Center","total_reports":59,"latest_year":"2025","latest_year_reports":3,"reports_by_year":{"2018":0,"2019":1,"2020":0,"2021":4,"2022":9,"2023":24,"2024":18,"2025":3},"reports_by_month":{"2019-12":1,"2021-02":1,"2021-08":1,"2021-09":1,"2021-10":1,"2022-02":1,"2022-04":1,"2022-06":2,"2022-07":1,"2022-08":1,"2022-09":1,"2022-10":1,"2022-11":1,"2023-01":1,"2023-03":5,"2023-04":1,"2023-05":1,"2023-06":2,"2023-07":1,"2023-08":3,"2023-09":3,"2023-10":2,"2023-11":2,"2023-12":3,"2024-02":1,"2024-03":2,"2024-05":1,"2024-06":2,"2024-07":1,"2024-08":4,"2024-09":5,"2024-10":2,"2025-06":1,"2025-07":1,"2025-09":1},"latest_month":"2025-09"}},{"type":"Feature","geometry":{"type":"Polygon","coordinates":[[[-117.161089,32.716762],[-117.161081,32.715696],[-117.161988,32.715703],[-117.162022,32.716755],[-117.161089,32.716762]]]},"properties":{"block_id":"04TH_AV_C_ST","neighborhood":"City Center","total_reports":134,"latest_year":"2025","latest_year_reports":13,"reports_by_year":{"2018":1,"2019":0,"2020":4,"2021":11,"2022":30,"2023":29,"2024":46,"2025":13},"reports_by_month":{"2018-10":1,"2020-06":2,"2020-07":1,"2020-08":1,"2021-05":2,"2021-06":1,"2021-07":3,"2021-08":2,"2021-09":1,"2021-10":1,"2021-12":1,"2022-01":3,"2022-02":2,"2022-03":5,"2022-04":4,"2022-05":2,"2022-06":2,"2022-07":1,"2022-08":2,"2022-09":6,"2022-10":2,"2022-11":1,"2023-01":1,"2023-02":5,"2023-03":1,"2023-04":2,"2023-05":1,"2023-06":1,"2023-07":3,"2023-08":2,"2023-09":1,"2023-10":7,"2023-11":4,"2023-12":1,"2024-01":4,"2024-02":2,"2024-03":2,"2024-04":2,"2024-05":4,"2024-06":9,"2024-07":2,"2024-08":5,"2024-09":5,"2024-10":6,"2024-11":2,"2024-12":3,"2025-01":4,"2025-02":1,"2025-03":3,"2025-04":1,"2025-06":1,"2025-08":1,"2025-09":2},"latest_month":"2025-09"}},{"type":"Feature","geometry":{"type":"Polygon","coordinates":[[[-117.164716,32.715721],[-117.164723,32.716738],[-117.164427,32.71674],[-117.163833,32.716744],[-117.163825,32.715717],[-117.164417,32.715719],[-117.164716,32.715721]]]},"properties":{"block_id":"01ST_AV_W_C_ST","neighborhood":"City Center","total_reports":21,"latest_year":"2025","latest_year_reports":1,"reports_by_year":{"2018":1,"2019":0,"2020":1,"2021":0,"2022":2,"2023":4,"2024":12,"2025":1},"reports_by_month":{"2018-10":1,"2020-02":1,"2022-10":2,"2023-01":1,"2023-07":2,"2023-08":1,"2024-03":1,"2024-04":1,"2024-05":1,"2024-06":1,"2024-07":1,"2024-08":1,"2024-09":1,"2024-10":4,"2024-11":1,"2025-05":1},"latest_month":"2025-09"}},{"type":"Feature","geometry":{"type":"Polygon","coordinates":[[[-117.164723,32.716738],[-117.164716,32.715721],[-117.164903,32.715721],[-117.16561,32.71572],[-117.165608,32.716731],[-117.164723,32.716738]]]},"properties":{"block_id":"FRONT_ST_W_C_ST","neighborhood":"City Center","total_reports":6,"latest_year":"2025","latest_year_reports":1,"reports_by_year":{"2018":0,"2019":0,"2020":2,"2021":0,"2022":1,"2023":1,"2024":1,"2025":1},"reports_by_month":{"2020-02":1,"2020-12":1,"2022-09":1,"2023-11":1,"2024-02":1,"2025-04":1},"latest_month":"2025-09"}},{"type":"Feature","geometry":{"type":"Polygon","coordinates":[[[-117.162902,32.71571],[-117.161988,32.715703],[-117.161998,32.714807],[-117.161997,32.714716],[-117.162466,32.714718],[-117.162898,32.714717],[-117.162902,32.71571]]]},"properties":{"block_id":"Map_Border_BROADWAY","neighborhood":"City Center","total_reports":19,"latest_year":"2025","latest_year_reports":2,"reports_by_year":{"2018":0,"2019":1,"2020":1,"2021":0,"2022":3,"2023":9,"2024":3,"2025":2},"reports_by_month":{"2019-12":1,"2020-07":1,"2022-06":2,"2022-09":1,"2023-05":3,"2023-07":1,"2023-08":1,"2023-09":1,"2023-11":2,"2023-12":1,"2024-03":2,"2024-12":1,"2025-06":1,"2025-07":1},"latest_month":"2025-09"}},{"type":"Feature","geometry":{"type":"Polygon","coordinates":[[[-117.145782,32.706273],[-117.14579,32.707315],[-117.144883,32.707316],[-117.144872,32.706274],[-117.145782,32.706273]]]},"properties":{"block_id":"21ST_ST_L_ST","neighborhood":"Sherman Heights","total_reports":27,"latest_year":"2025","latest_year_reports":0,"reports_by_year":{"2018":0,"2019":0,"2020":3,"2021":2,"2022":4,"2023":6,"2024":12,"2025":0},"reports_by_month":{"2020-09":1,"2020-12":2,"2021-02":1,"2021-11":1,"2022-04":1,"2022-06":1,"2022-07":1,"2022-11":1,"2023-10":1,"2023-11":2,"2023-12":3,"2024-02":3,"2024-03":1,"2024-07":5,"2024-08":3},"latest_month":"2025-09"}},{"type":"Feature","geometry":{"type":"Polygon","coordinates":[[[-117.14579,32.707315],[-117.145782,32.706273],[-117.146699,32.70628],[-117.146697,32.706679],[-117.146687,32.707305],[-117.14579,32.707315]]]},"properties":{"block_id":"20TH_ST_L_ST","neighborhood":"Sherman Heights","total_reports":44,"latest_year":"2025","latest_year_reports":12,"reports_by_year":{"2018":1,"2019":0,"2020":6,"2021":2,"2022":14,"2023":8,"2024":1,"2025":12},"reports_by_month":{"2018-09":1,"2020-02":2,"2020-05":1,"2020-07":3,"2021-05":1,"2021-07":1,"2022-06":2,"2022-07":3,"2022-09":3,"2022-10":6,"2023-04":1,"2023-05":2,"2023-09":3,"2023-10":2,"2024-06":1,"2025-01":1,"2025-07":5,"2025-09":6},"latest_month":"2025-09"}},{"type":"Feature","geometry":{"type":"Polygon","coordinates":[[[-117.146699,32.70628],[-117.147414,32.706275],[-117.147421,32.706471],[-117.147421,32.706471],[-117.147461,32.707649],[-117.147485,32.708349],[-117.147516,32.709257],[-117.147519,32.709354],[-117.14752,32.709373],[-117.147521,32.709419],[-117.147521,32.709419],[-117.146725,32.709416],[-117.146713,32.70896],[-117.146678,32.708361],[-117.146678,32.708354],[-117.146684,32.707655],[-117.146687,32.707305],[-117.146697,32.706679],[-117.146699,32.70628]]]},"properties":{"block_id":"19TH_ST_J_ST","neighborhood":"Sherman Heights","total_reports":946,"latest_year":"2025","latest_year_reports":128,"reports_by_year":{"2018":2,"2019":0,"2020":12,"2021":93,"2022":247,"2023":367,"2024":97,"2025":128},"reports_by_month":{"2018-09":1,"2018-10":1,"2020-04":1,"2020-06":1,"2020-07":1,"2020-08":2,"2020-09":4,"2020-10":2,"2020-11":1,"2021-01":6,"2021-02":8,"2021-03":5,"2021-04":8,"2021-05":2,"2021-06":16,"2021-07":11,"2021-08":7,"2021-09":10,"2021-10":1,"2021-11":9,"2021-12":10,"2022-01":11,"2022-02":13,"2022-03":13,"2022-04":6,"2022-05":1,"2022-06":6,"2022-07":14,"2022-08":24,"2022-09":39,"2022-10":36,"2022-11":81,"2022-12":3,"2023-01":4,"2023-02":10,"2023-03":6,"2023-04":7,"2023-05":23,"2023-06":22,"2023-07":15,"2023-08":95,"2023-09":108,"2023-10":70,"2023-11":5,"2023-12":2,"2024-01":1,"2024-02":5,"2024-03":8,"2024-04":6,"2024-05":4,"2024-06":7,"2024-07":17,"2024-08":4,"2024-09":16,"2024-10":12,"2024-11":8,"2024-12":9,"2025-01":11,"2025-02":10,"2025-03":2,"2025-04":10,"2025-05":16,"2025-06":13,"2025-07":11,"2025-08":35,"2025-09":20},"latest_month":"2025-09"}},{"type":"Feature","geometry":{"type":"Polygon","coordinates":[[[-117.145805,32.709412],[-117.145809,32.710453],[-117.144876,32.71046],[-117.144888,32.709413],[-117.145805,32.709412]]]},"properties":{"block_id":"21ST_ST_ISLAND_AV","neighborhood":"Sherman Heights","total_reports":8,"latest_year":"2025","latest_year_reports":1,"reports_by_year":{"2018":0,"2019":1,"2020":0,"2021":2,"2022":0,"2023":2,"2024":2,"2025":1},"reports_by_month":{"2019-08":1,"2021-10":2,"2023-06":1,"2023-07":1,"2024-02":1,"2024-12":1,"2025-07":1},"latest_month":"2025-09"}},{"type":"Feature","geometry":{"type":"Polygon","coordinates":[[[-117.145809,32.710453],[-117.145805,32.709412],[-117.146725,32.709416],[-117.146706,32.710458],[-117.145809,32.710453]]]},"properties":{"block_id":"20TH_ST_ISLAND_AV","neighborhood":"Sherman Heights","total_reports":32,"latest_year":"2025","latest_year_reports":8,"reports_by_year":{"2018":1,"2019":0,"2020":1,"2021":2,"2022":11,"2023":7,"2024":2,"2025":8},"reports_by_month":{"2018-09":1,"2020-06":1,"2021-02":1,"2021-06":1,"2022-02":2,"2022-03":2,"2022-04":2,"2022-06":1,"2022-09":2,"2022-10":2,"2023-01":1,"2023-03":1,"2023-06":2,"2023-07":1,"2023-08":1,"2023-10":1,"2024-05":2,"2025-06":1,"2025-07":1,"2025-09":6},"latest_month":"2025-09"}},{"type":"Feature","geometry":{"type":"Polygon","coordinates":[[[-117.146725,32.709416],[-117.145805,32.709412],[-117.145794,32.708356],[-117.146678,32.708361],[-117.146713,32.70896],[-117.146725,32.709416]]]},"properties":{"block_id":"20TH_ST_J_ST","neighborhood":"Sherman Heights","total_reports":34,"latest_year":"2025","latest_year_reports":10,"reports_by_year":{"2018":0,"2019":1,"2020":0,"2021":0,"2022":6,"2023":13,"2024":4,"2025":10},"reports_by_month":{"2019-01":1,"2022-06":1,"2022-09":2,"2022-10":3,"2023-07":1,"2023-08":2,"2023-09":7,"2023-10":2,"2023-12":1,"2024-01":1,"2024-09":3,"2025-05":3,"2025-06":4,"2025-08":1,"2025-09":2},"latest_month":"2025-09"}},{"type":"Feature","geometry":{"type":"Polygon","coordinates":[[[-117.1449,32.711546],[-117.144876,32.71046],[-117.145809,32.710453],[-117.145803,32.711539],[-117.1449,32.711546]]]},"properties":{"block_id":"21ST_ST_MARKET_ST","neighborhood":"Sherman Heights","total_reports":79,"latest_year":"2025","latest_year_reports":7,"reports_by_year":{"2018":0,"2019":2,"2020":1,"2021":6,"2022":4,"2023":16,"2024":43,"2025":7},"reports_by_month":{"2019-08":1,"2019-09":1,"2020-05":1,"2021-02":1,"2021-04":2,"2021-05":1,"2021-08":2,"2022-02":1,"2022-07":2,"2022-10":1,"2023-05":1,"2023-06":1,"2023-07":4,"2023-08":1,"2023-10":1,"2023-11":5,"2023-12":3,"2024-02":4,"2024-04":3,"2024-05":1,"2024-06":6,"2024-07":4,"2024-08":3,"2024-09":6,"2024-10":9,"2024-11":5,"2024-12":2,"2025-01":2,"2025-05":1,"2025-06":2,"2025-08":2},"latest_month":"2025-09"}},{"type":"Feature","geometry":{"type":"Polygon","coordinates":[[[-117.146725,32.709416],[-117.147521,32.709419],[-117.147521,32.709419],[-117.147532,32.710198],[-117.147535,32.710457],[-117.147535,32.710457],[-117.147535,32.710457],[-117.146706,32.710458],[-117.146725,32.709416]]]},"properties":{"block_id":"19TH_ST_ISLAND_AV","neighborhood":"Sherman Heights","total_reports":228,"latest_year":"2025","latest_year_reports":52,"reports_by_year":{"2018":0,"2019":1,"2020":8,"2021":17,"2022":78,"2023":44,"2024":28,"2025":52},"reports_by_month":{"2019-07":1,"2020-07":3,"2020-08":2,"2020-09":1,"2020-12":2,"2021-01":3,"2021-02":5,"2021-05":2,"2021-06":1,"2021-08":1,"2021-09":3,"2021-12":2,"2022-01":1,"2022-02":3,"2022-03":9,"2022-04":11,"2022-05":7,"2022-06":6,"2022-07":7,"2022-08":13,"2022-09":6,"2022-10":9,"2022-11":2,"2022-12":4,"2023-01":3,"2023-02":2,"2023-03":8,"2023-04":2,"2023-05":2,"2023-06":2,"2023-07":6,"2023-08":17,"2023-09":1,"2023-10":1,"2024-01":1,"2024-02":1,"2024-03":1,"2024-07":2,"2024-09":7,"2024-10":10,"2024-11":6,"2025-01":5,"2025-03":6,"2025-04":9,"2025-05":4,"2025-06":4,"2025-07":11,"2025-08":8,"2025-09":5},"latest_month":"2025-09"}},{"type":"Feature","geometry":{"type":"Polygon","coordinates":[[[-117.143998,32.713034],[-117.144004,32.712674],[-117.144518,32.712667],[-117.144911,32.712626],[-117.145375,32.71262],[-117.14584,32.712619],[-117.146569,32.712625],[-117.146583,32.712625],[-117.146584,32.712625],[-117.146586,32.712624],[-117.146599,32.712623],[-117.146615,32.712621],[-117.146616,32.71262],[-117.146618,32.71262],[-117.14663,32.712616],[-117.146645,32.712611],[-117.146646,32.71261],[-117.146648,32.712609],[-117.146659,32.712604],[-117.146672,32.712596],[-117.146673,32.712595],[-117.146675,32.712594],[-117.146684,32.712586],[-117.146695,32.712576],[-117.146696,32.712575],[-117.146697,32.712573],[-117.146704,32.712565],[-117.146712,32.712553],[-117.146713,32.712552],[-117.146713,32.71255],[-117.146718,32.71254],[-117.146723,32.712527],[-117.146726,32.712514],[-117.146726,32.712512],[-117.146726,32.71251],[-117.146727,32.7125],[-117.146727,32.712486],[-117.146723,32.71181],[-117.146717,32.711535],[-117.14753,32.711535],[-117.147529,32.711661],[-117.147276,32.712837],[-117.147192,32.712851],[-117.147176,32.712855],[-117.14716,32.712858],[-117.147145,32.712861],[-117.147129,32.712865],[-117.147113,32.712868],[-117.147097,32.712871],[-117.147082,32.712875],[-117.147066,32.712878],[-117.14705,32.712881],[-117.147034,32.712884],[-117.147018,32.712887],[-117.147003,32.71289],[-117.146987,32.712893],[-117.146971,32.712896],[-117.146955,32.712899],[-117.146939,32.712902],[-117.146923,32.712905],[-117.146907,32.712908],[-117.146891,32.712911],[-117.146875,32.712914],[-117.14686,32.712916],[-117.146844,32.712919],[-117.146828,32.712922],[-117.146812,32.712925],[-117.146796,32.712927],[-117.14678,32.71293],[-117.146764,32.712932],[-117.146748,32.712935],[-117.146732,32.712937],[-117.146716,32.71294],[-117.1467,32.712942],[-117.146684,32.712945],[-117.146668,32.712947],[-117.146652,32.712949],[-117.146636,32.712952],[-117.14662,32.712954],[-117.146604,32.712956],[-117.146588,32.712958],[-117.146572,32.71296],[-117.146556,32.712963],[-117.146539,32.712965],[-117.146523,32.712967],[-117.146507,32.712969],[-117.146491,32.712971],[-117.146475,32.712973],[-117.146459,32.712974],[-117.146443,32.712976],[-117.146427,32.712978],[-117.146411,32.71298],[-117.146395,32.712982],[-117.146378,32.712983],[-117.146362,32.712985],[-117.146346,32.712987],[-117.14633,32.712988],[-117.146314,32.71299],[-117.146298,32.712991],[-117.146282,32.712993],[-117.146265,32.712994],[-117.146249,32.712996],[-117.146233,32.712997],[-117.146221,32.712998],[-117.146062,32.71301],[-117.14601,32.713014],[-117.145009,32.713057],[-117.14437,32.713042],[-117.144,32.713034],[-117.143998,32.713034]]]},"properties":{"block_id":"22ND_ST_SR-94_EB_ON_RA","neighborhood":"Sherman Heights","total_reports":479,"latest_year":"2025","latest_year_reports":72,"reports_by_year":{"2018":2,"2019":4,"2020":3,"2021":36,"2022":114,"2023":83,"2024":165,"2025":72},"reports_by_month":{"2018-09":2,"2019-06":1,"2019-08":1,"2019-09":1,"2019-12":1,"2020-07":1,"2020-08":1,"2020-09":1,"2021-01":1,"2021-02":3,"2021-03":3,"2021-04":1,"2021-09":1,"2021-10":14,"2021-11":5,"2021-12":8,"2022-01":21,"2022-02":24,"2022-03":7,"2022-04":12,"2022-05":9,"2022-06":12,"2022-07":5,"2022-08":2,"2022-09":12,"2022-10":7,"2022-12":3,"2023-01":5,"2023-02":4,"2023-03":4,"2023-04":3,"2023-05":3,"2023-06":1,"2023-07":7,"2023-08":30,"2023-09":7,"2023-10":3,"2023-11":15,"2023-12":1,"2024-01":13,"2024-02":2,"2024-03":14,"2024-04":47,"2024-05":29,"2024-06":13,"2024-07":15,"2024-08":8,"2024-09":2,"2024-10":9,"2024-11":7,"2024-12":6,"2025-01":17,"2025-02":12,"2025-03":1,"2025-04":1,"2025-05":5,"2025-06":18,"2025-07":5,"2025-08":13},"latest_month":"2025-09"}},{"type":"Feature","geometry":{"type":"Polygon","coordinates":[[[-117.145805,32.709412],[-117.144888,32.709413],[-117.144884,32.708366],[-117.145794,32.708356],[-117.145805,32.709412]]]},"properties":{"block_id":"21ST_ST_J_ST","neighborhood":"Sherman Heights","total_reports":14,"latest_year":"2025","latest_year_reports":2,"reports_by_year":{"2018":0,"2019":0,"2020":1,"2021":5,"2022":2,"2023":1,"2024":3,"2025":2},"reports_by_month":{"2020-07":1,"2021-01":1,"2021-02":1,"2021-03":1,"2021-07":1,"2021-09":1,"2022-06":1,"2022-11":1,"2023-01":1,"2024-01":1,"2024-10":2,"2025-01":1,"2025-02":1},"latest_month":"2025-09"}},{"type":"Feature","geometry":{"type":"Polygon","coordinates":[[[-117.146706,32.710458],[-117.147535,32.710457],[-117.14753,32.711534],[-117.14753,32.711535],[-117.146717,32.711535],[-117.146706,32.710458]]]},"properties":{"block_id":"19TH_ST_MARKET_ST","neighborhood":"Sherman Heights","total_reports":331,"latest_year":"2025","latest_year_reports":37,"reports_by_year":{"2018":0,"2019":2,"2020":11,"2021":63,"2022":80,"2023":73,"2024":65,"2025":37},"reports_by_month":{"2019-06":1,"2019-12":1,"2020-10":3,"2020-11":6,"2020-12":2,"2021-01":25,"2021-02":10,"2021-03":2,"2021-04":1,"2021-05":2,"2021-06":2,"2021-07":7,"2021-08":4,"2021-09":1,"2021-10":4,"2021-11":4,"2021-12":1,"2022-01":4,"2022-02":14,"2022-03":25,"2022-04":17,"2022-05":1,"2022-06":7,"2022-07":4,"2022-09":6,"2022-11":1,"2022-12":1,"2023-01":1,"2023-02":32,"2023-03":18,"2023-05":1,"2023-07":8,"2023-08":6,"2023-09":1,"2023-10":1,"2023-11":1,"2023-12":4,"2024-01":4,"2024-02":2,"2024-03":4,"2024-04":3,"2024-05":3,"2024-07":5,"2024-08":5,"2024-09":9,"2024-10":16,"2024-11":8,"2024-12":6,"2025-01":4,"2025-02":2,"2025-03":1,"2025-04":4,"2025-05":4,"2025-06":4,"2025-07":5,"2025-08":9,"2025-09":4},"latest_month":"2025-09"}},{"type":"Feature","geometry":{"type":"Polygon","coordinates":[[[-117.144883,32.707316],[-117.14579,32.707315],[-117.145791,32.707661],[-117.145794,32.708356],[-117.144884,32.708366],[-117.144883,32.707668],[-117.144883,32.707316]]]},"properties":{"block_id":"21ST_ST_K_ST","neighborhood":"Sherman Heights","total_reports":5,"latest_year":"2025","latest_year_reports":0,"reports_by_year":{"2018":0,"2019":0,"2020":0,"2021":0,"2022":1,"2023":2,"2024":2,"2025":0},"reports_by_month":{"2022-09":1,"2023-12":2,"2024-07":1,"2024-10":1},"latest_month":"2025-09"}},{"type":"Feature","geometry":{"type":"Polygon","coordinates":[[[-117.144911,32.712626],[-117.1449,32.711546],[-117.145803,32.711539],[-117.14584,32.712619],[-117.145375,32.71262],[-117.144911,32.712626]]]},"properties":{"block_id":"21ST_ST_G_ST","neighborhood":"Sherman Heights","total_reports":47,"latest_year":"2025","latest_year_reports":7,"reports_by_year":{"2018":0,"2019":4,"2020":3,"2021":0,"2022":6,"2023":9,"2024":18,"2025":7},"reports_by_month":{"2019-02":1,"2019-06":1,"2019-08":1,"2019-10":1,"2020-04":1,"2020-07":1,"2020-10":1,"2022-01":1,"2022-05":1,"2022-07":1,"2022-08":1,"2022-10":1,"2022-12":1,"2023-01":1,"2023-03":1,"2023-07":1,"2023-08":1,"2023-09":1,"2023-11":4,"2024-01":2,"2024-02":1,"2024-03":2,"2024-04":3,"2024-06":2,"2024-09":1,"2024-10":2,"2024-11":3,"2024-12":2,"2025-01":1,"2025-05":4,"2025-06":1,"2025-09":1},"latest_month":"2025-09"}},{"type":"Feature","geometry":{"type":"Polygon","coordinates":[[[-117.146706,32.710458],[-117.146717,32.711535],[-117.145803,32.711539],[-117.145809,32.710453],[-117.146706,32.710458]]]},"properties":{"block_id":"20TH_ST_MARKET_ST","neighborhood":"Sherman Heights","total_reports":25,"latest_year":"2025","latest_year_reports":8,"reports_by_year":{"2018":0,"2019":0,"2020":0,"2021":9,"2022":3,"2023":3,"2024":2,"2025":8},"reports_by_month":{"2021-01":2,"2021-02":4,"2021-05":1,"2021-08":1,"2021-10":1,"2022-02":1,"2022-07":1,"2022-12":1,"2023-02":1,"2023-03":1,"2023-12":1,"2024-01":1,"2024-12":1,"2025-01":1,"2025-06":1,"2025-08":3,"2025-09":3},"latest_month":"2025-09"}},{"type":"Feature","geometry":{"type":"Polygon","coordinates":[[[-117.145794,32.708356],[-117.145791,32.707661],[-117.14579,32.707315],[-117.146687,32.707305],[-117.146684,32.707655],[-117.146678,32.708354],[-117.146678,32.708361],[-117.145794,32.708356]]]},"properties":{"block_id":"20TH_ST_K_ST","neighborhood":"Sherman Heights","total_reports":156,"latest_year":"2025","latest_year_reports":9,"reports_by_year":{"2018":2,"2019":0,"2020":6,"2021":11,"2022":16,"2023":97,"2024":15,"2025":9},"reports_by_month":{"2018-10":1,"2018-12":1,"2020-01":1,"2020-07":1,"2020-12":4,"2021-01":2,"2021-02":1,"2021-04":4,"2021-07":1,"2021-10":1,"2021-11":2,"2022-02":1,"2022-03":2,"2022-07":1,"2022-08":2,"2022-09":5,"2022-10":1,"2022-11":4,"2023-05":7,"2023-06":3,"2023-07":2,"2023-08":33,"2023-09":37,"2023-10":15,"2024-04":2,"2024-05":1,"2024-06":1,"2024-07":2,"2024-08":1,"2024-09":7,"2024-10":1,"2025-02":2,"2025-03":2,"2025-05":1,"2025-06":4},"latest_month":"2025-09"}},{"type":"Feature","geometry":{"type":"Polygon","coordinates":[[[-117.146723,32.71181],[-117.146727,32.712486],[-117.146727,32.7125],[-117.146726,32.71251],[-117.146726,32.712512],[-117.146726,32.712514],[-117.146723,32.712527],[-117.146718,32.71254],[-117.146713,32.71255],[-117.146713,32.712552],[-117.146712,32.712553],[-117.146704,32.712565],[-117.146697,32.712573],[-117.146696,32.712575],[-117.146695,32.712576],[-117.146684,32.712586],[-117.146675,32.712594],[-117.146673,32.712595],[-117.146672,32.712596],[-117.146659,32.712604],[-117.146648,32.712609],[-117.146646,32.71261],[-117.146645,32.712611],[-117.14663,32.712616],[-117.146618,32.71262],[-117.146616,32.71262],[-117.146615,32.712621],[-117.146599,32.712623],[-117.146586,32.712624],[-117.146584,32.712625],[-117.146583,32.712625],[-117.146569,32.712625],[-117.14584,32.712619],[-117.145803,32.711539],[-117.146717,32.711535],[-117.146723,32.71181]]]},"properties":{"block_id":"20TH_ST_G_ST","neighborhood":"Sherman Heights","total_reports":124,"latest_year":"2025","latest_year_reports":26,"reports_by_year":{"2018":4,"2019":5,"2020":2,"2021":13,"2022":19,"2023":16,"2024":39,"2025":26},"reports_by_month":{"2018-09":1,"2018-11":3,"2019-01":1,"2019-02":1,"2019-03":1,"2019-05":2,"2020-03":2,"2021-02":2,"2021-05":1,"2021-07":1,"2021-10":2,"2021-11":6,"2021-12":1,"2022-01":6,"2022-05":2,"2022-06":2,"2022-07":1,"2022-08":1,"2022-09":3,"2022-10":3,"2022-12":1,"2023-01":1,"2023-03":3,"2023-08":4,"2023-09":1,"2023-10":3,"2023-11":4,"2024-01":2,"2024-03":7,"2024-04":10,"2024-05":6,"2024-06":2,"2024-07":5,"2024-08":3,"2024-10":1,"2024-11":2,"2024-12":1,"2025-01":3,"2025-02":2,"2025-03":1,"2025-05":10,"2025-06":3,"2025-07":2,"2025-08":4,"2025-09":1},"latest_month":"2025-09"}},{"type":"Feature","geometry":{"type":"Polygon","coordinates":[[[-117.169684,32.713583],[-117.169709,32.713582],[-117.169709,32.713582],[-117.169809,32.713581],[-117.169819,32.713581],[-117.169868,32.713581],[-117.169873,32.713581],[-117.169942,32.71358],[-117.169943,32.71358],[-117.170024,32.713579],[-117.170051,32.713579],[-117.170052,32.713579],[-117.170942,32.713586],[-117.170954,32.713586],[-117.170983,32.713587],[-117.171082,32.713587],[-117.171086,32.714069],[-117.171087,32.714277],[-117.17109,32.714602],[-117.17109,32.714602],[-117.170977,32.714601],[-117.170127,32.714598],[-117.170066,32.714598],[-117.16997,32.714599],[-117.169949,32.714599],[-117.169936,32.714599],[-117.169819,32.714599],[-117.169181,32.714597],[-117.169172,32.714597],[-117.169173,32.714025],[-117.169173,32.714025],[-117.169174,32.713628],[-117.169174,32.713574],[-117.16956,32.713582],[-117.169605,32.713583],[-117.169684,32.713583]]]},"properties":{"block_id":"KETTNER_BL_W_E_ST","neighborhood":"Marina","total_reports":387,"latest_year":"2025","latest_year_reports":44,"reports_by_year":{"2018":6,"2019":7,"2020":32,"2021":27,"2022":121,"2023":76,"2024":74,"2025":44},"reports_by_month":{"2018-09":2,"2018-10":1,"2018-11":3,"2019-01":4,"2019-07":2,"2019-10":1,"2020-02":2,"2020-03":1,"2020-05":4,"2020-06":1,"2020-07":1,"2020-08":7,"2020-09":5,"2020-10":1,"2020-11":5,"2020-12":5,"2021-01":4,"2021-04":1,"2021-05":4,"2021-06":1,"2021-08":3,"2021-09":1,"2021-10":1,"2021-11":5,"2021-12":7,"2022-01":5,"2022-02":8,"2022-03":2,"2022-04":1,"2022-05":3,"2022-06":5,"2022-07":73,"2022-08":11,"2022-09":2,"2022-10":4,"2022-11":3,"2022-12":4,"2023-01":17,"2023-02":9,"2023-03":10,"2023-04":4,"2023-05":6,"2023-06":5,"2023-07":3,"2023-08":2,"2023-10":2,"2023-11":1,"2023-12":17,"2024-01":29,"2024-02":7,"2024-03":3,"2024-05":3,"2024-06":14,"2024-07":2,"2024-09":1,"2024-10":4,"2024-11":6,"2024-12":5,"2025-01":3,"2025-03":2,"2025-04":4,"2025-05":6,"2025-06":9,"2025-07":4,"2025-08":16},"latest_month":"2025-09"}},{"type":"Feature","geometry":{"type":"Polygon","coordinates":[[[-117.170051,32.713579],[-117.170024,32.713579],[-117.169943,32.71358],[-117.169942,32.71358],[-117.169873,32.713581],[-117.169868,32.713581],[-117.169819,32.713581],[-117.169809,32.713581],[-117.169709,32.713582],[-117.169709,32.713582],[-117.169684,32.713583],[-117.169605,32.713583],[-117.16956,32.713582],[-117.169174,32.713574],[-117.169174,32.713527],[-117.169174,32.713467],[-117.169174,32.713466],[-117.169174,32.713394],[-117.169174,32.713393],[-117.169175,32.713187],[-117.169176,32.71254],[-117.169176,32.712537],[-117.169176,32.71253],[-117.169178,32.71253],[-117.169353,32.712529],[-117.170073,32.712526],[-117.170119,32.712525],[-117.170833,32.712524],[-117.171075,32.712524],[-117.171078,32.712926],[-117.171081,32.713373],[-117.171081,32.713453],[-117.171082,32.713587],[-117.170983,32.713587],[-117.170954,32.713586],[-117.170942,32.713586],[-117.170052,32.713579],[-117.170051,32.713579]]]},"properties":{"block_id":"KETTNER_BL_W_F_ST","neighborhood":"Marina","total_reports":46,"latest_year":"2025","latest_year_reports":11,"reports_by_year":{"2018":4,"2019":3,"2020":1,"2021":2,"2022":6,"2023":8,"2024":11,"2025":11},"reports_by_month":{"2018-09":1,"2018-10":1,"2018-11":1,"2018-12":1,"2019-01":1,"2019-03":1,"2019-04":1,"2020-04":1,"2021-09":1,"2021-12":1,"2022-04":1,"2022-06":4,"2022-10":1,"2023-01":1,"2023-02":2,"2023-08":1,"2023-10":1,"2023-12":3,"2024-01":1,"2024-02":3,"2024-05":1,"2024-06":2,"2024-08":1,"2024-09":1,"2024-10":1,"2024-12":1,"2025-04":2,"2025-05":3,"2025-07":1,"2025-08":5},"latest_month":"2025-09"}},{"type":"Feature","geometry":{"type":"Polygon","coordinates":[[[-117.171075,32.712524],[-117.170833,32.712524],[-117.170119,32.712525],[-117.170073,32.712526],[-117.169353,32.712529],[-117.169178,32.71253],[-117.169176,32.71253],[-117.169177,32.711474],[-117.169177,32.711422],[-117.169193,32.711425],[-117.169209,32.711429],[-117.169225,32.711432],[-117.169241,32.711435],[-117.169256,32.711438],[-117.169272,32.711441],[-117.169288,32.711444],[-117.169304,32.711447],[-117.16932,32.711449],[-117.169336,32.711452],[-117.169352,32.711454],[-117.169368,32.711456],[-117.169384,32.711459],[-117.1694,32.711461],[-117.169416,32.711463],[-117.169432,32.711465],[-117.169448,32.711467],[-117.169465,32.711468],[-117.169481,32.71147],[-117.169497,32.711472],[-117.1695,32.711472],[-117.170094,32.711476],[-117.170098,32.711476],[-117.171057,32.711482],[-117.171075,32.712524]]]},"properties":{"block_id":"KETTNER_BL_W_G_ST","neighborhood":"Marina","total_reports":7,"latest_year":"2025","latest_year_reports":3,"reports_by_year":{"2018":1,"2019":0,"2020":1,"2021":0,"2022":0,"2023":2,"2024":0,"2025":3},"reports_by_month":{"2018-09":1,"2020-03":1,"2023-01":1,"2023-05":1,"2025-04":1,"2025-05":1,"2025-06":1},"latest_month":"2025-09"}},{"type":"Feature","geometry":{"type":"Polygon","coordinates":[[[-117.169177,32.711422],[-117.169177,32.711474],[-117.169176,32.71253],[-117.169167,32.71253],[-117.168288,32.712534],[-117.167995,32.712534],[-117.167762,32.712534],[-117.167707,32.712534],[-117.167381,32.712535],[-117.167383,32.71238],[-117.167383,32.712359],[-117.167384,32.712229],[-117.167387,32.71177],[-117.167389,32.711604],[-117.167389,32.711595],[-117.167389,32.711573],[-117.167389,32.711549],[-117.16739,32.711474],[-117.167406,32.711474],[-117.167422,32.711475],[-117.167439,32.711475],[-117.167455,32.711474],[-117.167471,32.711474],[-117.167487,32.711473],[-117.167504,32.711472],[-117.16752,32.71147],[-117.167536,32.711469],[-117.167552,32.711467],[-117.167568,32.711464],[-117.167584,32.711462],[-117.1676,32.711459],[-117.167616,32.711456],[-117.167632,32.711453],[-117.167647,32.711449],[-117.167663,32.711446],[-117.167678,32.711442],[-117.167694,32.711437],[-117.167709,32.711433],[-117.167724,32.711428],[-117.167739,32.711423],[-117.167754,32.711417],[-117.167769,32.711412],[-117.167784,32.711406],[-117.167798,32.7114],[-117.167813,32.711393],[-117.167827,32.711387],[-117.167841,32.71138],[-117.167855,32.711373],[-117.167869,32.711366],[-117.167883,32.711358],[-117.167896,32.71135],[-117.167901,32.711347],[-117.167909,32.711342],[-117.167922,32.711334],[-117.167935,32.711326],[-117.167938,32.711324],[-117.16795,32.711315],[-117.167962,32.711306],[-117.167975,32.711297],[-117.167986,32.711288],[-117.167998,32.711278],[-117.16801,32.711269],[-117.168022,32.711259],[-117.168033,32.711249],[-117.168044,32.711239],[-117.168055,32.711229],[-117.168066,32.711219],[-117.168077,32.711209],[-117.168088,32.711198],[-117.168098,32.711188],[-117.168108,32.711177],[-117.168118,32.711167],[-117.168128,32.711156],[-117.168138,32.711145],[-117.168148,32.711134],[-117.168157,32.711122],[-117.168167,32.711111],[-117.168176,32.7111],[-117.168185,32.711088],[-117.168193,32.711077],[-117.168202,32.711065],[-117.168205,32.711061],[-117.168218,32.711069],[-117.168232,32.711076],[-117.168245,32.711084],[-117.168259,32.711091],[-117.168273,32.711099],[-117.168286,32.711106],[-117.1683,32.711113],[-117.168314,32.711121],[-117.168328,32.711128],[-117.168342,32.711135],[-117.168356,32.711142],[-117.16837,32.711149],[-117.168384,32.711156],[-117.168398,32.711163],[-117.168412,32.711169],[-117.168426,32.711176],[-117.168441,32.711183],[-117.168455,32.711189],[-117.168469,32.711196],[-117.168483,32.711202],[-117.168498,32.711209],[-117.168512,32.711215],[-117.168527,32.711221],[-117.168541,32.711227],[-117.168556,32.711234],[-117.16857,32.71124],[-117.168585,32.711246],[-117.1686,32.711251],[-117.168615,32.711257],[-117.168629,32.711263],[-117.168644,32.711269],[-117.168659,32.711274],[-117.168674,32.71128],[-117.168689,32.711285],[-117.168704,32.711291],[-117.168719,32.711296],[-117.168734,32.711301],[-117.168749,32.711307],[-117.168764,32.711312],[-117.168779,32.711317],[-117.168794,32.711322],[-117.168809,32.711327],[-117.168824,32.711331],[-117.16884,32.711336],[-117.168855,32.711341],[-117.16887,32.711346],[-117.168886,32.71135],[-117.168901,32.711355],[-117.168916,32.711359],[-117.168932,32.711363],[-117.168947,32.711368],[-117.168963,32.711372],[-117.168978,32.711376],[-117.168994,32.71138],[-117.169009,32.711384],[-117.169025,32.711388],[-117.16904,32.711392],[-117.169056,32.711396],[-117.169072,32.711399],[-117.169087,32.711403],[-117.169103,32.711406],[-117.169119,32.71141],[-117.169135,32.711413],[-117.16915,32.711417],[-117.169166,32.71142],[-117.169177,32.711422]]]},"properties":{"block_id":"COLUMBIA_ST_W_G_ST","neighborhood":"Marina","total_reports":99,"latest_year":"2025","latest_year_reports":10,"reports_by_year":{"2018":6,"2019":12,"2020":7,"2021":12,"2022":9,"2023":15,"2024":28,"2025":10},"reports_by_month":{"2018-09":2,"2018-12":4,"2019-01":1,"2019-02":5,"2019-03":3,"2019-09":2,"2019-12":1,"2020-04":3,"2020-06":1,"2020-08":1,"2020-12":2,"2021-02":1,"2021-03":2,"2021-04":4,"2021-10":1,"2021-12":4,"2022-01":2,"2022-06":1,"2022-07":3,"2022-08":2,"2022-11":1,"2023-01":2,"2023-03":3,"2023-04":2,"2023-05":1,"2023-06":2,"2023-07":1,"2023-08":1,"2023-10":1,"2023-12":2,"2024-01":8,"2024-02":1,"2024-04":2,"2024-05":4,"2024-06":2,"2024-07":8,"2024-08":2,"2024-09":1,"2025-03":1,"2025-04":1,"2025-05":2,"2025-06":1,"2025-07":2,"2025-08":1,"2025-09":2},"latest_month":"2025-09"}},{"type":"Feature","geometry":{"type":"Polygon","coordinates":[[[-117.16739,32.711474],[-117.167389,32.711549],[-117.167389,32.711573],[-117.167389,32.711595],[-117.167389,32.711604],[-117.167387,32.71177],[-117.167384,32.712229],[-117.167383,32.712359],[-117.167383,32.71238],[-117.167381,32.712535],[-117.16733,32.712535],[-117.167267,32.712535],[-117.166905,32.712537],[-117.166496,32.712539],[-117.166493,32.712539],[-117.166487,32.712539],[-117.166487,32.712537],[-117.166488,32.71253],[-117.166495,32.712097],[-117.166495,32.712066],[-117.166496,32.712009],[-117.166497,32.711951],[-117.1665,32.711804],[-117.166505,32.711482],[-117.166506,32.711472],[-117.16739,32.711474]]]},"properties":{"block_id":"STATE_ST_W_G_ST","neighborhood":"Marina","total_reports":23,"latest_year":"2025","latest_year_reports":4,"reports_by_year":{"2018":0,"2019":0,"2020":2,"2021":9,"2022":2,"2023":2,"2024":4,"2025":4},"reports_by_month":{"2020-05":1,"2020-09":1,"2021-03":1,"2021-04":1,"2021-07":5,"2021-11":2,"2022-08":1,"2022-12":1,"2023-06":1,"2023-07":1,"2024-03":1,"2024-04":2,"2024-07":1,"2025-04":1,"2025-05":3},"latest_month":"2025-09"}},{"type":"Feature","geometry":{"type":"Polygon","coordinates":[[[-117.170066,32.714598],[-117.170127,32.714598],[-117.170977,32.714601],[-117.17109,32.714602],[-117.171095,32.715314],[-117.171097,32.715526],[-117.171098,32.715706],[-117.171098,32.715712],[-117.170064,32.715714],[-117.170064,32.7157],[-117.170064,32.715529],[-117.170065,32.714702],[-117.170066,32.714599],[-117.170066,32.714598]]]},"properties":{"block_id":"CALIFORNIA_ST_W_BROADWAY","neighborhood":"Columbia","total_reports":42,"latest_year":"2025","latest_year_reports":5,"reports_by_year":{"2018":3,"2019":4,"2020":10,"2021":4,"2022":1,"2023":8,"2024":7,"2025":5},"reports_by_month":{"2018-10":1,"2018-12":2,"2019-02":1,"2019-04":1,"2019-06":1,"2019-10":1,"2020-05":1,"2020-06":1,"2020-07":1,"2020-08":2,"2020-10":2,"2020-11":3,"2021-05":1,"2021-07":1,"2021-10":1,"2021-11":1,"2022-07":1,"2023-01":2,"2023-04":1,"2023-06":1,"2023-07":1,"2023-10":1,"2023-11":1,"2023-12":1,"2024-01":1,"2024-04":2,"2024-06":1,"2024-08":2,"2024-12":1,"2025-04":4,"2025-08":1},"latest_month":"2025-09"}},{"type":"Feature","geometry":{"type":"Polygon","coordinates":[[[-117.15648,32.711513],[-117.156154,32.711516],[-117.155572,32.71152],[-117.15557,32.71152],[-117.155566,32.71152],[-117.155566,32.711519],[-117.155566,32.711244],[-117.155566,32.711106],[-117.155566,32.71099],[-117.155565,32.710831],[-117.155565,32.710446],[-117.155565,32.710443],[-117.155565,32.710437],[-117.155571,32.710437],[-117.155589,32.710437],[-117.156017,32.710439],[-117.156469,32.710441],[-117.156474,32.710961],[-117.156474,32.710993],[-117.156475,32.711101],[-117.156476,32.71114],[-117.156479,32.711438],[-117.15648,32.711513]]]},"properties":{"block_id":"10TH_AV_MARKET_ST","neighborhood":"South East Village","total_reports":47,"latest_year":"2025","latest_year_reports":10,"reports_by_year":{"2018":0,"2019":2,"2020":10,"2021":7,"2022":4,"2023":1,"2024":13,"2025":10},"reports_by_month":{"2019-12":2,"2020-01":2,"2020-06":1,"2020-07":1,"2020-09":4,"2020-10":1,"2020-12":1,"2021-01":1,"2021-05":1,"2021-10":1,"2021-11":4,"2022-02":1,"2022-04":2,"2022-05":1,"2023-04":1,"2024-01":1,"2024-07":2,"2024-08":2,"2024-09":1,"2024-10":2,"2024-11":4,"2024-12":1,"2025-01":3,"2025-05":2,"2025-06":1,"2025-07":2,"2025-08":2},"latest_month":"2025-09"}},{"type":"Feature","geometry":{"type":"Polygon","coordinates":[[[-117.155566,32.71152],[-117.15557,32.71152],[-117.155572,32.71152],[-117.156154,32.711516],[-117.15648,32.711513],[-117.15648,32.711514],[-117.15648,32.711516],[-117.156489,32.712064],[-117.156489,32.712105],[-117.156497,32.712581],[-117.156497,32.712586],[-117.156497,32.712593],[-117.156497,32.712596],[-117.156494,32.712596],[-117.15649,32.712596],[-117.156478,32.712596],[-117.156383,32.712597],[-117.155589,32.7126],[-117.155581,32.7126],[-117.15558,32.712595],[-117.15558,32.712593],[-117.15558,32.712591],[-117.15558,32.712589],[-117.155566,32.711524],[-117.155566,32.71152]]]},"properties":{"block_id":"10TH_AV_G_ST","neighborhood":"East Village","total_reports":285,"latest_year":"2025","latest_year_reports":18,"reports_by_year":{"2018":1,"2019":7,"2020":200,"2021":19,"2022":8,"2023":11,"2024":21,"2025":18},"reports_by_month":{"2018-11":1,"2019-01":1,"2019-04":1,"2019-05":1,"2019-06":1,"2019-09":1,"2019-11":1,"2019-12":1,"2020-01":5,"2020-02":4,"2020-03":4,"2020-04":11,"2020-05":17,"2020-06":27,"2020-07":16,"2020-08":43,"2020-09":40,"2020-10":27,"2020-11":4,"2020-12":2,"2021-01":3,"2021-02":2,"2021-03":1,"2021-04":1,"2021-06":5,"2021-07":3,"2021-08":1,"2021-10":1,"2021-11":1,"2021-12":1,"2022-01":2,"2022-03":1,"2022-04":2,"2022-06":1,"2022-10":2,"2023-04":2,"2023-05":1,"2023-06":1,"2023-08":1,"2023-09":1,"2023-10":3,"2023-12":2,"2024-02":2,"2024-03":2,"2024-04":1,"2024-05":1,"2024-07":4,"2024-08":1,"2024-09":2,"2024-10":3,"2024-11":2,"2024-12":3,"2025-01":1,"2025-02":3,"2025-03":3,"2025-04":2,"2025-05":2,"2025-06":1,"2025-08":5,"2025-09":1},"latest_month":"2025-09"}},{"type":"Feature","geometry":{"type":"Polygon","coordinates":[[[-117.155566,32.71152],[-117.155445,32.71152],[-117.155115,32.711519],[-117.154672,32.711519],[-117.154664,32.711519],[-117.154653,32.711518],[-117.154648,32.710452],[-117.154749,32.71045],[-117.155561,32.710437],[-117.155561,32.710437],[-117.155562,32.710437],[-117.155565,32.710437],[-117.155565,32.710443],[-117.155565,32.710446],[-117.155565,32.710831],[-117.155566,32.71099],[-117.155566,32.711106],[-117.155566,32.711244],[-117.155566,32.711519],[-117.155566,32.71152]]]},"properties":{"block_id":"11TH_AV_MARKET_ST","neighborhood":"South East Village","total_reports":124,"latest_year":"2025","latest_year_reports":15,"reports_by_year":{"2018":0,"2019":0,"2020":2,"2021":4,"2022":27,"2023":32,"2024":44,"2025":15},"reports_by_month":{"2020-01":1,"2020-03":1,"2021-02":1,"2021-10":2,"2021-12":1,"2022-01":1,"2022-02":1,"2022-03":1,"2022-04":5,"2022-05":4,"2022-06":2,"2022-07":2,"2022-08":2,"2022-09":2,"2022-10":6,"2022-12":1,"2023-01":1,"2023-02":4,"2023-03":4,"2023-04":2,"2023-05":3,"2023-06":6,"2023-07":2,"2023-08":5,"2023-09":1,"2023-10":1,"2023-11":2,"2023-12":1,"2024-02":1,"2024-03":1,"2024-04":1,"2024-05":4,"2024-06":10,"2024-07":3,"2024-08":1,"2024-09":10,"2024-10":8,"2024-11":2,"2024-12":3,"2025-01":2,"2025-02":2,"2025-03":3,"2025-04":2,"2025-05":1,"2025-06":1,"2025-07":3,"2025-08":1},"latest_month":"2025-09"}},{"type":"Feature","geometry":{"type":"Polygon","coordinates":[[[-117.154653,32.711518],[-117.154664,32.711519],[-117.154672,32.711519],[-117.155115,32.711519],[-117.155445,32.71152],[-117.155566,32.71152],[-117.155566,32.711524],[-117.15558,32.712589],[-117.15558,32.712591],[-117.15558,32.712593],[-117.15558,32.712595],[-117.155581,32.7126],[-117.155579,32.7126],[-117.15557,32.7126],[-117.155569,32.7126],[-117.15467,32.712604],[-117.154655,32.711642],[-117.154653,32.71153],[-117.154653,32.711518]]]},"properties":{"block_id":"11TH_AV_G_ST","neighborhood":"East Village","total_reports":608,"latest_year":"2025","latest_year_reports":44,"reports_by_year":{"2018":0,"2019":5,"2020":36,"2021":52,"2022":50,"2023":280,"2024":141,"2025":44},"reports_by_month":{"2019-05":3,"2019-12":2,"2020-03":3,"2020-04":3,"2020-05":2,"2020-06":1,"2020-07":3,"2020-08":4,"2020-09":1,"2020-10":7,"2020-11":1,"2020-12":11,"2021-01":1,"2021-04":5,"2021-05":4,"2021-07":2,"2021-08":11,"2021-09":1,"2021-10":22,"2021-11":4,"2021-12":2,"2022-03":1,"2022-06":2,"2022-07":1,"2022-08":1,"2022-09":1,"2022-10":6,"2022-11":17,"2022-12":21,"2023-01":1,"2023-02":1,"2023-03":5,"2023-04":42,"2023-05":27,"2023-06":18,"2023-07":21,"2023-08":16,"2023-09":15,"2023-10":13,"2023-11":41,"2023-12":80,"2024-01":11,"2024-02":25,"2024-03":29,"2024-04":5,"2024-05":6,"2024-06":9,"2024-07":15,"2024-08":9,"2024-09":5,"2024-10":15,"2024-11":10,"2024-12":2,"2025-01":1,"2025-02":4,"2025-03":1,"2025-04":5,"2025-05":5,"2025-07":6,"2025-08":10,"2025-09":12},"latest_month":"2025-09"}},{"type":"Feature","geometry":{"type":"Polygon","coordinates":[[[-117.169172,32.714597],[-117.169181,32.714597],[-117.169819,32.714599],[-117.169936,32.714599],[-117.169949,32.714599],[-117.16997,32.714599],[-117.170066,32.714598],[-117.170066,32.714599],[-117.170065,32.714702],[-117.170064,32.715529],[-117.170064,32.7157],[-117.170064,32.715714],[-117.169167,32.715715],[-117.169167,32.71569],[-117.169171,32.714717],[-117.169171,32.7146],[-117.169172,32.714597]]]},"properties":{"block_id":"KETTNER_BL_W_BROADWAY","neighborhood":"Columbia","total_reports":14,"latest_year":"2025","latest_year_reports":1,"reports_by_year":{"2018":0,"2019":0,"2020":0,"2021":5,"2022":5,"2023":2,"2024":1,"2025":1},"reports_by_month":{"2021-03":1,"2021-08":1,"2021-09":2,"2021-12":1,"2022-04":1,"2022-05":1,"2022-06":2,"2022-09":1,"2023-01":1,"2023-11":1,"2024-08":1,"2025-08":1},"latest_month":"2025-09"}},{"type":"Feature","geometry":{"type":"Polygon","coordinates":[[[-117.15562,32.717817],[-117.155626,32.718537],[-117.155627,32.718583],[-117.155629,32.718877],[-117.155339,32.718879],[-117.155339,32.718879],[-117.1553,32.71888],[-117.154725,32.718878],[-117.154723,32.71859],[-117.154716,32.718208],[-117.154709,32.717823],[-117.154986,32.717821],[-117.155226,32.71782],[-117.155512,32.717818],[-117.15562,32.717817]]]},"properties":{"block_id":"11TH_AV_A_ST","neighborhood":"City Center","total_reports":105,"latest_year":"2025","latest_year_reports":32,"reports_by_year":{"2018":1,"2019":2,"2020":4,"2021":0,"2022":15,"2023":6,"2024":45,"2025":32},"reports_by_month":{"2018-10":1,"2019-09":1,"2019-10":1,"2020-02":2,"2020-08":1,"2020-10":1,"2022-01":1,"2022-04":3,"2022-06":2,"2022-07":1,"2022-08":1,"2022-10":2,"2022-11":1,"2022-12":4,"2023-02":1,"2023-04":1,"2023-06":1,"2023-11":1,"2023-12":2,"2024-01":3,"2024-02":11,"2024-03":1,"2024-04":1,"2024-06":6,"2024-07":5,"2024-08":1,"2024-10":3,"2024-11":11,"2024-12":3,"2025-01":2,"2025-02":3,"2025-03":8,"2025-04":2,"2025-05":2,"2025-06":6,"2025-07":2,"2025-08":5,"2025-09":2},"latest_month":"2025-09"}},{"type":"Feature","geometry":{"type":"Polygon","coordinates":[[[-117.155629,32.718877],[-117.155627,32.718583],[-117.155626,32.718537],[-117.15562,32.717817],[-117.156541,32.717821],[-117.156549,32.718576],[-117.156552,32.718873],[-117.155629,32.718877]]]},"properties":{"block_id":"10TH_AV_A_ST","neighborhood":"City Center","total_reports":170,"latest_year":"2025","latest_year_reports":9,"reports_by_year":{"2018":0,"2019":1,"2020":6,"2021":9,"2022":72,"2023":65,"2024":8,"2025":9},"reports_by_month":{"2019-08":1,"2020-01":1,"2020-05":1,"2020-08":1,"2020-09":2,"2020-12":1,"2021-02":3,"2021-04":1,"2021-07":1,"2021-09":2,"2021-10":1,"2021-11":1,"2022-01":1,"2022-02":8,"2022-03":3,"2022-04":5,"2022-06":4,"2022-07":11,"2022-08":6,"2022-09":4,"2022-10":11,"2022-11":5,"2022-12":14,"2023-01":15,"2023-02":1,"2023-03":3,"2023-04":5,"2023-05":6,"2023-06":2,"2023-08":1,"2023-09":4,"2023-10":3,"2023-11":15,"2023-12":10,"2024-02":1,"2024-03":1,"2024-05":2,"2024-07":2,"2024-08":1,"2024-09":1,"2025-02":1,"2025-03":4,"2025-04":3,"2025-07":1},"latest_month":"2025-09"}},{"type":"Feature","geometry":{"type":"Polygon","coordinates":[[[-117.154706,32.716765],[-117.154706,32.716773],[-117.154706,32.716782],[-117.154707,32.716891],[-117.154707,32.717017],[-117.154709,32.717823],[-117.153807,32.71783],[-117.153793,32.716774],[-117.153799,32.716774],[-117.15462,32.716766],[-117.154637,32.716766],[-117.154686,32.716765],[-117.154701,32.716765],[-117.154706,32.716765]]]},"properties":{"block_id":"PARK_BL_B_ST","neighborhood":"City Center","total_reports":783,"latest_year":"2025","latest_year_reports":115,"reports_by_year":{"2018":5,"2019":4,"2020":36,"2021":13,"2022":51,"2023":143,"2024":416,"2025":115},"reports_by_month":{"2018-09":1,"2018-10":1,"2018-11":2,"2018-12":1,"2019-02":1,"2019-03":1,"2019-08":1,"2019-12":1,"2020-01":4,"2020-02":1,"2020-03":1,"2020-04":2,"2020-05":6,"2020-06":4,"2020-07":3,"2020-08":10,"2020-09":3,"2020-10":1,"2020-12":1,"2021-01":2,"2021-02":2,"2021-03":1,"2021-05":3,"2021-06":2,"2021-08":1,"2021-11":2,"2022-01":5,"2022-03":1,"2022-04":1,"2022-06":3,"2022-07":4,"2022-08":2,"2022-09":2,"2022-10":3,"2022-11":15,"2022-12":15,"2023-01":8,"2023-03":25,"2023-04":5,"2023-05":6,"2023-06":12,"2023-07":11,"2023-08":4,"2023-09":11,"2023-10":31,"2023-11":17,"2023-12":13,"2024-01":60,"2024-02":37,"2024-03":39,"2024-04":57,"2024-05":9,"2024-06":17,"2024-07":25,"2024-08":48,"2024-09":28,"2024-10":48,"2024-11":36,"2024-12":12,"2025-01":15,"2025-02":6,"2025-03":25,"2025-04":19,"2025-05":9,"2025-06":19,"2025-07":8,"2025-08":8,"2025-09":6},"latest_month":"2025-09"}},{"type":"Feature","geometry":{"type":"Polygon","coordinates":[[[-117.154709,32.717823],[-117.154707,32.717017],[-117.154707,32.716891],[-117.154706,32.716782],[-117.154706,32.716773],[-117.154706,32.716765],[-117.154715,32.716765],[-117.155614,32.716764],[-117.15562,32.717817],[-117.155512,32.717818],[-117.155226,32.71782],[-117.154986,32.717821],[-117.154709,32.717823]]]},"properties":{"block_id":"11TH_AV_B_ST","neighborhood":"City Center","total_reports":892,"latest_year":"2025","latest_year_reports":24,"reports_by_year":{"2018":1,"2019":0,"2020":42,"2021":19,"2022":180,"2023":481,"2024":145,"2025":24},"reports_by_month":{"2018-09":1,"2020-01":1,"2020-10":24,"2020-11":14,"2020-12":3,"2021-01":3,"2021-02":8,"2021-03":1,"2021-05":2,"2021-08":2,"2021-09":2,"2021-11":1,"2022-01":3,"2022-02":2,"2022-03":8,"2022-04":10,"2022-05":19,"2022-06":17,"2022-07":10,"2022-08":23,"2022-09":8,"2022-10":28,"2022-11":20,"2022-12":32,"2023-01":36,"2023-02":26,"2023-03":27,"2023-04":39,"2023-05":52,"2023-06":66,"2023-07":46,"2023-08":39,"2023-09":32,"2023-10":42,"2023-11":24,"2023-12":52,"2024-01":25,"2024-02":8,"2024-03":12,"2024-04":4,"2024-05":13,"2024-06":29,"2024-07":14,"2024-08":6,"2024-09":2,"2024-10":9,"2024-11":15,"2024-12":8,"2025-01":1,"2025-02":5,"2025-03":2,"2025-04":2,"2025-06":2,"2025-07":2,"2025-08":6,"2025-09":4},"latest_month":"2025-09"}},{"type":"Feature","geometry":{"type":"Polygon","coordinates":[[[-117.164735,32.718824],[-117.164449,32.718826],[-117.163848,32.71883],[-117.163845,32.718523],[-117.16384,32.717778],[-117.164438,32.717781],[-117.164728,32.717782],[-117.164732,32.71831],[-117.164733,32.718516],[-117.164735,32.718824]]]},"properties":{"block_id":"01ST_AV_W_A_ST","neighborhood":"City Center","total_reports":38,"latest_year":"2025","latest_year_reports":5,"reports_by_year":{"2018":0,"2019":1,"2020":2,"2021":4,"2022":16,"2023":6,"2024":4,"2025":5},"reports_by_month":{"2019-12":1,"2020-01":1,"2020-07":1,"2021-03":1,"2021-07":1,"2021-09":2,"2022-06":8,"2022-07":8,"2023-03":2,"2023-04":1,"2023-08":2,"2023-11":1,"2024-01":3,"2024-03":1,"2025-02":1,"2025-03":1,"2025-04":3},"latest_month":"2025-09"}},{"type":"Feature","geometry":{"type":"Polygon","coordinates":[[[-117.163833,32.716744],[-117.16384,32.717778],[-117.163845,32.718523],[-117.163848,32.71883],[-117.162931,32.718834],[-117.162027,32.718841],[-117.162027,32.718536],[-117.162026,32.717802],[-117.162022,32.716755],[-117.162913,32.716751],[-117.163833,32.716744]]]},"properties":{"block_id":"03RD_AV_A_ST","neighborhood":"City Center","total_reports":325,"latest_year":"2025","latest_year_reports":21,"reports_by_year":{"2018":2,"2019":9,"2020":45,"2021":25,"2022":27,"2023":93,"2024":103,"2025":21},"reports_by_month":{"2018-10":2,"2019-01":1,"2019-08":2,"2019-09":2,"2019-10":1,"2019-12":3,"2020-01":4,"2020-02":3,"2020-03":1,"2020-04":2,"2020-05":5,"2020-06":11,"2020-07":3,"2020-08":5,"2020-09":3,"2020-10":2,"2020-11":1,"2020-12":5,"2021-01":2,"2021-02":5,"2021-03":2,"2021-05":1,"2021-06":1,"2021-07":4,"2021-08":1,"2021-09":3,"2021-10":3,"2021-11":1,"2021-12":2,"2022-01":3,"2022-02":3,"2022-03":2,"2022-04":2,"2022-05":5,"2022-06":2,"2022-07":4,"2022-08":1,"2022-09":1,"2022-10":2,"2022-12":2,"2023-01":5,"2023-02":2,"2023-03":12,"2023-04":15,"2023-05":24,"2023-06":5,"2023-07":8,"2023-08":4,"2023-09":3,"2023-10":6,"2023-11":5,"2023-12":4,"2024-01":15,"2024-02":15,"2024-03":16,"2024-04":11,"2024-05":6,"2024-06":10,"2024-07":5,"2024-08":6,"2024-09":1,"2024-10":8,"2024-11":5,"2024-12":5,"2025-01":1,"2025-02":3,"2025-03":2,"2025-05":4,"2025-06":4,"2025-07":3,"2025-08":2,"2025-09":2},"latest_month":"2025-09"}},{"type":"Feature","geometry":{"type":"Polygon","coordinates":[[[-117.16384,32.717778],[-117.163833,32.716744],[-117.164427,32.71674],[-117.164723,32.716738],[-117.164728,32.717782],[-117.164438,32.717781],[-117.16384,32.717778]]]},"properties":{"block_id":"01ST_AV_W_B_ST","neighborhood":"City Center","total_reports":17,"latest_year":"2025","latest_year_reports":2,"reports_by_year":{"2018":0,"2019":0,"2020":1,"2021":2,"2022":4,"2023":6,"2024":2,"2025":2},"reports_by_month":{"2020-08":1,"2021-09":2,"2022-06":1,"2022-07":1,"2022-10":1,"2022-12":1,"2023-03":1,"2023-08":1,"2023-10":1,"2023-12":3,"2024-04":1,"2024-05":1,"2025-01":1,"2025-07":1},"latest_month":"2025-09"}},{"type":"Feature","geometry":{"type":"Polygon","coordinates":[[[-117.157442,32.717817],[-117.156541,32.717821],[-117.15654,32.71763],[-117.15654,32.717616],[-117.156534,32.716765],[-117.157434,32.716764],[-117.157434,32.716795],[-117.157441,32.717738],[-117.157442,32.717817]]]},"properties":{"block_id":"09TH_AV_B_ST","neighborhood":"City Center","total_reports":717,"latest_year":"2025","latest_year_reports":8,"reports_by_year":{"2018":2,"2019":5,"2020":75,"2021":146,"2022":191,"2023":252,"2024":38,"2025":8},"reports_by_month":{"2018-10":1,"2018-11":1,"2019-01":1,"2019-08":1,"2019-09":1,"2019-10":2,"2020-01":1,"2020-02":1,"2020-05":11,"2020-06":7,"2020-07":35,"2020-08":4,"2020-09":10,"2020-10":3,"2020-12":3,"2021-01":10,"2021-02":6,"2021-03":15,"2021-04":31,"2021-05":54,"2021-06":1,"2021-07":1,"2021-08":2,"2021-09":7,"2021-10":9,"2021-11":2,"2021-12":8,"2022-01":7,"2022-02":4,"2022-03":8,"2022-04":24,"2022-05":13,"2022-06":13,"2022-07":22,"2022-08":9,"2022-09":33,"2022-10":8,"2022-11":8,"2022-12":42,"2023-01":43,"2023-02":11,"2023-03":35,"2023-04":30,"2023-05":56,"2023-06":1,"2023-07":3,"2023-08":6,"2023-09":33,"2023-10":14,"2023-11":11,"2023-12":9,"2024-01":6,"2024-02":7,"2024-03":8,"2024-04":6,"2024-05":6,"2024-06":1,"2024-07":3,"2024-09":1,"2025-02":1,"2025-03":2,"2025-04":1,"2025-05":1,"2025-06":1,"2025-08":2},"latest_month":"2025-09"}},{"type":"Feature","geometry":{"type":"Polygon","coordinates":[[[-117.156541,32.717821],[-117.157442,32.717817],[-117.157445,32.71857],[-117.157446,32.718869],[-117.156552,32.718873],[-117.156549,32.718576],[-117.156541,32.717821]]]},"properties":{"block_id":"09TH_AV_A_ST","neighborhood":"City Center","total_reports":100,"latest_year":"2025","latest_year_reports":2,"reports_by_year":{"2018":0,"2019":0,"2020":4,"2021":12,"2022":32,"2023":44,"2024":6,"2025":2},"reports_by_month":{"2020-06":1,"2020-07":2,"2020-08":1,"2021-02":2,"2021-03":2,"2021-05":4,"2021-07":1,"2021-08":1,"2021-09":1,"2021-10":1,"2022-03":1,"2022-04":1,"2022-06":1,"2022-07":2,"2022-08":1,"2022-09":7,"2022-10":5,"2022-11":3,"2022-12":11,"2023-01":21,"2023-03":17,"2023-04":1,"2023-05":2,"2023-08":1,"2023-11":2,"2024-06":1,"2024-08":2,"2024-09":1,"2024-10":1,"2024-12":1,"2025-01":1,"2025-07":1},"latest_month":"2025-09"}},{"type":"Feature","geometry":{"type":"Polygon","coordinates":[[[-117.165608,32.716731],[-117.165664,32.716731],[-117.16591,32.716729],[-117.166489,32.716725],[-117.16649,32.717769],[-117.165602,32.71777],[-117.165603,32.717635],[-117.165607,32.716882],[-117.165608,32.716731]]]},"properties":{"block_id":"UNION_ST_W_B_ST","neighborhood":"Columbia","total_reports":32,"latest_year":"2025","latest_year_reports":3,"reports_by_year":{"2018":0,"2019":3,"2020":0,"2021":4,"2022":10,"2023":5,"2024":7,"2025":3},"reports_by_month":{"2019-12":3,"2021-10":1,"2021-12":3,"2022-01":1,"2022-05":7,"2022-06":1,"2022-10":1,"2023-01":1,"2023-03":1,"2023-05":3,"2024-01":2,"2024-02":5,"2025-03":1,"2025-07":1,"2025-08":1},"latest_month":"2025-09"}},{"type":"Feature","geometry":{"type":"Polygon","coordinates":[[[-117.168274,32.71988],[-117.167396,32.719882],[-117.167388,32.718815],[-117.168276,32.718814],[-117.168274,32.71988]]]},"properties":{"block_id":"COLUMBIA_ST_W_ASH_ST","neighborhood":"Columbia","total_reports":4,"latest_year":"2025","latest_year_reports":0,"reports_by_year":{"2018":0,"2019":0,"2020":1,"2021":0,"2022":1,"2023":1,"2024":1,"2025":0},"reports_by_month":{"2020-02":1,"2022-05":1,"2023-06":1,"2024-04":1},"latest_month":"2025-09"}},{"type":"Feature","geometry":{"type":"Polygon","coordinates":[[[-117.159282,32.717812],[-117.159285,32.718094],[-117.15929,32.718556],[-117.159293,32.718859],[-117.15836,32.718863],[-117.158358,32.718563],[-117.158353,32.717914],[-117.158352,32.717813],[-117.159282,32.717812]]]},"properties":{"block_id":"07TH_AV_A_ST","neighborhood":"City Center","total_reports":123,"latest_year":"2025","latest_year_reports":31,"reports_by_year":{"2018":0,"2019":0,"2020":10,"2021":8,"2022":44,"2023":14,"2024":16,"2025":31},"reports_by_month":{"2020-06":1,"2020-10":7,"2020-11":1,"2020-12":1,"2021-02":2,"2021-06":1,"2021-08":1,"2021-11":4,"2022-01":1,"2022-03":2,"2022-05":3,"2022-06":5,"2022-07":4,"2022-08":5,"2022-09":1,"2022-10":8,"2022-11":7,"2022-12":8,"2023-01":8,"2023-04":1,"2023-05":1,"2023-09":1,"2023-10":1,"2023-11":1,"2023-12":1,"2024-01":1,"2024-02":1,"2024-03":2,"2024-04":1,"2024-05":1,"2024-07":1,"2024-08":2,"2024-09":1,"2024-10":3,"2024-11":2,"2024-12":1,"2025-01":3,"2025-02":5,"2025-03":3,"2025-04":4,"2025-05":1,"2025-06":7,"2025-07":5,"2025-08":3},"latest_month":"2025-09"}},{"type":"Feature","geometry":{"type":"Polygon","coordinates":[[[-117.159293,32.718859],[-117.15929,32.718556],[-117.159285,32.718094],[-117.159282,32.717812],[-117.160173,32.71781],[-117.160181,32.71855],[-117.160184,32.718855],[-117.159293,32.718859]]]},"properties":{"block_id":"06TH_AV_A_ST","neighborhood":"City Center","total_reports":39,"latest_year":"2025","latest_year_reports":5,"reports_by_year":{"2018":1,"2019":1,"2020":5,"2021":5,"2022":7,"2023":6,"2024":9,"2025":5},"reports_by_month":{"2018-09":1,"2019-12":1,"2020-06":2,"2020-10":2,"2020-12":1,"2021-07":3,"2021-09":1,"2021-10":1,"2022-03":1,"2022-05":2,"2022-07":1,"2022-08":1,"2022-10":1,"2022-11":1,"2023-03":4,"2023-04":1,"2023-11":1,"2024-01":1,"2024-02":1,"2024-03":1,"2024-04":2,"2024-07":1,"2024-11":2,"2024-12":1,"2025-05":1,"2025-06":1,"2025-07":1,"2025-08":1,"2025-09":1},"latest_month":"2025-09"}},{"type":"Feature","geometry":{"type":"Polygon","coordinates":[[[-117.16649,32.717769],[-117.166489,32.718297],[-117.166488,32.718503],[-117.166488,32.718819],[-117.1656,32.71882],[-117.165601,32.71851],[-117.165602,32.71777],[-117.16649,32.717769]]]},"properties":{"block_id":"UNION_ST_W_A_ST","neighborhood":"Columbia","total_reports":192,"latest_year":"2025","latest_year_reports":47,"reports_by_year":{"2018":0,"2019":2,"2020":12,"2021":29,"2022":52,"2023":24,"2024":26,"2025":47},"reports_by_month":{"2019-12":2,"2020-01":4,"2020-02":2,"2020-06":1,"2020-11":3,"2020-12":2,"2021-02":1,"2021-03":3,"2021-05":3,"2021-06":3,"2021-07":2,"2021-08":1,"2021-09":2,"2021-10":2,"2021-11":5,"2021-12":7,"2022-01":5,"2022-02":2,"2022-03":2,"2022-04":3,"2022-05":31,"2022-06":1,"2022-07":3,"2022-08":1,"2022-09":1,"2022-11":1,"2022-12":2,"2023-01":1,"2023-02":5,"2023-03":4,"2023-04":4,"2023-05":4,"2023-08":2,"2023-09":1,"2023-11":2,"2023-12":1,"2024-01":2,"2024-02":3,"2024-03":2,"2024-05":6,"2024-06":6,"2024-07":1,"2024-08":4,"2024-10":2,"2025-01":1,"2025-02":3,"2025-05":3,"2025-06":1,"2025-07":10,"2025-08":19,"2025-09":10},"latest_month":"2025-09"}},{"type":"Feature","geometry":{"type":"Polygon","coordinates":[[[-117.166488,32.718819],[-117.166488,32.718503],[-117.166489,32.718297],[-117.16649,32.717769],[-117.167384,32.717768],[-117.167386,32.71829],[-117.167387,32.718496],[-117.167388,32.718815],[-117.166488,32.718819]]]},"properties":{"block_id":"STATE_ST_W_A_ST","neighborhood":"Columbia","total_reports":24,"latest_year":"2025","latest_year_reports":3,"reports_by_year":{"2018":0,"2019":1,"2020":0,"2021":1,"2022":5,"2023":6,"2024":8,"2025":3},"reports_by_month":{"2019-12":1,"2021-06":1,"2022-02":1,"2022-05":1,"2022-08":1,"2022-11":2,"2023-01":2,"2023-02":1,"2023-03":3,"2024-02":1,"2024-03":1,"2024-06":2,"2024-08":3,"2024-10":1,"2025-04":1,"2025-07":1,"2025-08":1},"latest_month":"2025-09"}},{"type":"Feature","geometry":{"type":"Polygon","coordinates":[[[-117.164723,32.716738],[-117.165608,32.716731],[-117.165607,32.716882],[-117.165603,32.717635],[-117.165602,32.71777],[-117.164728,32.717782],[-117.164723,32.716738]]]},"properties":{"block_id":"FRONT_ST_W_B_ST","neighborhood":"City Center","total_reports":66,"latest_year":"2025","latest_year_reports":13,"reports_by_year":{"2018":0,"2019":2,"2020":0,"2021":8,"2022":22,"2023":7,"2024":14,"2025":13},"reports_by_month":{"2019-07":1,"2019-12":1,"2021-06":1,"2021-08":1,"2021-09":2,"2021-11":1,"2021-12":3,"2022-01":2,"2022-03":1,"2022-04":1,"2022-05":15,"2022-08":2,"2022-10":1,"2023-01":1,"2023-03":1,"2023-05":1,"2023-06":1,"2023-10":1,"2023-11":1,"2023-12":1,"2024-01":4,"2024-02":9,"2024-04":1,"2025-02":5,"2025-07":1,"2025-08":7},"latest_month":"2025-09"}},{"type":"Feature","geometry":{"type":"Polygon","coordinates":[[[-117.1656,32.71882],[-117.164865,32.718823],[-117.164735,32.718824],[-117.164733,32.718516],[-117.164732,32.71831],[-117.164728,32.717782],[-117.165602,32.71777],[-117.165601,32.71851],[-117.1656,32.71882]]]},"properties":{"block_id":"FRONT_ST_W_A_ST","neighborhood":"City Center","total_reports":90,"latest_year":"2025","latest_year_reports":4,"reports_by_year":{"2018":0,"2019":0,"2020":0,"2021":19,"2022":59,"2023":1,"2024":7,"2025":4},"reports_by_month":{"2021-01":1,"2021-04":1,"2021-05":6,"2021-07":2,"2021-08":2,"2021-09":1,"2021-10":2,"2021-11":2,"2021-12":2,"2022-01":9,"2022-02":1,"2022-04":7,"2022-05":14,"2022-06":1,"2022-07":5,"2022-08":4,"2022-09":9,"2022-10":5,"2022-11":3,"2022-12":1,"2023-03":1,"2024-01":2,"2024-02":1,"2024-03":1,"2024-05":2,"2024-06":1,"2025-03":1,"2025-05":2,"2025-06":1},"latest_month":"2025-09"}},{"type":"Feature","geometry":{"type":"Polygon","coordinates":[[[-117.168276,32.718814],[-117.169176,32.71881],[-117.169176,32.719856],[-117.168274,32.71988],[-117.168276,32.718814]]]},"properties":{"block_id":"INDIA_ST_W_ASH_ST","neighborhood":"Columbia","total_reports":64,"latest_year":"2025","latest_year_reports":9,"reports_by_year":{"2018":0,"2019":0,"2020":16,"2021":12,"2022":14,"2023":6,"2024":7,"2025":9},"reports_by_month":{"2020-04":4,"2020-05":4,"2020-07":2,"2020-10":2,"2020-11":1,"2020-12":3,"2021-03":1,"2021-04":1,"2021-05":2,"2021-06":1,"2021-07":1,"2021-08":1,"2021-09":4,"2021-11":1,"2022-02":1,"2022-03":1,"2022-04":4,"2022-05":1,"2022-06":2,"2022-08":2,"2022-09":2,"2022-10":1,"2023-02":1,"2023-08":1,"2023-09":3,"2023-11":1,"2024-03":1,"2024-04":1,"2024-05":1,"2024-08":2,"2024-10":2,"2025-03":1,"2025-04":1,"2025-05":6,"2025-06":1},"latest_month":"2025-09"}},{"type":"Feature","geometry":{"type":"Polygon","coordinates":[[[-117.169176,32.71881],[-117.168276,32.718814],[-117.168276,32.71849],[-117.168278,32.717767],[-117.169166,32.717766],[-117.169166,32.718483],[-117.169176,32.71881]]]},"properties":{"block_id":"INDIA_ST_W_A_ST","neighborhood":"Columbia","total_reports":17,"latest_year":"2025","latest_year_reports":3,"reports_by_year":{"2018":0,"2019":0,"2020":2,"2021":1,"2022":1,"2023":3,"2024":7,"2025":3},"reports_by_month":{"2020-04":1,"2020-05":1,"2021-01":1,"2022-11":1,"2023-03":1,"2023-08":1,"2023-11":1,"2024-01":2,"2024-02":1,"2024-04":2,"2024-09":1,"2024-10":1,"2025-03":1,"2025-05":1,"2025-09":1},"latest_month":"2025-09"}},{"type":"Feature","geometry":{"type":"Polygon","coordinates":[[[-117.169176,32.719856],[-117.169176,32.71881],[-117.169784,32.71881],[-117.170061,32.718812],[-117.170069,32.718914],[-117.170082,32.719875],[-117.169965,32.719876],[-117.169176,32.719856]]]},"properties":{"block_id":"KETTNER_BL_W_ASH_ST","neighborhood":"Columbia","total_reports":5,"latest_year":"2025","latest_year_reports":1,"reports_by_year":{"2018":0,"2019":0,"2020":1,"2021":1,"2022":1,"2023":0,"2024":1,"2025":1},"reports_by_month":{"2020-10":1,"2021-05":1,"2022-09":1,"2024-12":1,"2025-07":1},"latest_month":"2025-09"}},{"type":"Feature","geometry":{"type":"Polygon","coordinates":[[[-117.170064,32.715714],[-117.170061,32.718812],[-117.169784,32.71881],[-117.169176,32.71881],[-117.169166,32.718483],[-117.169166,32.717766],[-117.169167,32.717166],[-117.169167,32.716705],[-117.169167,32.715715],[-117.170064,32.715714],[-117.170064,32.715714]]]},"properties":{"block_id":"KETTNER_BL_W_A_ST","neighborhood":"Columbia","total_reports":136,"latest_year":"2025","latest_year_reports":18,"reports_by_year":{"2018":0,"2019":4,"2020":5,"2021":49,"2022":17,"2023":14,"2024":29,"2025":18},"reports_by_month":{"2019-06":2,"2019-09":2,"2020-07":1,"2020-08":1,"2020-10":2,"2020-11":1,"2021-02":1,"2021-03":5,"2021-04":5,"2021-05":9,"2021-06":8,"2021-07":4,"2021-08":4,"2021-09":3,"2021-10":5,"2021-11":4,"2021-12":1,"2022-01":2,"2022-02":2,"2022-03":4,"2022-04":4,"2022-06":1,"2022-07":2,"2022-09":1,"2022-12":1,"2023-02":3,"2023-04":1,"2023-05":2,"2023-07":4,"2023-09":2,"2023-10":2,"2024-02":1,"2024-03":1,"2024-05":6,"2024-06":9,"2024-08":1,"2024-09":8,"2024-11":2,"2024-12":1,"2025-01":3,"2025-03":3,"2025-04":4,"2025-05":1,"2025-06":2,"2025-07":1,"2025-08":4},"latest_month":"2025-09"}},{"type":"Feature","geometry":{"type":"Polygon","coordinates":[[[-117.170061,32.718812],[-117.170064,32.715714],[-117.171098,32.715712],[-117.171106,32.716729],[-117.171108,32.716946],[-117.171108,32.71696],[-117.171108,32.716973],[-117.171107,32.716987],[-117.171107,32.717001],[-117.171107,32.717015],[-117.171107,32.717028],[-117.171107,32.717042],[-117.171106,32.717056],[-117.171106,32.71707],[-117.171106,32.717083],[-117.171106,32.717097],[-117.171105,32.717111],[-117.171105,32.717125],[-117.171105,32.717138],[-117.171104,32.717152],[-117.171104,32.717166],[-117.171104,32.71718],[-117.171103,32.717193],[-117.171103,32.717207],[-117.171103,32.717221],[-117.171102,32.717234],[-117.171102,32.717248],[-117.171101,32.717262],[-117.171101,32.717276],[-117.1711,32.717289],[-117.1711,32.717303],[-117.171099,32.717317],[-117.171099,32.717331],[-117.171098,32.717344],[-117.171098,32.717358],[-117.171097,32.717372],[-117.171097,32.717386],[-117.171096,32.717399],[-117.171095,32.717413],[-117.171095,32.717427],[-117.171094,32.71744],[-117.171094,32.717454],[-117.171093,32.717468],[-117.171092,32.717482],[-117.171092,32.717495],[-117.171091,32.717509],[-117.17109,32.717523],[-117.171089,32.717537],[-117.171089,32.71755],[-117.171088,32.717564],[-117.171087,32.717578],[-117.171086,32.717592],[-117.171085,32.717605],[-117.171085,32.717619],[-117.171084,32.717633],[-117.171083,32.717646],[-117.171082,32.71766],[-117.171081,32.717674],[-117.17108,32.717688],[-117.171079,32.717701],[-117.171078,32.717715],[-117.171077,32.717729],[-117.171076,32.717742],[-117.171075,32.717756],[-117.171074,32.71777],[-117.171073,32.717784],[-117.171072,32.717797],[-117.171071,32.717811],[-117.17107,32.717825],[-117.171069,32.717838],[-117.171065,32.717889],[-117.171049,32.718469],[-117.171043,32.718804],[-117.171021,32.719874],[-117.170082,32.719875],[-117.170069,32.718914],[-117.170061,32.718812]]]},"properties":{"block_id":"CALIFORNIA_ST_W_ASH_ST","neighborhood":"Columbia","total_reports":133,"latest_year":"2025","latest_year_reports":9,"reports_by_year":{"2018":2,"2019":3,"2020":6,"2021":9,"2022":13,"2023":60,"2024":31,"2025":9},"reports_by_month":{"2018-12":2,"2019-06":2,"2019-08":1,"2020-03":1,"2020-05":2,"2020-06":1,"2020-08":2,"2021-01":1,"2021-04":1,"2021-05":1,"2021-07":2,"2021-09":2,"2021-11":2,"2022-01":2,"2022-03":1,"2022-04":1,"2022-05":2,"2022-06":3,"2022-07":1,"2022-09":1,"2022-10":1,"2022-12":1,"2023-01":5,"2023-02":14,"2023-03":8,"2023-04":7,"2023-05":1,"2023-06":2,"2023-07":5,"2023-08":9,"2023-09":2,"2023-10":1,"2023-11":1,"2023-12":5,"2024-01":9,"2024-03":1,"2024-04":1,"2024-05":1,"2024-06":7,"2024-07":2,"2024-08":1,"2024-09":2,"2024-10":3,"2024-11":4,"2025-01":6,"2025-07":1,"2025-08":2},"latest_month":"2025-09"}},{"type":"Feature","geometry":{"type":"Polygon","coordinates":[[[-117.167396,32.719882],[-117.166489,32.719883],[-117.166488,32.718819],[-117.167388,32.718815],[-117.167396,32.719882]]]},"properties":{"block_id":"STATE_ST_W_ASH_ST","neighborhood":"Columbia","total_reports":58,"latest_year":"2025","latest_year_reports":21,"reports_by_year":{"2018":0,"2019":0,"2020":1,"2021":2,"2022":9,"2023":3,"2024":22,"2025":21},"reports_by_month":{"2020-07":1,"2021-07":2,"2022-06":2,"2022-10":2,"2022-11":4,"2022-12":1,"2023-02":1,"2023-03":1,"2023-05":1,"2024-03":4,"2024-04":2,"2024-05":3,"2024-06":3,"2024-07":3,"2024-08":2,"2024-09":2,"2024-10":3,"2025-01":1,"2025-06":1,"2025-07":2,"2025-08":12,"2025-09":5},"latest_month":"2025-09"}},{"type":"Feature","geometry":{"type":"Polygon","coordinates":[[[-117.160165,32.716763],[-117.161089,32.716762],[-117.161099,32.717809],[-117.160173,32.71781],[-117.160165,32.716763]]]},"properties":{"block_id":"05TH_AV_B_ST","neighborhood":"City Center","total_reports":83,"latest_year":"2025","latest_year_reports":9,"reports_by_year":{"2018":1,"2019":1,"2020":1,"2021":9,"2022":10,"2023":11,"2024":41,"2025":9},"reports_by_month":{"2018-09":1,"2019-07":1,"2020-05":1,"2021-01":1,"2021-03":1,"2021-08":2,"2021-10":1,"2021-12":4,"2022-01":2,"2022-02":2,"2022-03":3,"2022-06":1,"2022-09":1,"2022-10":1,"2023-02":1,"2023-06":3,"2023-07":1,"2023-09":1,"2023-11":1,"2023-12":4,"2024-01":2,"2024-03":2,"2024-04":11,"2024-05":2,"2024-06":7,"2024-07":8,"2024-08":4,"2024-09":3,"2024-11":2,"2025-02":1,"2025-03":1,"2025-05":3,"2025-06":2,"2025-07":1,"2025-08":1},"latest_month":"2025-09"}},{"type":"Feature","geometry":{"type":"Polygon","coordinates":[[[-117.154699,32.715729],[-117.154699,32.715738],[-117.154706,32.716765],[-117.154701,32.716765],[-117.154686,32.716765],[-117.154637,32.716766],[-117.15462,32.716766],[-117.153799,32.716774],[-117.153793,32.716774],[-117.153786,32.715733],[-117.154699,32.715729]]]},"properties":{"block_id":"PARK_BL_C_ST","neighborhood":"City Center","total_reports":343,"latest_year":"2025","latest_year_reports":56,"reports_by_year":{"2018":2,"2019":2,"2020":68,"2021":4,"2022":45,"2023":73,"2024":93,"2025":56},"reports_by_month":{"2018-10":2,"2019-09":1,"2019-12":1,"2020-02":2,"2020-03":8,"2020-04":5,"2020-05":1,"2020-06":8,"2020-07":11,"2020-08":22,"2020-09":8,"2020-10":2,"2020-11":1,"2021-06":1,"2021-11":3,"2022-07":4,"2022-08":10,"2022-09":8,"2022-10":16,"2022-11":3,"2022-12":4,"2023-01":4,"2023-02":6,"2023-03":5,"2023-04":6,"2023-05":2,"2023-06":8,"2023-07":6,"2023-08":3,"2023-09":8,"2023-10":9,"2023-11":8,"2023-12":8,"2024-01":14,"2024-02":4,"2024-03":12,"2024-04":5,"2024-05":6,"2024-06":2,"2024-07":11,"2024-08":10,"2024-09":7,"2024-10":6,"2024-11":8,"2024-12":8,"2025-01":13,"2025-02":15,"2025-03":11,"2025-04":4,"2025-05":2,"2025-06":4,"2025-07":4,"2025-08":2,"2025-09":1},"latest_month":"2025-09"}},{"type":"Feature","geometry":{"type":"Polygon","coordinates":[[[-117.154706,32.716765],[-117.154699,32.715738],[-117.154699,32.715729],[-117.155606,32.715722],[-117.155614,32.716764],[-117.154715,32.716765],[-117.154706,32.716765]]]},"properties":{"block_id":"11TH_AV_C_ST","neighborhood":"City Center","total_reports":883,"latest_year":"2025","latest_year_reports":87,"reports_by_year":{"2018":1,"2019":1,"2020":10,"2021":17,"2022":83,"2023":225,"2024":459,"2025":87},"reports_by_month":{"2018-09":1,"2019-02":1,"2020-11":6,"2020-12":4,"2021-01":4,"2021-02":2,"2021-03":7,"2021-04":2,"2021-05":1,"2021-07":1,"2022-01":1,"2022-03":1,"2022-04":3,"2022-05":3,"2022-06":5,"2022-07":3,"2022-08":9,"2022-09":18,"2022-10":28,"2022-11":4,"2022-12":8,"2023-01":18,"2023-02":14,"2023-03":11,"2023-04":15,"2023-05":14,"2023-06":16,"2023-07":18,"2023-08":20,"2023-09":20,"2023-10":10,"2023-11":21,"2023-12":48,"2024-01":111,"2024-02":65,"2024-03":60,"2024-04":23,"2024-05":25,"2024-06":32,"2024-07":70,"2024-08":25,"2024-09":29,"2024-10":8,"2024-11":9,"2024-12":2,"2025-01":12,"2025-02":15,"2025-03":29,"2025-04":8,"2025-05":4,"2025-06":10,"2025-07":5,"2025-08":2,"2025-09":2},"latest_month":"2025-09"}},{"type":"Feature","geometry":{"type":"Polygon","coordinates":[[[-117.16111,32.718848],[-117.160184,32.718855],[-117.160181,32.71855],[-117.160173,32.71781],[-117.161099,32.717809],[-117.161107,32.718543],[-117.16111,32.718848]]]},"properties":{"block_id":"05TH_AV_A_ST","neighborhood":"City Center","total_reports":29,"latest_year":"2025","latest_year_reports":3,"reports_by_year":{"2018":0,"2019":1,"2020":0,"2021":5,"2022":8,"2023":6,"2024":6,"2025":3},"reports_by_month":{"2019-12":1,"2021-01":1,"2021-02":1,"2021-08":1,"2021-09":2,"2022-01":1,"2022-03":1,"2022-04":2,"2022-07":1,"2022-10":3,"2023-09":2,"2023-10":2,"2023-12":2,"2024-01":1,"2024-02":1,"2024-03":2,"2024-04":2,"2025-02":1,"2025-05":1,"2025-07":1},"latest_month":"2025-09"}},{"type":"Feature","geometry":{"type":"Polygon","coordinates":[[[-117.158348,32.716763],[-117.158352,32.717813],[-117.157839,32.717815],[-117.157442,32.717817],[-117.157441,32.717738],[-117.157434,32.716795],[-117.157434,32.716764],[-117.157491,32.716764],[-117.158348,32.716763]]]},"properties":{"block_id":"08TH_AV_B_ST","neighborhood":"City Center","total_reports":94,"latest_year":"2025","latest_year_reports":3,"reports_by_year":{"2018":3,"2019":1,"2020":7,"2021":18,"2022":10,"2023":33,"2024":19,"2025":3},"reports_by_month":{"2018-10":2,"2018-11":1,"2019-10":1,"2020-06":1,"2020-07":3,"2020-08":1,"2020-09":2,"2021-01":4,"2021-02":1,"2021-03":3,"2021-04":1,"2021-05":6,"2021-09":2,"2021-12":1,"2022-01":2,"2022-03":1,"2022-04":1,"2022-05":1,"2022-06":1,"2022-09":2,"2022-10":1,"2022-11":1,"2023-02":2,"2023-03":5,"2023-04":10,"2023-05":2,"2023-06":1,"2023-08":2,"2023-09":1,"2023-11":2,"2023-12":8,"2024-02":5,"2024-03":3,"2024-05":2,"2024-06":2,"2024-07":5,"2024-08":2,"2025-03":1,"2025-08":1,"2025-09":1},"latest_month":"2025-09"}},{"type":"Feature","geometry":{"type":"Polygon","coordinates":[[[-117.158352,32.717813],[-117.158348,32.716763],[-117.159271,32.716764],[-117.15928,32.717639],[-117.15928,32.717649],[-117.159282,32.717812],[-117.158352,32.717813]]]},"properties":{"block_id":"07TH_AV_B_ST","neighborhood":"City Center","total_reports":53,"latest_year":"2025","latest_year_reports":7,"reports_by_year":{"2018":0,"2019":0,"2020":3,"2021":6,"2022":3,"2023":8,"2024":26,"2025":7},"reports_by_month":{"2020-08":1,"2020-09":2,"2021-03":1,"2021-04":2,"2021-08":1,"2021-11":1,"2021-12":1,"2022-06":1,"2022-08":2,"2023-02":4,"2023-04":1,"2023-05":1,"2023-07":1,"2023-08":1,"2024-01":1,"2024-02":4,"2024-03":4,"2024-04":4,"2024-05":2,"2024-06":4,"2024-08":1,"2024-09":2,"2024-10":2,"2024-11":1,"2024-12":1,"2025-02":1,"2025-03":1,"2025-04":1,"2025-05":2,"2025-07":1,"2025-08":1},"latest_month":"2025-09"}},{"type":"Feature","geometry":{"type":"Polygon","coordinates":[[[-117.16649,32.717769],[-117.166489,32.716725],[-117.167379,32.716718],[-117.167384,32.717768],[-117.16649,32.717769]]]},"properties":{"block_id":"STATE_ST_W_B_ST","neighborhood":"Columbia","total_reports":14,"latest_year":"2025","latest_year_reports":6,"reports_by_year":{"2018":0,"2019":0,"2020":0,"2021":2,"2022":2,"2023":0,"2024":4,"2025":6},"reports_by_month":{"2021-04":1,"2021-12":1,"2022-09":1,"2022-10":1,"2024-02":1,"2024-05":2,"2024-07":1,"2025-03":1,"2025-05":2,"2025-06":1,"2025-07":1,"2025-08":1},"latest_month":"2025-09"}},{"type":"Feature","geometry":{"type":"Polygon","coordinates":[[[-117.167379,32.716718],[-117.16828,32.716711],[-117.168278,32.717767],[-117.167384,32.717768],[-117.167379,32.716718]]]},"properties":{"block_id":"COLUMBIA_ST_W_B_ST","neighborhood":"Columbia","total_reports":5,"latest_year":"2025","latest_year_reports":2,"reports_by_year":{"2018":0,"2019":0,"2020":1,"2021":0,"2022":0,"2023":0,"2024":2,"2025":2},"reports_by_month":{"2020-10":1,"2024-05":1,"2024-06":1,"2025-01":1,"2025-07":1},"latest_month":"2025-09"}},{"type":"Feature","geometry":{"type":"Polygon","coordinates":[[[-117.16828,32.716711],[-117.167379,32.716718],[-117.167379,32.716708],[-117.167379,32.716612],[-117.167372,32.715722],[-117.167372,32.715718],[-117.167375,32.715718],[-117.167375,32.715718],[-117.167388,32.715718],[-117.167451,32.715718],[-117.167558,32.715717],[-117.16827,32.715716],[-117.168279,32.715716],[-117.16828,32.716711]]]},"properties":{"block_id":"COLUMBIA_ST_W_C_ST","neighborhood":"Columbia","total_reports":19,"latest_year":"2025","latest_year_reports":5,"reports_by_year":{"2018":0,"2019":0,"2020":0,"2021":1,"2022":5,"2023":2,"2024":6,"2025":5},"reports_by_month":{"2021-01":1,"2022-05":3,"2022-10":2,"2023-01":1,"2023-08":1,"2024-05":1,"2024-06":1,"2024-07":1,"2024-08":1,"2024-11":1,"2024-12":1,"2025-01":1,"2025-05":1,"2025-07":3},"latest_month":"2025-09"}},{"type":"Feature","geometry":{"type":"Polygon","coordinates":[[[-117.168276,32.718814],[-117.167388,32.718815],[-117.167387,32.718496],[-117.167386,32.71829],[-117.167384,32.717768],[-117.168278,32.717767],[-117.168276,32.71849],[-117.168276,32.718814]]]},"properties":{"block_id":"COLUMBIA_ST_W_A_ST","neighborhood":"Columbia","total_reports":9,"latest_year":"2025","latest_year_reports":0,"reports_by_year":{"2018":0,"2019":0,"2020":0,"2021":1,"2022":1,"2023":1,"2024":6,"2025":0},"reports_by_month":{"2021-08":1,"2022-08":1,"2023-08":1,"2024-03":4,"2024-09":1,"2024-10":1},"latest_month":"2025-09"}},{"type":"Feature","geometry":{"type":"Polygon","coordinates":[[[-117.159271,32.716764],[-117.160165,32.716763],[-117.160173,32.71781],[-117.159282,32.717812],[-117.15928,32.717649],[-117.15928,32.717639],[-117.159271,32.716764]]]},"properties":{"block_id":"06TH_AV_B_ST","neighborhood":"City Center","total_reports":50,"latest_year":"2025","latest_year_reports":5,"reports_by_year":{"2018":0,"2019":0,"2020":5,"2021":7,"2022":5,"2023":3,"2024":25,"2025":5},"reports_by_month":{"2020-04":1,"2020-05":2,"2020-06":1,"2020-12":1,"2021-01":1,"2021-02":4,"2021-05":1,"2021-09":1,"2022-01":1,"2022-08":1,"2022-10":1,"2022-12":2,"2023-03":1,"2023-12":2,"2024-03":7,"2024-04":6,"2024-05":2,"2024-06":1,"2024-07":1,"2024-08":2,"2024-11":2,"2024-12":4,"2025-04":1,"2025-07":2,"2025-08":2},"latest_month":"2025-09"}},{"type":"Feature","geometry":{"type":"Polygon","coordinates":[[[-117.162022,32.716755],[-117.162026,32.717802],[-117.161099,32.717809],[-117.161089,32.716762],[-117.162022,32.716755]]]},"properties":{"block_id":"04TH_AV_B_ST","neighborhood":"City Center","total_reports":192,"latest_year":"2025","latest_year_reports":5,"reports_by_year":{"2018":1,"2019":1,"2020":4,"2021":22,"2022":98,"2023":18,"2024":43,"2025":5},"reports_by_month":{"2018-10":1,"2019-08":1,"2020-01":1,"2020-02":2,"2020-12":1,"2021-03":1,"2021-04":1,"2021-06":3,"2021-07":5,"2021-08":2,"2021-09":4,"2021-10":2,"2021-12":4,"2022-01":13,"2022-02":3,"2022-03":7,"2022-04":20,"2022-05":7,"2022-06":11,"2022-07":12,"2022-08":14,"2022-09":8,"2022-10":3,"2023-04":4,"2023-05":3,"2023-06":1,"2023-07":1,"2023-09":2,"2023-10":5,"2023-11":1,"2023-12":1,"2024-01":3,"2024-02":4,"2024-03":2,"2024-04":3,"2024-05":8,"2024-06":12,"2024-07":6,"2024-08":2,"2024-09":1,"2024-10":1,"2024-11":1,"2025-04":3,"2025-07":1,"2025-09":1},"latest_month":"2025-09"}},{"type":"Feature","geometry":{"type":"Polygon","coordinates":[[[-117.165598,32.719884],[-117.165599,32.719218],[-117.1656,32.71882],[-117.166488,32.718819],[-117.166489,32.719883],[-117.165598,32.719884]]]},"properties":{"block_id":"UNION_ST_W_ASH_ST","neighborhood":"Columbia","total_reports":322,"latest_year":"2025","latest_year_reports":69,"reports_by_year":{"2018":1,"2019":3,"2020":7,"2021":1,"2022":27,"2023":9,"2024":205,"2025":69},"reports_by_month":{"2018-10":1,"2019-12":3,"2020-01":2,"2020-02":3,"2020-04":1,"2020-06":1,"2021-04":1,"2022-05":4,"2022-06":11,"2022-07":3,"2022-08":7,"2022-09":1,"2022-12":1,"2023-01":1,"2023-03":2,"2023-04":2,"2023-05":1,"2023-12":3,"2024-01":6,"2024-02":2,"2024-03":16,"2024-04":10,"2024-05":21,"2024-06":20,"2024-07":46,"2024-08":17,"2024-09":20,"2024-10":24,"2024-11":12,"2024-12":11,"2025-01":6,"2025-02":2,"2025-03":8,"2025-04":13,"2025-05":4,"2025-06":14,"2025-07":18,"2025-08":3,"2025-09":1},"latest_month":"2025-09"}},{"type":"Feature","geometry":{"type":"Polygon","coordinates":[[[-117.15836,32.718863],[-117.157446,32.718869],[-117.157445,32.71857],[-117.157442,32.717817],[-117.157839,32.717815],[-117.158352,32.717813],[-117.158353,32.717914],[-117.158358,32.718563],[-117.15836,32.718863]]]},"properties":{"block_id":"08TH_AV_A_ST","neighborhood":"City Center","total_reports":17,"latest_year":"2025","latest_year_reports":3,"reports_by_year":{"2018":0,"2019":1,"2020":0,"2021":2,"2022":5,"2023":5,"2024":1,"2025":3},"reports_by_month":{"2019-02":1,"2021-05":1,"2021-10":1,"2022-03":1,"2022-04":1,"2022-05":1,"2022-07":1,"2022-08":1,"2023-05":1,"2023-08":1,"2023-12":3,"2024-12":1,"2025-02":2,"2025-08":1},"latest_month":"2025-09"}},{"type":"Feature","geometry":{"type":"Polygon","coordinates":[[[-117.155614,32.716764],[-117.155606,32.715722],[-117.155812,32.715721],[-117.156523,32.715718],[-117.156528,32.716217],[-117.156528,32.716252],[-117.156534,32.716765],[-117.155614,32.716764]]]},"properties":{"block_id":"10TH_AV_C_ST","neighborhood":"City Center","total_reports":1113,"latest_year":"2025","latest_year_reports":38,"reports_by_year":{"2018":0,"2019":4,"2020":27,"2021":53,"2022":167,"2023":339,"2024":485,"2025":38},"reports_by_month":{"2019-02":1,"2019-06":2,"2019-07":1,"2020-06":2,"2020-07":3,"2020-09":1,"2020-10":4,"2020-11":6,"2020-12":11,"2021-01":1,"2021-02":9,"2021-03":11,"2021-04":4,"2021-05":3,"2021-06":7,"2021-08":8,"2021-09":2,"2021-10":5,"2021-11":2,"2021-12":1,"2022-01":3,"2022-02":1,"2022-03":7,"2022-04":16,"2022-05":15,"2022-06":17,"2022-07":10,"2022-08":32,"2022-09":13,"2022-10":16,"2022-11":9,"2022-12":28,"2023-01":39,"2023-02":41,"2023-03":32,"2023-04":14,"2023-05":32,"2023-06":18,"2023-07":18,"2023-08":55,"2023-09":43,"2023-10":16,"2023-11":9,"2023-12":22,"2024-01":35,"2024-02":53,"2024-03":106,"2024-04":21,"2024-05":27,"2024-06":21,"2024-07":28,"2024-08":37,"2024-09":75,"2024-10":36,"2024-11":39,"2024-12":7,"2025-01":11,"2025-02":1,"2025-03":6,"2025-04":8,"2025-05":4,"2025-06":3,"2025-07":4,"2025-08":1},"latest_month":"2025-09"}},{"type":"Feature","geometry":{"type":"Polygon","coordinates":[[[-117.154699,32.715729],[-117.153786,32.715733],[-117.153778,32.714699],[-117.154688,32.714696],[-117.154699,32.715729]]]},"properties":{"block_id":"PARK_BL_BROADWAY","neighborhood":"City Center","total_reports":1472,"latest_year":"2025","latest_year_reports":11,"reports_by_year":{"2018":2,"2019":7,"2020":62,"2021":8,"2022":247,"2023":1036,"2024":99,"2025":11},"reports_by_month":{"2018-11":2,"2019-07":1,"2019-08":1,"2019-12":5,"2020-01":5,"2020-02":5,"2020-03":3,"2020-04":5,"2020-05":3,"2020-06":13,"2020-07":18,"2020-08":2,"2020-09":2,"2020-10":2,"2020-11":1,"2020-12":3,"2021-05":1,"2021-06":2,"2021-08":1,"2021-10":1,"2021-11":3,"2022-01":1,"2022-02":1,"2022-05":2,"2022-06":4,"2022-07":5,"2022-08":11,"2022-09":36,"2022-10":58,"2022-11":85,"2022-12":44,"2023-01":59,"2023-02":58,"2023-03":231,"2023-04":67,"2023-05":71,"2023-06":83,"2023-07":49,"2023-08":81,"2023-09":59,"2023-10":92,"2023-11":145,"2023-12":41,"2024-01":63,"2024-02":9,"2024-03":4,"2024-04":5,"2024-06":4,"2024-07":3,"2024-08":1,"2024-09":2,"2024-10":1,"2024-11":5,"2024-12":2,"2025-01":5,"2025-02":1,"2025-03":1,"2025-04":1,"2025-05":2,"2025-08":1},"latest_month":"2025-09"}},{"type":"Feature","geometry":{"type":"Polygon","coordinates":[[[-117.16111,32.718848],[-117.161107,32.718543],[-117.161099,32.717809],[-117.162026,32.717802],[-117.162027,32.718536],[-117.162027,32.718841],[-117.16111,32.718848]]]},"properties":{"block_id":"04TH_AV_A_ST","neighborhood":"City Center","total_reports":189,"latest_year":"2025","latest_year_reports":23,"reports_by_year":{"2018":0,"2019":0,"2020":2,"2021":6,"2022":52,"2023":26,"2024":80,"2025":23},"reports_by_month":{"2020-01":1,"2020-05":1,"2021-07":1,"2021-08":4,"2021-12":1,"2022-01":5,"2022-02":1,"2022-03":3,"2022-04":7,"2022-05":8,"2022-06":6,"2022-07":10,"2022-08":2,"2022-10":9,"2022-11":1,"2023-02":1,"2023-05":1,"2023-08":2,"2023-09":5,"2023-10":1,"2023-11":4,"2023-12":12,"2024-01":20,"2024-02":14,"2024-03":7,"2024-04":13,"2024-05":11,"2024-06":2,"2024-07":6,"2024-08":3,"2024-09":2,"2024-10":2,"2025-01":6,"2025-02":5,"2025-03":3,"2025-04":2,"2025-05":2,"2025-06":3,"2025-08":1,"2025-09":1},"latest_month":"2025-09"}},{"type":"Feature","geometry":{"type":"Polygon","coordinates":[[[-117.168278,32.717767],[-117.16828,32.716711],[-117.168279,32.715716],[-117.169167,32.715715],[-117.169167,32.716705],[-117.169167,32.717166],[-117.169166,32.717766],[-117.168278,32.717767]]]},"properties":{"block_id":"INDIA_ST_W_B_ST","neighborhood":"Columbia","total_reports":29,"latest_year":"2025","latest_year_reports":9,"reports_by_year":{"2018":0,"2019":0,"2020":2,"2021":6,"2022":5,"2023":5,"2024":2,"2025":9},"reports_by_month":{"2020-02":2,"2021-02":1,"2021-04":3,"2021-06":1,"2021-07":1,"2022-01":1,"2022-02":1,"2022-03":1,"2022-09":1,"2022-10":1,"2023-01":1,"2023-03":1,"2023-05":2,"2023-12":1,"2024-08":1,"2024-11":1,"2025-01":1,"2025-05":1,"2025-06":2,"2025-07":4,"2025-08":1},"latest_month":"2025-09"}},{"type":"Feature","geometry":{"type":"Polygon","coordinates":[[[-117.158336,32.714666],[-117.15834,32.71571],[-117.15743,32.715714],[-117.157426,32.714673],[-117.158336,32.714666]]]},"properties":{"block_id":"08TH_AV_BROADWAY","neighborhood":"City Center","total_reports":1799,"latest_year":"2025","latest_year_reports":49,"reports_by_year":{"2018":4,"2019":1,"2020":8,"2021":17,"2022":668,"2023":924,"2024":128,"2025":49},"reports_by_month":{"2018-10":4,"2019-08":1,"2020-04":2,"2020-07":2,"2020-12":4,"2021-01":1,"2021-02":1,"2021-03":2,"2021-05":1,"2021-06":2,"2021-08":1,"2021-09":2,"2021-10":2,"2021-11":1,"2021-12":4,"2022-01":4,"2022-02":4,"2022-03":65,"2022-04":61,"2022-05":52,"2022-06":60,"2022-07":39,"2022-08":37,"2022-09":84,"2022-10":78,"2022-11":112,"2022-12":72,"2023-01":78,"2023-02":66,"2023-03":40,"2023-04":55,"2023-05":198,"2023-06":92,"2023-07":113,"2023-08":131,"2023-09":23,"2023-10":9,"2023-11":61,"2023-12":58,"2024-01":51,"2024-02":28,"2024-03":4,"2024-04":2,"2024-06":3,"2024-07":10,"2024-08":2,"2024-09":13,"2024-10":2,"2024-11":3,"2024-12":10,"2025-01":7,"2025-02":6,"2025-03":6,"2025-04":2,"2025-05":2,"2025-06":9,"2025-07":8,"2025-08":2,"2025-09":7},"latest_month":"2025-09"}},{"type":"Feature","geometry":{"type":"Polygon","coordinates":[[[-117.154699,32.715729],[-117.154688,32.714696],[-117.155595,32.714689],[-117.155606,32.715722],[-117.154699,32.715729]]]},"properties":{"block_id":"11TH_AV_BROADWAY","neighborhood":"City Center","total_reports":914,"latest_year":"2025","latest_year_reports":197,"reports_by_year":{"2018":1,"2019":5,"2020":9,"2021":17,"2022":130,"2023":50,"2024":505,"2025":197},"reports_by_month":{"2018-12":1,"2019-05":1,"2019-07":1,"2019-08":1,"2019-10":1,"2019-12":1,"2020-02":1,"2020-03":1,"2020-06":1,"2020-07":1,"2020-09":4,"2020-10":1,"2021-02":1,"2021-03":1,"2021-04":1,"2021-06":1,"2021-07":1,"2021-11":3,"2021-12":9,"2022-01":10,"2022-02":2,"2022-03":10,"2022-04":5,"2022-05":5,"2022-06":24,"2022-07":8,"2022-08":13,"2022-09":39,"2022-10":7,"2022-11":3,"2022-12":4,"2023-01":5,"2023-03":1,"2023-04":2,"2023-05":5,"2023-07":1,"2023-08":1,"2023-09":3,"2023-10":2,"2023-11":12,"2023-12":18,"2024-01":71,"2024-02":32,"2024-03":39,"2024-04":62,"2024-05":39,"2024-06":30,"2024-07":67,"2024-08":36,"2024-09":45,"2024-10":37,"2024-11":23,"2024-12":24,"2025-01":11,"2025-02":13,"2025-03":40,"2025-04":54,"2025-05":38,"2025-06":12,"2025-07":8,"2025-08":10,"2025-09":11},"latest_month":"2025-09"}},{"type":"Feature","geometry":{"type":"Polygon","coordinates":[[[-117.15743,32.715714],[-117.157431,32.715998],[-117.157431,32.716049],[-117.157434,32.716764],[-117.156534,32.716765],[-117.156528,32.716252],[-117.156528,32.716217],[-117.156523,32.715718],[-117.15743,32.715714]]]},"properties":{"block_id":"09TH_AV_C_ST","neighborhood":"City Center","total_reports":339,"latest_year":"2025","latest_year_reports":64,"reports_by_year":{"2018":2,"2019":6,"2020":43,"2021":40,"2022":17,"2023":73,"2024":94,"2025":64},"reports_by_month":{"2018-09":1,"2018-11":1,"2019-04":2,"2019-06":3,"2019-08":1,"2020-04":2,"2020-05":2,"2020-06":1,"2020-07":4,"2020-08":6,"2020-09":3,"2020-10":7,"2020-11":9,"2020-12":9,"2021-01":4,"2021-02":6,"2021-03":5,"2021-04":6,"2021-05":3,"2021-06":1,"2021-07":1,"2021-08":4,"2021-09":3,"2021-10":2,"2021-11":2,"2021-12":3,"2022-04":1,"2022-05":4,"2022-07":2,"2022-08":3,"2022-09":3,"2022-11":1,"2022-12":3,"2023-01":6,"2023-02":13,"2023-03":6,"2023-04":13,"2023-05":11,"2023-07":1,"2023-08":4,"2023-09":2,"2023-10":6,"2023-11":5,"2023-12":6,"2024-01":3,"2024-02":3,"2024-03":8,"2024-04":8,"2024-05":8,"2024-06":7,"2024-07":21,"2024-08":5,"2024-09":8,"2024-10":11,"2024-11":11,"2024-12":1,"2025-01":2,"2025-02":5,"2025-03":2,"2025-04":11,"2025-05":6,"2025-06":6,"2025-07":17,"2025-08":11,"2025-09":4},"latest_month":"2025-09"}},{"type":"Feature","geometry":{"type":"Polygon","coordinates":[[[-117.157434,32.716764],[-117.157431,32.716049],[-117.157431,32.715998],[-117.15743,32.715714],[-117.15834,32.71571],[-117.158341,32.715803],[-117.158341,32.715844],[-117.158344,32.716294],[-117.158348,32.716763],[-117.157491,32.716764],[-117.157434,32.716764]]]},"properties":{"block_id":"08TH_AV_C_ST","neighborhood":"City Center","total_reports":85,"latest_year":"2025","latest_year_reports":12,"reports_by_year":{"2018":1,"2019":0,"2020":4,"2021":10,"2022":10,"2023":23,"2024":25,"2025":12},"reports_by_month":{"2018-11":1,"2020-07":1,"2020-12":3,"2021-01":2,"2021-02":1,"2021-05":1,"2021-06":3,"2021-09":1,"2021-10":1,"2021-12":1,"2022-06":2,"2022-08":2,"2022-09":2,"2022-10":1,"2022-11":1,"2022-12":2,"2023-02":2,"2023-03":1,"2023-04":2,"2023-05":1,"2023-06":2,"2023-07":2,"2023-08":3,"2023-10":2,"2023-11":4,"2023-12":4,"2024-01":2,"2024-02":8,"2024-03":1,"2024-04":1,"2024-05":1,"2024-06":7,"2024-07":2,"2024-09":1,"2024-10":1,"2024-11":1,"2025-01":4,"2025-02":1,"2025-04":3,"2025-05":2,"2025-08":1,"2025-09":1},"latest_month":"2025-09"}},{"type":"Feature","geometry":{"type":"Polygon","coordinates":[[[-117.158336,32.714666],[-117.157426,32.714673],[-117.157418,32.713637],[-117.158329,32.713633],[-117.158336,32.714666]]]},"properties":{"block_id":"08TH_AV_E_ST","neighborhood":"East Village","total_reports":5076,"latest_year":"2025","latest_year_reports":354,"reports_by_year":{"2018":4,"2019":6,"2020":39,"2021":304,"2022":2214,"2023":1721,"2024":434,"2025":354},"reports_by_month":{"2018-10":3,"2018-11":1,"2019-04":1,"2019-09":2,"2019-11":1,"2019-12":2,"2020-01":1,"2020-02":2,"2020-03":1,"2020-08":1,"2020-09":4,"2020-10":5,"2020-11":11,"2020-12":14,"2021-01":28,"2021-02":50,"2021-03":50,"2021-04":25,"2021-05":29,"2021-06":18,"2021-07":30,"2021-08":17,"2021-09":15,"2021-10":13,"2021-11":7,"2021-12":22,"2022-01":114,"2022-02":116,"2022-03":382,"2022-04":161,"2022-05":220,"2022-06":268,"2022-07":127,"2022-08":174,"2022-09":123,"2022-10":56,"2022-11":244,"2022-12":229,"2023-01":181,"2023-02":139,"2023-03":92,"2023-04":155,"2023-05":257,"2023-06":132,"2023-07":130,"2023-08":130,"2023-09":100,"2023-10":112,"2023-11":173,"2023-12":120,"2024-01":72,"2024-02":63,"2024-03":11,"2024-04":16,"2024-05":19,"2024-06":29,"2024-07":36,"2024-08":18,"2024-09":59,"2024-10":20,"2024-11":44,"2024-12":47,"2025-01":42,"2025-02":46,"2025-03":47,"2025-04":25,"2025-05":45,"2025-06":44,"2025-07":42,"2025-08":35,"2025-09":28},"latest_month":"2025-09"}},{"type":"Feature","geometry":{"type":"Polygon","coordinates":[[[-117.157414,32.712587],[-117.157414,32.712592],[-117.157418,32.713637],[-117.156508,32.71364],[-117.156497,32.712596],[-117.156501,32.712596],[-117.157396,32.712587],[-117.157408,32.712587],[-117.157414,32.712587]]]},"properties":{"block_id":"09TH_AV_F_ST","neighborhood":"East Village","total_reports":227,"latest_year":"2025","latest_year_reports":59,"reports_by_year":{"2018":4,"2019":3,"2020":10,"2021":31,"2022":22,"2023":46,"2024":52,"2025":59},"reports_by_month":{"2018-09":1,"2018-10":2,"2018-11":1,"2019-09":1,"2019-11":2,"2020-02":2,"2020-05":1,"2020-08":1,"2020-11":4,"2020-12":2,"2021-01":4,"2021-02":6,"2021-03":10,"2021-04":5,"2021-06":2,"2021-07":1,"2021-10":1,"2021-12":2,"2022-01":1,"2022-02":1,"2022-03":2,"2022-04":1,"2022-07":2,"2022-08":2,"2022-09":1,"2022-11":7,"2022-12":5,"2023-01":2,"2023-02":1,"2023-03":3,"2023-04":6,"2023-05":7,"2023-06":2,"2023-07":2,"2023-08":3,"2023-09":1,"2023-10":4,"2023-11":5,"2023-12":10,"2024-01":3,"2024-02":5,"2024-03":8,"2024-04":6,"2024-06":4,"2024-07":7,"2024-08":3,"2024-10":4,"2024-11":6,"2024-12":6,"2025-01":1,"2025-02":7,"2025-03":7,"2025-04":2,"2025-05":5,"2025-06":5,"2025-07":11,"2025-08":5,"2025-09":16},"latest_month":"2025-09"}},{"type":"Feature","geometry":{"type":"Polygon","coordinates":[[[-117.157418,32.713637],[-117.157414,32.712592],[-117.157414,32.712587],[-117.158271,32.71258],[-117.158292,32.71258],[-117.158309,32.71258],[-117.158316,32.71258],[-117.158324,32.71258],[-117.158324,32.712587],[-117.158324,32.712606],[-117.158325,32.71265],[-117.158327,32.713237],[-117.158329,32.713622],[-117.158329,32.713633],[-117.157418,32.713637]]]},"properties":{"block_id":"08TH_AV_F_ST","neighborhood":"East Village","total_reports":843,"latest_year":"2025","latest_year_reports":125,"reports_by_year":{"2018":0,"2019":10,"2020":43,"2021":52,"2022":137,"2023":420,"2024":56,"2025":125},"reports_by_month":{"2019-04":1,"2019-09":3,"2019-10":2,"2019-12":4,"2020-02":3,"2020-03":1,"2020-04":1,"2020-05":1,"2020-07":3,"2020-10":10,"2020-11":10,"2020-12":14,"2021-01":5,"2021-02":11,"2021-03":7,"2021-04":5,"2021-05":4,"2021-06":1,"2021-07":2,"2021-08":4,"2021-09":3,"2021-11":9,"2021-12":1,"2022-01":9,"2022-02":7,"2022-03":31,"2022-04":13,"2022-05":19,"2022-06":8,"2022-07":13,"2022-08":4,"2022-09":9,"2022-10":9,"2022-11":6,"2022-12":9,"2023-01":4,"2023-02":11,"2023-03":5,"2023-04":15,"2023-05":36,"2023-06":22,"2023-07":13,"2023-08":16,"2023-09":31,"2023-10":63,"2023-11":124,"2023-12":80,"2024-01":12,"2024-02":13,"2024-03":5,"2024-05":11,"2024-06":1,"2024-07":2,"2024-09":2,"2024-10":1,"2024-11":5,"2024-12":4,"2025-01":3,"2025-02":8,"2025-03":3,"2025-04":2,"2025-05":9,"2025-06":15,"2025-07":39,"2025-08":28,"2025-09":18},"latest_month":"2025-09"}},{"type":"Feature","geometry":{"type":"Polygon","coordinates":[[[-117.157426,32.714673],[-117.156516,32.714682],[-117.156513,32.714284],[-117.156508,32.71364],[-117.157418,32.713637],[-117.157426,32.714673]]]},"properties":{"block_id":"09TH_AV_E_ST","neighborhood":"East Village","total_reports":2144,"latest_year":"2025","latest_year_reports":410,"reports_by_year":{"2018":10,"2019":15,"2020":51,"2021":362,"2022":233,"2023":584,"2024":479,"2025":410},"reports_by_month":{"2018-11":5,"2018-12":5,"2019-01":1,"2019-02":3,"2019-03":1,"2019-04":1,"2019-05":2,"2019-07":2,"2019-09":3,"2019-10":1,"2019-12":1,"2020-01":1,"2020-04":2,"2020-05":2,"2020-06":1,"2020-07":5,"2020-08":12,"2020-09":8,"2020-10":2,"2020-11":7,"2020-12":11,"2021-01":28,"2021-02":67,"2021-03":52,"2021-04":46,"2021-05":52,"2021-06":8,"2021-07":41,"2021-08":27,"2021-09":14,"2021-10":12,"2021-11":6,"2021-12":9,"2022-01":25,"2022-02":30,"2022-03":16,"2022-04":10,"2022-05":9,"2022-06":13,"2022-07":13,"2022-08":6,"2022-09":30,"2022-10":18,"2022-11":34,"2022-12":29,"2023-01":19,"2023-02":8,"2023-03":19,"2023-04":42,"2023-05":121,"2023-06":55,"2023-07":65,"2023-08":55,"2023-09":46,"2023-10":58,"2023-11":47,"2023-12":49,"2024-01":84,"2024-02":62,"2024-03":2,"2024-04":4,"2024-06":4,"2024-07":38,"2024-08":70,"2024-09":65,"2024-10":82,"2024-11":44,"2024-12":24,"2025-01":39,"2025-02":52,"2025-03":60,"2025-04":37,"2025-05":22,"2025-06":29,"2025-07":33,"2025-08":87,"2025-09":51},"latest_month":"2025-09"}},{"type":"Feature","geometry":{"type":"Polygon","coordinates":[[[-117.156516,32.714682],[-117.157426,32.714673],[-117.15743,32.715714],[-117.156523,32.715718],[-117.156516,32.714686],[-117.156516,32.714682]]]},"properties":{"block_id":"09TH_AV_BROADWAY","neighborhood":"City Center","total_reports":1708,"latest_year":"2025","latest_year_reports":83,"reports_by_year":{"2018":5,"2019":10,"2020":146,"2021":391,"2022":200,"2023":512,"2024":361,"2025":83},"reports_by_month":{"2018-10":1,"2018-11":2,"2018-12":2,"2019-01":2,"2019-07":2,"2019-08":2,"2019-09":4,"2020-01":2,"2020-03":1,"2020-04":3,"2020-05":3,"2020-06":5,"2020-07":11,"2020-08":9,"2020-09":17,"2020-10":34,"2020-11":34,"2020-12":27,"2021-01":29,"2021-02":36,"2021-03":33,"2021-04":51,"2021-05":72,"2021-06":50,"2021-07":35,"2021-08":29,"2021-09":22,"2021-10":14,"2021-11":6,"2021-12":14,"2022-01":21,"2022-02":12,"2022-03":8,"2022-04":4,"2022-05":2,"2022-06":28,"2022-07":30,"2022-08":52,"2022-09":12,"2022-10":7,"2022-11":9,"2022-12":15,"2023-01":29,"2023-02":8,"2023-03":7,"2023-04":12,"2023-05":71,"2023-06":45,"2023-07":44,"2023-08":45,"2023-09":38,"2023-10":37,"2023-11":98,"2023-12":78,"2024-01":81,"2024-02":76,"2024-03":45,"2024-04":33,"2024-05":13,"2024-06":16,"2024-07":40,"2024-08":23,"2024-09":9,"2024-10":6,"2024-11":5,"2024-12":14,"2025-01":14,"2025-02":14,"2025-03":12,"2025-04":4,"2025-05":9,"2025-06":16,"2025-07":11,"2025-08":2,"2025-09":1},"latest_month":"2025-09"}},{"type":"Feature","geometry":{"type":"Polygon","coordinates":[[[-117.156508,32.71364],[-117.156513,32.714284],[-117.156516,32.714682],[-117.155595,32.714689],[-117.155588,32.713644],[-117.155596,32.713644],[-117.15588,32.713643],[-117.156508,32.71364]]]},"properties":{"block_id":"10TH_AV_E_ST","neighborhood":"East Village","total_reports":287,"latest_year":"2025","latest_year_reports":4,"reports_by_year":{"2018":1,"2019":6,"2020":12,"2021":15,"2022":20,"2023":131,"2024":98,"2025":4},"reports_by_month":{"2018-11":1,"2019-01":1,"2019-02":1,"2019-03":1,"2019-04":1,"2019-05":1,"2019-07":1,"2020-01":1,"2020-02":3,"2020-03":1,"2020-05":4,"2020-08":1,"2020-11":1,"2020-12":1,"2021-02":2,"2021-03":3,"2021-04":1,"2021-06":2,"2021-07":4,"2021-09":2,"2021-11":1,"2022-01":1,"2022-03":4,"2022-04":1,"2022-05":1,"2022-07":2,"2022-08":1,"2022-09":5,"2022-10":1,"2022-11":2,"2022-12":2,"2023-01":4,"2023-02":3,"2023-03":1,"2023-05":4,"2023-07":2,"2023-08":6,"2023-09":6,"2023-10":23,"2023-11":33,"2023-12":49,"2024-01":57,"2024-02":21,"2024-03":1,"2024-04":2,"2024-05":1,"2024-06":2,"2024-09":5,"2024-10":1,"2024-11":2,"2024-12":6,"2025-02":1,"2025-03":1,"2025-04":2},"latest_month":"2025-09"}},{"type":"Feature","geometry":{"type":"Polygon","coordinates":[[[-117.15467,32.712604],[-117.155569,32.7126],[-117.15557,32.7126],[-117.155579,32.7126],[-117.155581,32.7126],[-117.155583,32.712976],[-117.155588,32.713636],[-117.155588,32.713644],[-117.154681,32.713648],[-117.154681,32.713641],[-117.154681,32.713637],[-117.154675,32.713082],[-117.15467,32.712604]]]},"properties":{"block_id":"11TH_AV_F_ST","neighborhood":"East Village","total_reports":75,"latest_year":"2025","latest_year_reports":5,"reports_by_year":{"2018":0,"2019":2,"2020":9,"2021":8,"2022":5,"2023":29,"2024":17,"2025":5},"reports_by_month":{"2019-02":1,"2019-07":1,"2020-01":1,"2020-02":1,"2020-04":1,"2020-05":2,"2020-09":1,"2020-11":1,"2020-12":2,"2021-02":2,"2021-04":1,"2021-06":1,"2021-10":4,"2022-05":1,"2022-08":1,"2022-10":1,"2022-12":2,"2023-01":1,"2023-04":2,"2023-05":4,"2023-06":2,"2023-07":2,"2023-08":2,"2023-09":2,"2023-10":1,"2023-11":7,"2023-12":6,"2024-01":5,"2024-02":3,"2024-03":5,"2024-04":1,"2024-06":2,"2024-09":1,"2025-01":1,"2025-05":1,"2025-06":1,"2025-08":1,"2025-09":1},"latest_month":"2025-09"}},{"type":"Feature","geometry":{"type":"Polygon","coordinates":[[[-117.154681,32.713648],[-117.155588,32.713644],[-117.155595,32.714689],[-117.154688,32.714696],[-117.154681,32.713648]]]},"properties":{"block_id":"11TH_AV_E_ST","neighborhood":"East Village","total_reports":178,"latest_year":"2025","latest_year_reports":64,"reports_by_year":{"2018":0,"2019":2,"2020":9,"2021":0,"2022":15,"2023":10,"2024":78,"2025":64},"reports_by_month":{"2019-02":1,"2019-03":1,"2020-01":2,"2020-02":3,"2020-03":1,"2020-04":1,"2020-06":1,"2020-11":1,"2022-06":2,"2022-07":3,"2022-08":1,"2022-09":4,"2022-10":1,"2022-12":4,"2023-07":1,"2023-09":2,"2023-11":3,"2023-12":4,"2024-01":2,"2024-03":3,"2024-05":7,"2024-06":7,"2024-07":2,"2024-09":27,"2024-10":8,"2024-11":11,"2024-12":11,"2025-01":4,"2025-02":19,"2025-03":11,"2025-04":5,"2025-05":4,"2025-06":8,"2025-07":7,"2025-08":3,"2025-09":3},"latest_month":"2025-09"}},{"type":"Feature","geometry":{"type":"Polygon","coordinates":[[[-117.15648,32.711513],[-117.156479,32.711438],[-117.156476,32.71114],[-117.156475,32.711101],[-117.156474,32.710993],[-117.156474,32.710961],[-117.156469,32.710441],[-117.157385,32.710435],[-117.157389,32.710958],[-117.157389,32.710995],[-117.157391,32.71122],[-117.157393,32.711434],[-117.157393,32.711508],[-117.157393,32.711508],[-117.157393,32.711509],[-117.157393,32.711509],[-117.157393,32.711509],[-117.157393,32.711509],[-117.156944,32.711511],[-117.156482,32.711513],[-117.156482,32.711513],[-117.156481,32.711513],[-117.15648,32.711513]]]},"properties":{"block_id":"09TH_AV_MARKET_ST","neighborhood":"South East Village","total_reports":62,"latest_year":"2025","latest_year_reports":15,"reports_by_year":{"2018":1,"2019":1,"2020":1,"2021":2,"2022":9,"2023":15,"2024":18,"2025":15},"reports_by_month":{"2018-09":1,"2019-02":1,"2020-09":1,"2021-06":1,"2021-07":1,"2022-05":1,"2022-06":1,"2022-08":1,"2022-09":1,"2022-10":2,"2022-12":3,"2023-01":4,"2023-02":1,"2023-03":2,"2023-09":2,"2023-10":1,"2023-11":1,"2023-12":4,"2024-01":9,"2024-02":1,"2024-03":1,"2024-05":1,"2024-07":1,"2024-08":2,"2024-09":2,"2024-11":1,"2025-02":1,"2025-03":2,"2025-04":3,"2025-05":2,"2025-06":1,"2025-07":1,"2025-08":4,"2025-09":1},"latest_month":"2025-09"}},{"type":"Feature","geometry":{"type":"Polygon","coordinates":[[[-117.156523,32.715718],[-117.155812,32.715721],[-117.155606,32.715722],[-117.155595,32.714689],[-117.156516,32.714682],[-117.156516,32.714686],[-117.156523,32.715718]]]},"properties":{"block_id":"10TH_AV_BROADWAY","neighborhood":"City Center","total_reports":268,"latest_year":"2025","latest_year_reports":17,"reports_by_year":{"2018":1,"2019":2,"2020":22,"2021":44,"2022":40,"2023":35,"2024":107,"2025":17},"reports_by_month":{"2018-09":1,"2019-05":1,"2019-09":1,"2020-01":4,"2020-03":1,"2020-05":1,"2020-06":2,"2020-07":1,"2020-10":5,"2020-11":5,"2020-12":3,"2021-01":6,"2021-02":2,"2021-03":5,"2021-04":11,"2021-05":7,"2021-06":5,"2021-08":1,"2021-09":2,"2021-10":5,"2022-01":3,"2022-04":2,"2022-05":2,"2022-06":4,"2022-07":10,"2022-08":8,"2022-09":4,"2022-10":4,"2022-11":1,"2022-12":2,"2023-01":3,"2023-02":4,"2023-03":3,"2023-05":4,"2023-08":3,"2023-09":2,"2023-10":5,"2023-11":1,"2023-12":10,"2024-01":19,"2024-02":14,"2024-03":23,"2024-04":18,"2024-05":3,"2024-06":9,"2024-07":10,"2024-08":1,"2024-09":5,"2024-10":1,"2024-11":2,"2024-12":2,"2025-01":4,"2025-02":2,"2025-03":6,"2025-04":1,"2025-06":1,"2025-07":2,"2025-08":1},"latest_month":"2025-09"}},{"type":"Feature","geometry":{"type":"Polygon","coordinates":[[[-117.154688,32.714696],[-117.153778,32.714699],[-117.153771,32.713652],[-117.154681,32.713648],[-117.154688,32.714696]]]},"properties":{"block_id":"PARK_BL_E_ST","neighborhood":"East Village","total_reports":330,"latest_year":"2025","latest_year_reports":21,"reports_by_year":{"2018":0,"2019":2,"2020":42,"2021":1,"2022":116,"2023":80,"2024":68,"2025":21},"reports_by_month":{"2019-04":1,"2019-11":1,"2020-01":1,"2020-02":1,"2020-05":9,"2020-06":19,"2020-08":5,"2020-09":1,"2020-10":3,"2020-11":3,"2021-03":1,"2022-05":2,"2022-06":15,"2022-07":25,"2022-08":14,"2022-09":21,"2022-10":20,"2022-11":17,"2022-12":2,"2023-02":1,"2023-03":2,"2023-04":25,"2023-05":6,"2023-06":2,"2023-07":1,"2023-08":3,"2023-09":1,"2023-10":9,"2023-11":29,"2023-12":1,"2024-01":15,"2024-02":1,"2024-03":14,"2024-04":8,"2024-05":10,"2024-06":4,"2024-07":1,"2024-08":6,"2024-09":4,"2024-10":2,"2024-11":3,"2025-02":5,"2025-05":2,"2025-07":1,"2025-08":12,"2025-09":1},"latest_month":"2025-09"}},{"type":"Feature","geometry":{"type":"Polygon","coordinates":[[[-117.158286,32.71042],[-117.158302,32.711128],[-117.158304,32.711229],[-117.15831,32.711503],[-117.158303,32.711503],[-117.157597,32.711508],[-117.15745,32.711509],[-117.157394,32.711509],[-117.157393,32.711509],[-117.157393,32.711509],[-117.157393,32.711509],[-117.157393,32.711508],[-117.157393,32.711508],[-117.157393,32.711434],[-117.157391,32.71122],[-117.157389,32.710995],[-117.157389,32.710958],[-117.157385,32.710435],[-117.157385,32.710435],[-117.158286,32.71042]]]},"properties":{"block_id":"08TH_AV_MARKET_ST","neighborhood":"South East Village","total_reports":1174,"latest_year":"2025","latest_year_reports":116,"reports_by_year":{"2018":0,"2019":2,"2020":55,"2021":107,"2022":143,"2023":304,"2024":447,"2025":116},"reports_by_month":{"2019-08":2,"2020-03":1,"2020-04":2,"2020-05":1,"2020-06":21,"2020-07":26,"2020-08":3,"2020-09":1,"2021-02":3,"2021-03":10,"2021-04":4,"2021-05":13,"2021-06":7,"2021-07":11,"2021-08":36,"2021-09":13,"2021-10":5,"2021-12":5,"2022-01":2,"2022-02":3,"2022-03":8,"2022-04":5,"2022-05":5,"2022-06":14,"2022-07":10,"2022-08":9,"2022-09":12,"2022-10":27,"2022-11":20,"2022-12":28,"2023-01":30,"2023-02":39,"2023-03":57,"2023-04":13,"2023-05":10,"2023-06":10,"2023-07":12,"2023-08":6,"2023-09":18,"2023-10":16,"2023-11":20,"2023-12":73,"2024-01":135,"2024-02":39,"2024-03":48,"2024-04":33,"2024-05":32,"2024-06":22,"2024-07":40,"2024-08":29,"2024-09":23,"2024-10":20,"2024-11":17,"2024-12":9,"2025-01":8,"2025-02":22,"2025-03":15,"2025-04":21,"2025-05":5,"2025-06":6,"2025-07":16,"2025-08":16,"2025-09":7},"latest_month":"2025-09"}},{"type":"Feature","geometry":{"type":"Polygon","coordinates":[[[-117.156508,32.71364],[-117.15588,32.713643],[-117.155596,32.713644],[-117.155588,32.713644],[-117.155588,32.713636],[-117.155583,32.712976],[-117.155581,32.7126],[-117.155589,32.7126],[-117.156383,32.712597],[-117.156478,32.712596],[-117.15649,32.712596],[-117.156494,32.712596],[-117.156497,32.712596],[-117.156508,32.71364]]]},"properties":{"block_id":"10TH_AV_F_ST","neighborhood":"East Village","total_reports":96,"latest_year":"2025","latest_year_reports":22,"reports_by_year":{"2018":2,"2019":6,"2020":24,"2021":16,"2022":2,"2023":13,"2024":11,"2025":22},"reports_by_month":{"2018-11":1,"2018-12":1,"2019-03":1,"2019-08":1,"2019-09":2,"2019-10":1,"2019-11":1,"2020-01":1,"2020-02":1,"2020-03":2,"2020-05":2,"2020-06":4,"2020-07":2,"2020-08":3,"2020-09":4,"2020-10":5,"2021-03":1,"2021-06":2,"2021-09":1,"2021-10":2,"2021-11":3,"2021-12":7,"2022-07":1,"2022-12":1,"2023-03":1,"2023-04":2,"2023-05":1,"2023-07":2,"2023-08":1,"2023-09":4,"2023-10":1,"2023-11":1,"2024-03":2,"2024-05":1,"2024-06":1,"2024-07":3,"2024-11":3,"2024-12":1,"2025-01":4,"2025-02":1,"2025-03":4,"2025-04":4,"2025-05":2,"2025-06":2,"2025-07":1,"2025-08":2,"2025-09":2},"latest_month":"2025-09"}},{"type":"Feature","geometry":{"type":"Polygon","coordinates":[[[-117.157414,32.712587],[-117.157408,32.712587],[-117.157396,32.712587],[-117.156501,32.712596],[-117.156497,32.712596],[-117.156497,32.712593],[-117.156497,32.712586],[-117.156497,32.712581],[-117.156489,32.712105],[-117.156489,32.712064],[-117.15648,32.711516],[-117.15648,32.711514],[-117.15648,32.711513],[-117.156481,32.711513],[-117.156482,32.711513],[-117.156482,32.711513],[-117.156944,32.711511],[-117.157393,32.711509],[-117.157393,32.711509],[-117.157395,32.711616],[-117.1574,32.711873],[-117.157404,32.712059],[-117.157414,32.712571],[-117.157414,32.712581],[-117.157414,32.712587]]]},"properties":{"block_id":"09TH_AV_G_ST","neighborhood":"East Village","total_reports":45,"latest_year":"2025","latest_year_reports":13,"reports_by_year":{"2018":1,"2019":1,"2020":3,"2021":2,"2022":3,"2023":8,"2024":14,"2025":13},"reports_by_month":{"2018-11":1,"2019-08":1,"2020-06":1,"2020-08":2,"2021-04":1,"2021-05":1,"2022-06":2,"2022-08":1,"2023-05":2,"2023-07":1,"2023-08":1,"2023-11":1,"2023-12":3,"2024-01":1,"2024-04":4,"2024-08":4,"2024-09":1,"2024-11":1,"2024-12":3,"2025-01":1,"2025-03":2,"2025-04":1,"2025-05":5,"2025-06":3,"2025-08":1},"latest_month":"2025-09"}},{"type":"Feature","geometry":{"type":"Polygon","coordinates":[[[-117.157393,32.711509],[-117.157394,32.711509],[-117.15745,32.711509],[-117.157597,32.711508],[-117.158303,32.711503],[-117.15831,32.711503],[-117.15831,32.711504],[-117.158324,32.712566],[-117.158324,32.71258],[-117.158316,32.71258],[-117.158309,32.71258],[-117.158292,32.71258],[-117.158271,32.71258],[-117.157414,32.712587],[-117.157414,32.712581],[-117.157414,32.712571],[-117.157404,32.712059],[-117.1574,32.711873],[-117.157395,32.711616],[-117.157393,32.711509]]]},"properties":{"block_id":"08TH_AV_G_ST","neighborhood":"East Village","total_reports":87,"latest_year":"2025","latest_year_reports":1,"reports_by_year":{"2018":0,"2019":3,"2020":3,"2021":3,"2022":7,"2023":6,"2024":64,"2025":1},"reports_by_month":{"2019-09":1,"2019-11":2,"2020-06":2,"2020-10":1,"2021-01":1,"2021-05":1,"2021-07":1,"2022-04":1,"2022-05":1,"2022-06":2,"2022-08":1,"2022-10":1,"2022-12":1,"2023-02":1,"2023-03":2,"2023-04":1,"2023-07":1,"2023-11":1,"2024-01":12,"2024-02":32,"2024-03":4,"2024-05":5,"2024-06":4,"2024-07":4,"2024-09":1,"2024-11":2,"2025-08":1},"latest_month":"2025-09"}},{"type":"Feature","geometry":{"type":"Polygon","coordinates":[[[-117.156534,32.716765],[-117.15654,32.717616],[-117.15654,32.71763],[-117.156541,32.717821],[-117.15562,32.717817],[-117.155614,32.716764],[-117.156534,32.716765]]]},"properties":{"block_id":"10TH_AV_B_ST","neighborhood":"City Center","total_reports":1989,"latest_year":"2025","latest_year_reports":9,"reports_by_year":{"2018":2,"2019":3,"2020":45,"2021":169,"2022":752,"2023":766,"2024":243,"2025":9},"reports_by_month":{"2018-10":1,"2018-11":1,"2019-04":2,"2019-07":1,"2020-06":7,"2020-07":13,"2020-08":5,"2020-09":9,"2020-10":4,"2020-12":7,"2021-01":4,"2021-02":22,"2021-03":17,"2021-04":6,"2021-05":36,"2021-06":11,"2021-07":15,"2021-08":20,"2021-09":10,"2021-10":6,"2021-11":8,"2021-12":14,"2022-01":31,"2022-02":42,"2022-03":38,"2022-04":56,"2022-05":30,"2022-06":26,"2022-07":100,"2022-08":66,"2022-09":137,"2022-10":67,"2022-11":44,"2022-12":115,"2023-01":131,"2023-02":35,"2023-03":97,"2023-04":46,"2023-05":113,"2023-06":18,"2023-07":7,"2023-08":33,"2023-09":67,"2023-10":54,"2023-11":72,"2023-12":93,"2024-01":7,"2024-02":6,"2024-03":37,"2024-04":41,"2024-05":75,"2024-06":46,"2024-07":16,"2024-08":4,"2024-09":2,"2024-10":2,"2024-11":6,"2024-12":1,"2025-01":3,"2025-03":1,"2025-04":1,"2025-06":1,"2025-08":1,"2025-09":2},"latest_month":"2025-09"}},{"type":"Feature","geometry":{"type":"Polygon","coordinates":[[[-117.148549,32.710455],[-117.147763,32.710456],[-117.147733,32.709425],[-117.148552,32.709411],[-117.148549,32.710455]]]},"properties":{"block_id":"I-5_SB_ISLAND_AV","neighborhood":"South East Village","total_reports":251,"latest_year":"2025","latest_year_reports":36,"reports_by_year":{"2018":0,"2019":2,"2020":29,"2021":71,"2022":29,"2023":55,"2024":29,"2025":36},"reports_by_month":{"2019-01":1,"2019-09":1,"2020-01":3,"2020-02":2,"2020-05":2,"2020-06":4,"2020-07":2,"2020-08":1,"2020-12":15,"2021-01":34,"2021-02":10,"2021-03":11,"2021-05":3,"2021-06":5,"2021-07":3,"2021-08":1,"2021-09":1,"2021-10":1,"2021-11":2,"2022-01":1,"2022-03":1,"2022-04":1,"2022-05":1,"2022-06":4,"2022-07":7,"2022-08":3,"2022-09":1,"2022-10":5,"2022-11":2,"2022-12":3,"2023-01":3,"2023-02":3,"2023-03":1,"2023-05":5,"2023-06":2,"2023-07":4,"2023-08":25,"2023-09":6,"2023-10":1,"2023-11":1,"2023-12":4,"2024-01":1,"2024-03":2,"2024-04":1,"2024-05":1,"2024-06":5,"2024-07":7,"2024-08":7,"2024-09":1,"2024-10":2,"2024-11":2,"2025-01":4,"2025-03":2,"2025-04":6,"2025-05":2,"2025-06":4,"2025-07":2,"2025-08":8,"2025-09":8},"latest_month":"2025-09"}},{"type":"Feature","geometry":{"type":"Polygon","coordinates":[[[-117.147763,32.710456],[-117.148549,32.710455],[-117.14855,32.711533],[-117.147734,32.711533],[-117.147762,32.710456],[-117.147763,32.710456]]]},"properties":{"block_id":"I-5_SB_MARKET_ST","neighborhood":"South East Village","total_reports":218,"latest_year":"2025","latest_year_reports":28,"reports_by_year":{"2018":2,"2019":3,"2020":38,"2021":36,"2022":19,"2023":47,"2024":45,"2025":28},"reports_by_month":{"2018-09":1,"2018-11":1,"2019-02":1,"2019-03":2,"2020-02":2,"2020-06":1,"2020-07":4,"2020-08":1,"2020-09":7,"2020-10":11,"2020-11":3,"2020-12":9,"2021-01":16,"2021-02":3,"2021-03":1,"2021-04":1,"2021-05":3,"2021-06":2,"2021-07":6,"2021-08":2,"2021-09":1,"2021-11":1,"2022-01":1,"2022-02":4,"2022-03":7,"2022-04":2,"2022-05":1,"2022-07":2,"2022-08":1,"2022-09":1,"2023-01":1,"2023-02":4,"2023-03":3,"2023-04":3,"2023-05":8,"2023-06":8,"2023-07":11,"2023-08":6,"2023-10":1,"2023-12":2,"2024-01":10,"2024-04":1,"2024-05":2,"2024-06":7,"2024-07":9,"2024-08":8,"2024-09":3,"2024-10":1,"2024-11":3,"2024-12":1,"2025-01":2,"2025-02":1,"2025-03":3,"2025-04":4,"2025-05":1,"2025-06":1,"2025-07":6,"2025-08":8,"2025-09":2},"latest_month":"2025-09"}},{"type":"Feature","geometry":{"type":"Polygon","coordinates":[[[-117.148552,32.709411],[-117.147733,32.709425],[-117.147732,32.709352],[-117.147881,32.708723],[-117.147885,32.70871],[-117.147889,32.708697],[-117.147893,32.708683],[-117.147897,32.70867],[-117.147901,32.708657],[-117.147905,32.708643],[-117.147909,32.70863],[-117.147912,32.708617],[-117.147916,32.708603],[-117.14792,32.70859],[-117.147924,32.708577],[-117.147928,32.708563],[-117.147932,32.70855],[-117.147936,32.708537],[-117.14794,32.708523],[-117.147944,32.70851],[-117.147948,32.708497],[-117.147952,32.708483],[-117.147956,32.70847],[-117.14796,32.708457],[-117.147964,32.708443],[-117.147968,32.70843],[-117.147972,32.708417],[-117.147976,32.708403],[-117.147981,32.70839],[-117.147985,32.708377],[-117.147989,32.708364],[-117.147991,32.708356],[-117.147993,32.70835],[-117.147997,32.708337],[-117.148001,32.708324],[-117.148005,32.70831],[-117.14801,32.708297],[-117.148014,32.708284],[-117.148018,32.708271],[-117.148022,32.708257],[-117.148026,32.708244],[-117.14803,32.708231],[-117.148035,32.708217],[-117.148039,32.708204],[-117.148043,32.708191],[-117.148047,32.708178],[-117.148052,32.708164],[-117.148056,32.708151],[-117.14806,32.708138],[-117.148065,32.708125],[-117.148069,32.708111],[-117.148073,32.708098],[-117.148078,32.708085],[-117.148082,32.708072],[-117.148086,32.708058],[-117.148091,32.708045],[-117.148095,32.708032],[-117.148099,32.708021],[-117.148235,32.70836],[-117.148275,32.708462],[-117.148548,32.709056],[-117.148552,32.709411]]]},"properties":{"block_id":"I-5_SB_OFF_RA_J_ST","neighborhood":"South East Village","total_reports":162,"latest_year":"2025","latest_year_reports":21,"reports_by_year":{"2018":0,"2019":0,"2020":3,"2021":17,"2022":24,"2023":55,"2024":42,"2025":21},"reports_by_month":{"2020-02":1,"2020-11":2,"2021-01":4,"2021-02":2,"2021-06":2,"2021-09":1,"2021-10":3,"2021-11":2,"2021-12":3,"2022-01":2,"2022-02":3,"2022-05":1,"2022-06":2,"2022-07":2,"2022-08":7,"2022-09":1,"2022-10":3,"2022-11":2,"2022-12":1,"2023-01":1,"2023-02":3,"2023-03":3,"2023-04":2,"2023-05":4,"2023-06":6,"2023-07":4,"2023-08":6,"2023-09":4,"2023-10":1,"2023-11":2,"2023-12":19,"2024-01":7,"2024-02":1,"2024-03":4,"2024-04":2,"2024-06":1,"2024-07":5,"2024-08":5,"2024-09":5,"2024-10":3,"2024-11":7,"2024-12":2,"2025-01":5,"2025-02":1,"2025-03":1,"2025-05":3,"2025-06":1,"2025-07":4,"2025-08":4,"2025-09":2},"latest_month":"2025-09"}},{"type":"Feature","geometry":{"type":"Polygon","coordinates":[[[-117.154634,32.709402],[-117.154648,32.710452],[-117.153741,32.71045],[-117.15373,32.709401],[-117.154634,32.709402]]]},"properties":{"block_id":"PARK_BL_ISLAND_AV","neighborhood":"South East Village","total_reports":63,"latest_year":"2025","latest_year_reports":6,"reports_by_year":{"2018":1,"2019":0,"2020":1,"2021":0,"2022":11,"2023":21,"2024":23,"2025":6},"reports_by_month":{"2018-11":1,"2020-06":1,"2022-02":1,"2022-03":2,"2022-04":1,"2022-05":1,"2022-06":1,"2022-08":1,"2022-10":2,"2022-11":2,"2023-01":1,"2023-02":2,"2023-03":1,"2023-04":2,"2023-05":1,"2023-06":1,"2023-07":1,"2023-08":3,"2023-09":1,"2023-11":2,"2023-12":6,"2024-01":3,"2024-02":1,"2024-03":3,"2024-04":1,"2024-05":2,"2024-06":1,"2024-07":1,"2024-08":1,"2024-09":3,"2024-10":2,"2024-11":1,"2024-12":4,"2025-01":1,"2025-02":1,"2025-03":2,"2025-05":1,"2025-06":1},"latest_month":"2025-09"}},{"type":"Feature","geometry":{"type":"Polygon","coordinates":[[[-117.154648,32.710452],[-117.154634,32.709402],[-117.155548,32.709396],[-117.155548,32.709396],[-117.155548,32.7094],[-117.155557,32.709987],[-117.155561,32.710198],[-117.155564,32.710418],[-117.155565,32.710435],[-117.155565,32.710437],[-117.155562,32.710437],[-117.155561,32.710437],[-117.155561,32.710437],[-117.154749,32.71045],[-117.154648,32.710452]]]},"properties":{"block_id":"11TH_AV_ISLAND_AV","neighborhood":"South East Village","total_reports":41,"latest_year":"2025","latest_year_reports":16,"reports_by_year":{"2018":0,"2019":1,"2020":3,"2021":1,"2022":2,"2023":7,"2024":11,"2025":16},"reports_by_month":{"2019-02":1,"2020-01":2,"2020-06":1,"2021-10":1,"2022-09":2,"2023-02":1,"2023-03":1,"2023-04":1,"2023-07":1,"2023-09":3,"2024-02":2,"2024-03":2,"2024-04":1,"2024-06":1,"2024-07":1,"2024-08":2,"2024-09":1,"2024-11":1,"2025-01":13,"2025-02":1,"2025-05":1,"2025-08":1},"latest_month":"2025-09"}},{"type":"Feature","geometry":{"type":"Polygon","coordinates":[[[-117.153741,32.71045],[-117.154648,32.710452],[-117.154653,32.711518],[-117.153746,32.711524],[-117.153744,32.711524],[-117.153741,32.71045]]]},"properties":{"block_id":"PARK_BL_MARKET_ST","neighborhood":"South East Village","total_reports":284,"latest_year":"2025","latest_year_reports":38,"reports_by_year":{"2018":0,"2019":0,"2020":17,"2021":11,"2022":39,"2023":78,"2024":101,"2025":38},"reports_by_month":{"2020-03":2,"2020-05":3,"2020-06":6,"2020-07":3,"2020-08":2,"2020-12":1,"2021-04":1,"2021-08":1,"2021-09":2,"2021-10":2,"2021-11":1,"2021-12":4,"2022-01":3,"2022-02":4,"2022-03":2,"2022-04":2,"2022-05":5,"2022-06":3,"2022-07":2,"2022-08":6,"2022-09":4,"2022-10":3,"2022-11":4,"2022-12":1,"2023-01":2,"2023-02":2,"2023-03":7,"2023-04":5,"2023-05":5,"2023-06":5,"2023-07":8,"2023-08":6,"2023-09":11,"2023-10":5,"2023-11":15,"2023-12":7,"2024-01":4,"2024-02":10,"2024-03":8,"2024-04":8,"2024-05":5,"2024-06":7,"2024-07":12,"2024-08":16,"2024-09":10,"2024-10":13,"2024-11":4,"2024-12":4,"2025-01":3,"2025-02":5,"2025-03":7,"2025-04":10,"2025-05":2,"2025-06":3,"2025-07":1,"2025-08":5,"2025-09":2},"latest_month":"2025-09"}},{"type":"Feature","geometry":{"type":"Polygon","coordinates":[[[-117.155565,32.710437],[-117.155565,32.710435],[-117.155564,32.710418],[-117.155561,32.710198],[-117.155557,32.709987],[-117.155548,32.7094],[-117.155548,32.709396],[-117.155548,32.709396],[-117.156451,32.709394],[-117.156453,32.709504],[-117.156453,32.709505],[-117.156462,32.710055],[-117.156465,32.710224],[-117.156469,32.710441],[-117.156017,32.710439],[-117.155589,32.710437],[-117.155571,32.710437],[-117.155565,32.710437]]]},"properties":{"block_id":"10TH_AV_ISLAND_AV","neighborhood":"South East Village","total_reports":34,"latest_year":"2025","latest_year_reports":7,"reports_by_year":{"2018":0,"2019":1,"2020":1,"2021":0,"2022":5,"2023":7,"2024":13,"2025":7},"reports_by_month":{"2019-12":1,"2020-07":1,"2022-04":1,"2022-07":1,"2022-08":2,"2022-12":1,"2023-04":3,"2023-06":1,"2023-09":1,"2023-10":1,"2023-11":1,"2024-02":1,"2024-03":4,"2024-11":5,"2024-12":3,"2025-01":1,"2025-03":2,"2025-04":1,"2025-05":1,"2025-06":1,"2025-09":1},"latest_month":"2025-09"}},{"type":"Feature","geometry":{"type":"Polygon","coordinates":[[[-117.154653,32.711518],[-117.154653,32.71153],[-117.154655,32.711642],[-117.15467,32.712604],[-117.153763,32.712611],[-117.15375,32.711859],[-117.153744,32.711533],[-117.153744,32.711525],[-117.153744,32.711524],[-117.153746,32.711524],[-117.154653,32.711518]]]},"properties":{"block_id":"PARK_BL_G_ST","neighborhood":"East Village","total_reports":82,"latest_year":"2025","latest_year_reports":11,"reports_by_year":{"2018":0,"2019":0,"2020":6,"2021":9,"2022":15,"2023":17,"2024":24,"2025":11},"reports_by_month":{"2020-02":1,"2020-03":2,"2020-09":1,"2020-11":2,"2021-01":1,"2021-03":2,"2021-08":1,"2021-10":3,"2021-11":1,"2021-12":1,"2022-01":2,"2022-02":2,"2022-03":2,"2022-04":1,"2022-05":1,"2022-09":1,"2022-11":1,"2022-12":5,"2023-01":1,"2023-04":1,"2023-05":2,"2023-06":1,"2023-08":2,"2023-09":2,"2023-10":1,"2023-11":4,"2023-12":3,"2024-02":4,"2024-03":2,"2024-04":1,"2024-06":3,"2024-07":1,"2024-08":2,"2024-09":1,"2024-10":2,"2024-11":7,"2024-12":1,"2025-01":4,"2025-02":1,"2025-03":1,"2025-05":2,"2025-07":2,"2025-08":1},"latest_month":"2025-09"}},{"type":"Feature","geometry":{"type":"Polygon","coordinates":[[[-117.148552,32.709411],[-117.148548,32.709056],[-117.148544,32.708367],[-117.149432,32.708366],[-117.149452,32.70941],[-117.148552,32.709411]]]},"properties":{"block_id":"17TH_ST_J_ST","neighborhood":"South East Village","total_reports":484,"latest_year":"2025","latest_year_reports":27,"reports_by_year":{"2018":5,"2019":5,"2020":40,"2021":38,"2022":98,"2023":151,"2024":120,"2025":27},"reports_by_month":{"2018-09":1,"2018-11":3,"2018-12":1,"2019-01":2,"2019-02":1,"2019-04":1,"2019-07":1,"2020-01":1,"2020-02":2,"2020-04":2,"2020-06":1,"2020-08":1,"2020-09":1,"2020-10":10,"2020-11":15,"2020-12":7,"2021-01":3,"2021-02":2,"2021-03":7,"2021-04":7,"2021-05":3,"2021-06":3,"2021-07":4,"2021-10":4,"2021-11":3,"2021-12":2,"2022-01":9,"2022-02":4,"2022-03":2,"2022-04":9,"2022-05":20,"2022-06":12,"2022-07":21,"2022-08":4,"2022-09":5,"2022-10":4,"2022-11":2,"2022-12":6,"2023-01":6,"2023-02":3,"2023-03":5,"2023-04":2,"2023-05":9,"2023-06":14,"2023-07":32,"2023-08":22,"2023-09":23,"2023-10":10,"2023-11":6,"2023-12":19,"2024-01":27,"2024-02":9,"2024-03":33,"2024-04":17,"2024-05":6,"2024-06":9,"2024-07":6,"2024-08":5,"2024-09":2,"2024-10":2,"2024-11":1,"2024-12":3,"2025-01":6,"2025-02":2,"2025-03":2,"2025-05":4,"2025-06":2,"2025-07":3,"2025-08":3,"2025-09":5},"latest_month":"2025-09"}},{"type":"Feature","geometry":{"type":"Polygon","coordinates":[[[-117.14773,32.706469],[-117.14773,32.706273],[-117.148523,32.706267],[-117.148533,32.706671],[-117.148533,32.706703],[-117.148533,32.706717],[-117.148533,32.70672],[-117.148533,32.706731],[-117.148532,32.706745],[-117.148532,32.706758],[-117.148531,32.706772],[-117.14853,32.706786],[-117.148529,32.706799],[-117.148528,32.706813],[-117.148526,32.706827],[-117.148525,32.70684],[-117.148523,32.706854],[-117.148521,32.706868],[-117.148519,32.706881],[-117.148517,32.706895],[-117.148515,32.706909],[-117.148513,32.706922],[-117.14851,32.706936],[-117.148508,32.706949],[-117.148505,32.706963],[-117.148502,32.706977],[-117.148499,32.70699],[-117.148496,32.707004],[-117.148493,32.707017],[-117.14849,32.70703],[-117.148486,32.707044],[-117.148483,32.707057],[-117.148479,32.707071],[-117.148475,32.707084],[-117.148471,32.707097],[-117.148467,32.707111],[-117.148462,32.707124],[-117.148458,32.707137],[-117.148453,32.70715],[-117.148449,32.707163],[-117.148444,32.707177],[-117.148439,32.70719],[-117.148434,32.707203],[-117.148429,32.707216],[-117.148423,32.707229],[-117.148418,32.707242],[-117.148412,32.707254],[-117.148406,32.707267],[-117.148401,32.70728],[-117.148395,32.707293],[-117.148388,32.707306],[-117.148382,32.707318],[-117.148376,32.707331],[-117.148369,32.707344],[-117.148363,32.707356],[-117.148356,32.707369],[-117.148349,32.707381],[-117.148342,32.707394],[-117.148335,32.707406],[-117.148328,32.707418],[-117.148321,32.70743],[-117.148313,32.707443],[-117.148305,32.707455],[-117.148298,32.707467],[-117.148294,32.707473],[-117.148286,32.707485],[-117.148278,32.707497],[-117.14827,32.707509],[-117.148263,32.707521],[-117.148255,32.707533],[-117.148248,32.707546],[-117.148241,32.707558],[-117.148234,32.707571],[-117.148228,32.707583],[-117.148221,32.707596],[-117.148215,32.707608],[-117.148208,32.707621],[-117.148202,32.707634],[-117.148198,32.707644],[-117.148196,32.707647],[-117.148191,32.707659],[-117.148185,32.707672],[-117.14818,32.707685],[-117.148174,32.707698],[-117.148169,32.707711],[-117.148164,32.707724],[-117.14816,32.707737],[-117.148155,32.707751],[-117.148151,32.707764],[-117.148146,32.707777],[-117.148142,32.70779],[-117.148138,32.707804],[-117.148135,32.707817],[-117.148131,32.707831],[-117.148127,32.707844],[-117.148124,32.707857],[-117.148121,32.707871],[-117.148118,32.707884],[-117.148115,32.707898],[-117.148113,32.707912],[-117.148111,32.707925],[-117.148108,32.707939],[-117.148106,32.707952],[-117.148104,32.707966],[-117.148103,32.70798],[-117.148101,32.707993],[-117.1481,32.708007],[-117.148099,32.708021],[-117.148088,32.70801],[-117.148078,32.708],[-117.148067,32.707989],[-117.148058,32.707978],[-117.148048,32.707967],[-117.148039,32.707956],[-117.14803,32.707944],[-117.148021,32.707933],[-117.148012,32.707921],[-117.148004,32.707909],[-117.147996,32.707897],[-117.147989,32.707885],[-117.147981,32.707873],[-117.147974,32.70786],[-117.147968,32.707848],[-117.147961,32.707835],[-117.147955,32.707822],[-117.14795,32.70781],[-117.147944,32.707797],[-117.147939,32.707784],[-117.147934,32.70777],[-117.14793,32.707757],[-117.147926,32.707744],[-117.147922,32.707731],[-117.147918,32.707717],[-117.147915,32.707704],[-117.147912,32.70769],[-117.14791,32.707677],[-117.147908,32.707663],[-117.147906,32.707649],[-117.147905,32.707646],[-117.147904,32.707636],[-117.147903,32.707622],[-117.147903,32.707613],[-117.147901,32.707599],[-117.147899,32.707585],[-117.147898,32.707572],[-117.147896,32.707558],[-117.147894,32.707544],[-117.147893,32.707531],[-117.147891,32.707517],[-117.147889,32.707503],[-117.147888,32.70749],[-117.147886,32.707476],[-117.147884,32.707462],[-117.147883,32.707449],[-117.147881,32.707435],[-117.147879,32.707421],[-117.147878,32.707408],[-117.147876,32.707394],[-117.147874,32.70738],[-117.147873,32.707367],[-117.147871,32.707353],[-117.147869,32.707339],[-117.147867,32.707326],[-117.147866,32.707312],[-117.147864,32.707298],[-117.147862,32.707285],[-117.147861,32.707271],[-117.147859,32.707257],[-117.147857,32.707244],[-117.147855,32.70723],[-117.147854,32.707216],[-117.147852,32.707203],[-117.14785,32.707189],[-117.147849,32.707175],[-117.147847,32.707162],[-117.147845,32.707148],[-117.147843,32.707134],[-117.147842,32.707121],[-117.14784,32.707107],[-117.147838,32.707093],[-117.147836,32.70708],[-117.147835,32.707066],[-117.147833,32.707052],[-117.147831,32.707039],[-117.147829,32.707025],[-117.147828,32.707011],[-117.147826,32.706998],[-117.147824,32.706984],[-117.147822,32.70697],[-117.147821,32.706957],[-117.147819,32.706943],[-117.147817,32.706929],[-117.147815,32.706916],[-117.147814,32.706902],[-117.147812,32.706888],[-117.14781,32.706875],[-117.147808,32.706861],[-117.147807,32.706847],[-117.147805,32.706834],[-117.147803,32.70682],[-117.147801,32.706806],[-117.147799,32.706793],[-117.14773,32.706469]]]},"properties":{"block_id":"I-5_SB_ON_RA_Map_Border","neighborhood":"South East Village","total_reports":115,"latest_year":"2025","latest_year_reports":11,"reports_by_year":{"2018":0,"2019":0,"2020":2,"2021":13,"2022":9,"2023":48,"2024":32,"2025":11},"reports_by_month":{"2020-08":1,"2020-11":1,"2021-01":1,"2021-02":1,"2021-04":1,"2021-05":1,"2021-07":1,"2021-08":2,"2021-09":1,"2021-10":4,"2021-12":1,"2022-01":1,"2022-02":1,"2022-03":1,"2022-04":1,"2022-06":1,"2022-08":1,"2022-10":2,"2022-12":1,"2023-02":2,"2023-05":4,"2023-06":2,"2023-07":5,"2023-08":15,"2023-09":5,"2023-10":15,"2024-01":2,"2024-02":3,"2024-03":3,"2024-04":5,"2024-05":2,"2024-06":6,"2024-07":3,"2024-08":2,"2024-09":1,"2024-10":3,"2024-11":2,"2025-01":1,"2025-02":3,"2025-03":2,"2025-07":1,"2025-08":1,"2025-09":3},"latest_month":"2025-09"}},{"type":"Feature","geometry":{"type":"Polygon","coordinates":[[[-117.148549,32.710455],[-117.148552,32.709411],[-117.149452,32.70941],[-117.149446,32.710449],[-117.148549,32.710455]]]},"properties":{"block_id":"17TH_ST_ISLAND_AV","neighborhood":"South East Village","total_reports":628,"latest_year":"2025","latest_year_reports":25,"reports_by_year":{"2018":13,"2019":4,"2020":75,"2021":129,"2022":99,"2023":159,"2024":124,"2025":25},"reports_by_month":{"2018-09":4,"2018-10":5,"2018-11":1,"2018-12":3,"2019-01":3,"2019-08":1,"2020-02":3,"2020-05":1,"2020-06":4,"2020-07":18,"2020-08":9,"2020-09":7,"2020-10":2,"2020-11":10,"2020-12":21,"2021-01":23,"2021-02":26,"2021-03":27,"2021-04":9,"2021-05":11,"2021-06":7,"2021-07":7,"2021-08":5,"2021-09":3,"2021-10":3,"2021-11":2,"2021-12":6,"2022-01":14,"2022-02":10,"2022-03":6,"2022-04":14,"2022-05":4,"2022-06":2,"2022-07":5,"2022-08":5,"2022-10":4,"2022-11":11,"2022-12":24,"2023-01":19,"2023-02":8,"2023-03":2,"2023-04":2,"2023-05":3,"2023-06":11,"2023-07":17,"2023-08":33,"2023-09":21,"2023-10":19,"2023-11":3,"2023-12":21,"2024-01":39,"2024-02":39,"2024-03":15,"2024-04":3,"2024-05":4,"2024-06":2,"2024-07":2,"2024-08":5,"2024-09":3,"2024-10":12,"2025-01":2,"2025-02":1,"2025-03":4,"2025-04":4,"2025-05":7,"2025-07":4,"2025-08":1,"2025-09":2},"latest_month":"2025-09"}},{"type":"Feature","geometry":{"type":"Polygon","coordinates":[[[-117.148577,32.715763],[-117.148588,32.716815],[-117.148217,32.716812],[-117.148129,32.716401],[-117.148067,32.716132],[-117.148024,32.715853],[-117.14802,32.715841],[-117.148016,32.715828],[-117.148012,32.715814],[-117.148008,32.715801],[-117.148004,32.715788],[-117.148001,32.715774],[-117.147999,32.715767],[-117.148314,32.715765],[-117.148577,32.715763]]]},"properties":{"block_id":"I-5_SB_ON_RA_C_ST","neighborhood":"East Village","total_reports":330,"latest_year":"2025","latest_year_reports":44,"reports_by_year":{"2018":0,"2019":0,"2020":6,"2021":16,"2022":11,"2023":17,"2024":236,"2025":44},"reports_by_month":{"2020-05":2,"2020-06":2,"2020-07":1,"2020-08":1,"2021-04":2,"2021-05":1,"2021-06":4,"2021-08":4,"2021-09":2,"2021-10":1,"2021-11":2,"2022-01":5,"2022-02":4,"2022-08":1,"2022-12":1,"2023-01":1,"2023-02":1,"2023-03":1,"2023-04":1,"2023-05":1,"2023-08":3,"2023-10":2,"2023-12":7,"2024-01":1,"2024-02":5,"2024-03":10,"2024-04":92,"2024-05":12,"2024-06":26,"2024-07":24,"2024-08":30,"2024-09":17,"2024-10":4,"2024-11":12,"2024-12":3,"2025-01":5,"2025-02":6,"2025-03":3,"2025-04":5,"2025-05":3,"2025-06":13,"2025-07":8,"2025-09":1},"latest_month":"2025-09"}},{"type":"Feature","geometry":{"type":"Polygon","coordinates":[[[-117.148588,32.716815],[-117.148577,32.715763],[-117.149488,32.715756],[-117.149492,32.716817],[-117.148588,32.716815]]]},"properties":{"block_id":"17TH_ST_C_ST","neighborhood":"East Village","total_reports":38,"latest_year":"2025","latest_year_reports":8,"reports_by_year":{"2018":0,"2019":0,"2020":0,"2021":3,"2022":2,"2023":4,"2024":21,"2025":8},"reports_by_month":{"2021-06":1,"2021-07":1,"2021-08":1,"2022-02":1,"2022-08":1,"2023-02":3,"2023-12":1,"2024-01":1,"2024-02":1,"2024-04":3,"2024-05":1,"2024-06":4,"2024-07":4,"2024-08":5,"2024-09":1,"2024-12":1,"2025-01":4,"2025-02":1,"2025-03":1,"2025-07":2},"latest_month":"2025-09"}},{"type":"Feature","geometry":{"type":"Polygon","coordinates":[[[-117.151969,32.716414],[-117.151972,32.716793],[-117.150418,32.716807],[-117.150413,32.716285],[-117.150408,32.715752],[-117.151965,32.715743],[-117.151969,32.716414]]]},"properties":{"block_id":"15TH_ST_C_ST","neighborhood":"East Village","total_reports":20,"latest_year":"2025","latest_year_reports":4,"reports_by_year":{"2018":0,"2019":0,"2020":1,"2021":0,"2022":1,"2023":9,"2024":5,"2025":4},"reports_by_month":{"2020-09":1,"2022-09":1,"2023-04":1,"2023-06":1,"2023-08":1,"2023-09":1,"2023-11":2,"2023-12":3,"2024-04":1,"2024-05":1,"2024-07":2,"2024-12":1,"2025-01":1,"2025-04":1,"2025-05":1,"2025-06":1},"latest_month":"2025-09"}},{"type":"Feature","geometry":{"type":"Polygon","coordinates":[[[-117.151972,32.716793],[-117.151969,32.716414],[-117.151965,32.715743],[-117.152869,32.71574],[-117.152872,32.716405],[-117.152873,32.716784],[-117.151972,32.716793]]]},"properties":{"block_id":"14TH_ST_C_ST","neighborhood":"East Village","total_reports":384,"latest_year":"2025","latest_year_reports":10,"reports_by_year":{"2018":1,"2019":1,"2020":42,"2021":17,"2022":40,"2023":216,"2024":57,"2025":10},"reports_by_month":{"2018-09":1,"2019-12":1,"2020-02":1,"2020-03":1,"2020-04":3,"2020-05":2,"2020-06":1,"2020-07":11,"2020-08":14,"2020-09":6,"2020-10":3,"2021-01":2,"2021-02":2,"2021-03":1,"2021-04":1,"2021-05":4,"2021-07":1,"2021-08":1,"2021-10":4,"2021-11":1,"2022-01":7,"2022-02":3,"2022-05":1,"2022-06":1,"2022-07":5,"2022-08":2,"2022-10":8,"2022-11":9,"2022-12":4,"2023-01":3,"2023-02":5,"2023-03":6,"2023-04":20,"2023-05":14,"2023-06":7,"2023-07":21,"2023-08":49,"2023-09":25,"2023-10":12,"2023-11":47,"2023-12":7,"2024-01":7,"2024-02":4,"2024-03":12,"2024-04":1,"2024-05":1,"2024-06":11,"2024-07":7,"2024-08":7,"2024-09":2,"2024-10":2,"2024-12":3,"2025-01":1,"2025-02":1,"2025-04":1,"2025-05":1,"2025-06":4,"2025-07":1,"2025-09":1},"latest_month":"2025-09"}},{"type":"Feature","geometry":{"type":"Polygon","coordinates":[[[-117.152873,32.716784],[-117.152872,32.716405],[-117.152869,32.71574],[-117.153786,32.715733],[-117.153793,32.716774],[-117.152873,32.716784]]]},"properties":{"block_id":"13TH_ST_C_ST","neighborhood":"East Village","total_reports":456,"latest_year":"2025","latest_year_reports":4,"reports_by_year":{"2018":1,"2019":2,"2020":86,"2021":6,"2022":47,"2023":274,"2024":36,"2025":4},"reports_by_month":{"2018-12":1,"2019-01":1,"2019-12":1,"2020-01":1,"2020-02":5,"2020-03":2,"2020-06":18,"2020-07":31,"2020-08":22,"2020-09":6,"2020-10":1,"2021-01":1,"2021-02":2,"2021-04":1,"2021-11":2,"2022-01":1,"2022-04":1,"2022-07":2,"2022-08":1,"2022-09":13,"2022-10":17,"2022-11":11,"2022-12":1,"2023-01":7,"2023-02":15,"2023-03":63,"2023-04":63,"2023-05":31,"2023-06":28,"2023-07":1,"2023-08":5,"2023-09":12,"2023-10":24,"2023-11":16,"2023-12":9,"2024-01":18,"2024-02":4,"2024-03":2,"2024-04":1,"2024-06":5,"2024-11":4,"2024-12":2,"2025-01":2,"2025-07":1,"2025-09":1},"latest_month":"2025-09"}},{"type":"Feature","geometry":{"type":"Polygon","coordinates":[[[-117.149492,32.716817],[-117.149488,32.715756],[-117.150408,32.715752],[-117.150413,32.716285],[-117.150418,32.716807],[-117.149492,32.716817]]]},"properties":{"block_id":"16TH_ST_C_ST","neighborhood":"East Village","total_reports":7,"latest_year":"2025","latest_year_reports":1,"reports_by_year":{"2018":0,"2019":0,"2020":0,"2021":0,"2022":0,"2023":0,"2024":6,"2025":1},"reports_by_month":{"2024-06":3,"2024-07":2,"2024-11":1,"2025-09":1},"latest_month":"2025-09"}},{"type":"Feature","geometry":{"type":"Polygon","coordinates":[[[-117.149488,32.715756],[-117.148577,32.715763],[-117.14857,32.714702],[-117.14948,32.714717],[-117.149488,32.715756]]]},"properties":{"block_id":"17TH_ST_BROADWAY","neighborhood":"East Village","total_reports":40,"latest_year":"2025","latest_year_reports":6,"reports_by_year":{"2018":0,"2019":1,"2020":4,"2021":4,"2022":1,"2023":8,"2024":16,"2025":6},"reports_by_month":{"2019-04":1,"2020-04":1,"2020-06":2,"2020-08":1,"2021-03":1,"2021-06":1,"2021-07":2,"2022-01":1,"2023-02":2,"2023-04":2,"2023-05":2,"2023-11":1,"2023-12":1,"2024-04":4,"2024-05":1,"2024-06":1,"2024-07":3,"2024-08":2,"2024-09":2,"2024-10":1,"2024-11":2,"2025-01":2,"2025-02":1,"2025-04":1,"2025-05":1,"2025-07":1},"latest_month":"2025-09"}},{"type":"Feature","geometry":{"type":"Polygon","coordinates":[[[-117.150408,32.715752],[-117.149488,32.715756],[-117.14948,32.714717],[-117.1504,32.714713],[-117.150408,32.715752]]]},"properties":{"block_id":"16TH_ST_BROADWAY","neighborhood":"East Village","total_reports":8,"latest_year":"2025","latest_year_reports":1,"reports_by_year":{"2018":0,"2019":1,"2020":1,"2021":0,"2022":1,"2023":3,"2024":1,"2025":1},"reports_by_month":{"2019-08":1,"2020-01":1,"2022-08":1,"2023-03":1,"2023-10":1,"2023-12":1,"2024-11":1,"2025-08":1},"latest_month":"2025-09"}},{"type":"Feature","geometry":{"type":"Polygon","coordinates":[[[-117.153786,32.715733],[-117.152869,32.71574],[-117.152865,32.714703],[-117.153778,32.714699],[-117.153786,32.715733]]]},"properties":{"block_id":"13TH_ST_BROADWAY","neighborhood":"East Village","total_reports":1968,"latest_year":"2025","latest_year_reports":27,"reports_by_year":{"2018":0,"2019":0,"2020":121,"2021":50,"2022":141,"2023":1281,"2024":348,"2025":27},"reports_by_month":{"2020-03":2,"2020-05":8,"2020-06":39,"2020-07":35,"2020-08":22,"2020-09":5,"2020-10":7,"2020-11":1,"2020-12":2,"2021-01":6,"2021-02":1,"2021-03":16,"2021-04":9,"2021-06":3,"2021-07":4,"2021-08":1,"2021-09":1,"2021-10":1,"2021-11":6,"2021-12":2,"2022-01":1,"2022-06":2,"2022-07":4,"2022-08":1,"2022-09":17,"2022-10":44,"2022-11":29,"2022-12":43,"2023-01":29,"2023-02":28,"2023-03":78,"2023-04":56,"2023-05":183,"2023-06":147,"2023-07":93,"2023-08":165,"2023-09":72,"2023-10":144,"2023-11":178,"2023-12":108,"2024-01":214,"2024-02":38,"2024-03":10,"2024-04":21,"2024-05":6,"2024-06":10,"2024-07":9,"2024-08":23,"2024-09":9,"2024-10":4,"2024-11":1,"2024-12":3,"2025-04":5,"2025-05":3,"2025-06":3,"2025-07":6,"2025-09":10},"latest_month":"2025-09"}},{"type":"Feature","geometry":{"type":"Polygon","coordinates":[[[-117.152869,32.71574],[-117.151965,32.715743],[-117.151958,32.714707],[-117.152865,32.714703],[-117.152869,32.71574]]]},"properties":{"block_id":"14TH_ST_BROADWAY","neighborhood":"East Village","total_reports":309,"latest_year":"2025","latest_year_reports":1,"reports_by_year":{"2018":0,"2019":2,"2020":13,"2021":8,"2022":18,"2023":161,"2024":106,"2025":1},"reports_by_month":{"2019-06":1,"2019-09":1,"2020-06":8,"2020-07":2,"2020-08":3,"2021-03":2,"2021-04":2,"2021-06":2,"2021-07":2,"2022-03":1,"2022-06":1,"2022-07":1,"2022-10":5,"2022-11":7,"2022-12":3,"2023-01":2,"2023-02":1,"2023-04":2,"2023-05":4,"2023-06":2,"2023-07":4,"2023-08":60,"2023-09":10,"2023-10":11,"2023-11":41,"2023-12":24,"2024-01":38,"2024-02":13,"2024-03":17,"2024-04":24,"2024-05":3,"2024-06":3,"2024-07":1,"2024-08":4,"2024-10":2,"2024-12":1,"2025-06":1},"latest_month":"2025-09"}},{"type":"Feature","geometry":{"type":"Polygon","coordinates":[[[-117.151958,32.714707],[-117.151965,32.715743],[-117.150408,32.715752],[-117.1504,32.714713],[-117.151958,32.714707]]]},"properties":{"block_id":"15TH_ST_BROADWAY","neighborhood":"East Village","total_reports":107,"latest_year":"2025","latest_year_reports":1,"reports_by_year":{"2018":0,"2019":1,"2020":2,"2021":0,"2022":0,"2023":11,"2024":92,"2025":1},"reports_by_month":{"2019-01":1,"2020-03":1,"2020-05":1,"2023-01":1,"2023-02":2,"2023-03":1,"2023-04":1,"2023-05":1,"2023-09":1,"2023-10":1,"2023-11":2,"2023-12":1,"2024-01":12,"2024-02":8,"2024-03":10,"2024-04":32,"2024-05":20,"2024-06":4,"2024-07":3,"2024-08":1,"2024-10":1,"2024-12":1,"2025-05":1},"latest_month":"2025-09"}},{"type":"Feature","geometry":{"type":"Polygon","coordinates":[[[-117.14757,32.705235],[-117.14773,32.705235],[-117.148212,32.705236],[-117.148532,32.705236],[-117.148523,32.706267],[-117.14773,32.706273],[-117.14773,32.706269],[-117.147729,32.706255],[-117.147728,32.706241],[-117.147728,32.706228],[-117.147727,32.706214],[-117.147726,32.7062],[-117.147726,32.706186],[-117.147725,32.706173],[-117.147724,32.706159],[-117.147723,32.706145],[-117.147722,32.706132],[-117.147721,32.706118],[-117.14772,32.706104],[-117.147719,32.70609],[-117.147718,32.706077],[-117.147717,32.706063],[-117.147716,32.706049],[-117.147714,32.706036],[-117.147713,32.706022],[-117.147712,32.706008],[-117.147711,32.705995],[-117.147709,32.705981],[-117.147708,32.705967],[-117.147706,32.705953],[-117.147705,32.70594],[-117.147703,32.705926],[-117.147702,32.705912],[-117.1477,32.705899],[-117.147698,32.705885],[-117.147697,32.705871],[-117.147695,32.705858],[-117.147693,32.705844],[-117.147691,32.70583],[-117.147689,32.705817],[-117.147687,32.705803],[-117.147685,32.70579],[-117.147683,32.705776],[-117.147681,32.705762],[-117.147679,32.705749],[-117.147677,32.705735],[-117.147675,32.705721],[-117.147673,32.705708],[-117.14767,32.705694],[-117.147668,32.705681],[-117.147666,32.705667],[-117.147663,32.705653],[-117.147661,32.70564],[-117.147659,32.705626],[-117.147656,32.705613],[-117.147654,32.705599],[-117.147651,32.705585],[-117.147648,32.705572],[-117.147646,32.705558],[-117.147643,32.705545],[-117.14764,32.705531],[-117.147637,32.705518],[-117.147635,32.705504],[-117.147632,32.705491],[-117.147629,32.705477],[-117.147626,32.705464],[-117.147623,32.70545],[-117.14762,32.705437],[-117.147617,32.705423],[-117.147614,32.70541],[-117.147611,32.705396],[-117.147607,32.705383],[-117.147604,32.705369],[-117.147601,32.705356],[-117.147598,32.705342],[-117.147594,32.705329],[-117.147591,32.705315],[-117.147587,32.705302],[-117.147584,32.705289],[-117.14758,32.705275],[-117.147577,32.705262],[-117.147573,32.705248],[-117.14757,32.705236],[-117.14757,32.705235]]]},"properties":{"block_id":"I-5_SB_IMPERIAL_AV","neighborhood":"South East Village","total_reports":124,"latest_year":"2025","latest_year_reports":5,"reports_by_year":{"2018":0,"2019":0,"2020":0,"2021":26,"2022":16,"2023":74,"2024":3,"2025":5},"reports_by_month":{"2021-04":3,"2021-06":3,"2021-07":6,"2021-08":5,"2021-09":5,"2021-10":2,"2021-11":1,"2021-12":1,"2022-02":2,"2022-04":2,"2022-05":1,"2022-06":4,"2022-07":1,"2022-08":2,"2022-09":1,"2022-10":1,"2022-11":1,"2022-12":1,"2023-01":4,"2023-02":3,"2023-03":1,"2023-04":2,"2023-05":6,"2023-06":6,"2023-07":13,"2023-08":12,"2023-09":12,"2023-10":15,"2024-03":1,"2024-04":1,"2024-11":1,"2025-01":2,"2025-02":1,"2025-08":2},"latest_month":"2025-09"}},{"type":"Feature","geometry":{"type":"Polygon","coordinates":[[[-117.148544,32.708367],[-117.148548,32.709056],[-117.148275,32.708462],[-117.148235,32.70836],[-117.148099,32.708021],[-117.1481,32.708007],[-117.148101,32.707993],[-117.148103,32.70798],[-117.148104,32.707966],[-117.148106,32.707952],[-117.148108,32.707939],[-117.148111,32.707925],[-117.148113,32.707912],[-117.148115,32.707898],[-117.148118,32.707884],[-117.148121,32.707871],[-117.148124,32.707857],[-117.148127,32.707844],[-117.148131,32.707831],[-117.148135,32.707817],[-117.148138,32.707804],[-117.148142,32.70779],[-117.148146,32.707777],[-117.148151,32.707764],[-117.148155,32.707751],[-117.14816,32.707737],[-117.148164,32.707724],[-117.148169,32.707711],[-117.148174,32.707698],[-117.14818,32.707685],[-117.148185,32.707672],[-117.148191,32.707659],[-117.148196,32.707647],[-117.148198,32.707644],[-117.148202,32.707634],[-117.148208,32.707621],[-117.148215,32.707608],[-117.148221,32.707596],[-117.148228,32.707583],[-117.148234,32.707571],[-117.148241,32.707558],[-117.148248,32.707546],[-117.148255,32.707533],[-117.148263,32.707521],[-117.14827,32.707509],[-117.148278,32.707497],[-117.148286,32.707485],[-117.148294,32.707473],[-117.148298,32.707467],[-117.148305,32.707455],[-117.148313,32.707443],[-117.148321,32.70743],[-117.148328,32.707418],[-117.148335,32.707406],[-117.148342,32.707394],[-117.148349,32.707381],[-117.148356,32.707369],[-117.148363,32.707356],[-117.148369,32.707344],[-117.148376,32.707331],[-117.148382,32.707318],[-117.148388,32.707306],[-117.148395,32.707293],[-117.148401,32.70728],[-117.148406,32.707267],[-117.148412,32.707254],[-117.148418,32.707242],[-117.148423,32.707229],[-117.148429,32.707216],[-117.148434,32.707203],[-117.148439,32.70719],[-117.148444,32.707177],[-117.148449,32.707163],[-117.148453,32.70715],[-117.148458,32.707137],[-117.148462,32.707124],[-117.148467,32.707111],[-117.148471,32.707097],[-117.148475,32.707084],[-117.148479,32.707071],[-117.148483,32.707057],[-117.148486,32.707044],[-117.14849,32.70703],[-117.148493,32.707017],[-117.148496,32.707004],[-117.148499,32.70699],[-117.148502,32.706977],[-117.148505,32.706963],[-117.148508,32.706949],[-117.14851,32.706936],[-117.148513,32.706922],[-117.148515,32.706909],[-117.148517,32.706895],[-117.148519,32.706881],[-117.148521,32.706868],[-117.148523,32.706854],[-117.148525,32.70684],[-117.148526,32.706827],[-117.148528,32.706813],[-117.148529,32.706799],[-117.14853,32.706786],[-117.148531,32.706772],[-117.148532,32.706758],[-117.148532,32.706745],[-117.148533,32.706731],[-117.148533,32.70672],[-117.148533,32.706717],[-117.148533,32.706703],[-117.148533,32.706671],[-117.148547,32.707319],[-117.148546,32.707641],[-117.148544,32.708367]]]},"properties":{"block_id":"I-5_SB_OFF_RA_Map_Border","neighborhood":"South East Village","total_reports":300,"latest_year":"2025","latest_year_reports":22,"reports_by_year":{"2018":1,"2019":0,"2020":8,"2021":23,"2022":35,"2023":143,"2024":68,"2025":22},"reports_by_month":{"2018-09":1,"2020-02":1,"2020-04":1,"2020-05":1,"2020-09":1,"2020-11":2,"2020-12":2,"2021-01":2,"2021-02":1,"2021-05":2,"2021-06":3,"2021-07":3,"2021-08":3,"2021-09":1,"2021-10":4,"2021-11":1,"2021-12":3,"2022-01":3,"2022-02":1,"2022-03":5,"2022-04":10,"2022-06":3,"2022-07":2,"2022-09":2,"2022-10":2,"2022-11":3,"2022-12":4,"2023-01":3,"2023-02":1,"2023-03":1,"2023-04":1,"2023-05":17,"2023-06":17,"2023-07":7,"2023-08":31,"2023-09":33,"2023-10":13,"2023-11":10,"2023-12":9,"2024-01":3,"2024-02":8,"2024-03":20,"2024-04":10,"2024-05":9,"2024-06":5,"2024-07":1,"2024-08":3,"2024-09":6,"2024-10":2,"2024-11":1,"2025-01":6,"2025-03":3,"2025-05":3,"2025-06":2,"2025-08":4,"2025-09":4},"latest_month":"2025-09"}},{"type":"Feature","geometry":{"type":"Polygon","coordinates":[[[-117.147734,32.711533],[-117.14855,32.711533],[-117.148545,32.712632],[-117.148416,32.712644],[-117.147909,32.712728],[-117.147735,32.71166],[-117.147734,32.711534],[-117.147734,32.711533]]]},"properties":{"block_id":"I-5_SB_ON_RA_G_ST","neighborhood":"East Village","total_reports":285,"latest_year":"2025","latest_year_reports":23,"reports_by_year":{"2018":1,"2019":1,"2020":39,"2021":69,"2022":18,"2023":57,"2024":77,"2025":23},"reports_by_month":{"2018-12":1,"2019-05":1,"2020-03":1,"2020-05":1,"2020-07":1,"2020-08":10,"2020-09":8,"2020-10":9,"2020-12":9,"2021-01":6,"2021-02":11,"2021-03":13,"2021-04":4,"2021-06":6,"2021-07":11,"2021-08":2,"2021-09":6,"2021-10":4,"2021-11":6,"2022-01":2,"2022-03":3,"2022-06":4,"2022-07":1,"2022-08":2,"2022-09":1,"2022-10":4,"2022-12":1,"2023-01":3,"2023-02":1,"2023-03":1,"2023-04":4,"2023-05":2,"2023-06":7,"2023-07":10,"2023-08":16,"2023-09":7,"2023-10":1,"2023-11":4,"2023-12":1,"2024-01":10,"2024-02":26,"2024-03":10,"2024-04":1,"2024-05":5,"2024-06":4,"2024-07":1,"2024-08":3,"2024-10":9,"2024-11":5,"2024-12":3,"2025-01":4,"2025-02":2,"2025-03":3,"2025-05":5,"2025-06":2,"2025-07":5,"2025-08":1,"2025-09":1},"latest_month":"2025-09"}},{"type":"Feature","geometry":{"type":"Polygon","coordinates":[[[-117.148491,32.713683],[-117.148493,32.714111],[-117.148495,32.714576],[-117.148495,32.714577],[-117.148495,32.714579],[-117.148495,32.71458],[-117.148495,32.714581],[-117.148495,32.714583],[-117.148495,32.714584],[-117.148495,32.714585],[-117.148495,32.714585],[-117.148495,32.714587],[-117.148495,32.714588],[-117.148495,32.71459],[-117.148495,32.714591],[-117.148496,32.714592],[-117.148496,32.714594],[-117.148496,32.714595],[-117.148496,32.714596],[-117.148496,32.714598],[-117.148497,32.714599],[-117.148497,32.7146],[-117.148497,32.714602],[-117.148497,32.714603],[-117.148498,32.714605],[-117.148498,32.714606],[-117.148498,32.714607],[-117.148499,32.714609],[-117.148499,32.71461],[-117.148499,32.714611],[-117.1485,32.714613],[-117.1485,32.714614],[-117.148501,32.714615],[-117.148501,32.714617],[-117.148501,32.714618],[-117.148502,32.714619],[-117.148502,32.714621],[-117.148503,32.714622],[-117.148503,32.714623],[-117.148504,32.714624],[-117.148504,32.714626],[-117.148505,32.714627],[-117.148505,32.714628],[-117.148506,32.71463],[-117.148507,32.714631],[-117.148507,32.714632],[-117.148508,32.714634],[-117.148508,32.714635],[-117.148509,32.714636],[-117.14851,32.714637],[-117.14851,32.714639],[-117.148511,32.71464],[-117.148512,32.714641],[-117.148512,32.714642],[-117.148513,32.714644],[-117.148514,32.714645],[-117.148514,32.714646],[-117.148515,32.714647],[-117.148516,32.714649],[-117.148516,32.714649],[-117.148517,32.71465],[-117.148517,32.714651],[-117.148518,32.714652],[-117.148519,32.714653],[-117.14852,32.714655],[-117.148521,32.714656],[-117.148521,32.714657],[-117.148522,32.714658],[-117.148523,32.714659],[-117.148524,32.71466],[-117.148525,32.714662],[-117.148526,32.714663],[-117.148527,32.714664],[-117.148528,32.714665],[-117.148529,32.714666],[-117.14853,32.714667],[-117.14853,32.714668],[-117.14853,32.714668],[-117.148531,32.714669],[-117.148532,32.714671],[-117.148533,32.714672],[-117.148534,32.714673],[-117.148535,32.714674],[-117.148536,32.714675],[-117.148537,32.714676],[-117.148537,32.714676],[-117.148539,32.714677],[-117.14854,32.714678],[-117.148541,32.714679],[-117.148542,32.71468],[-117.148543,32.714681],[-117.148544,32.714682],[-117.148545,32.714683],[-117.148546,32.714684],[-117.148547,32.714685],[-117.148548,32.714686],[-117.14855,32.714687],[-117.148551,32.714688],[-117.148552,32.714689],[-117.148553,32.71469],[-117.148554,32.714691],[-117.148555,32.714692],[-117.148557,32.714693],[-117.148558,32.714694],[-117.148559,32.714695],[-117.14856,32.714695],[-117.148562,32.714696],[-117.148563,32.714697],[-117.148564,32.714698],[-117.148565,32.714699],[-117.148567,32.7147],[-117.148568,32.714701],[-117.148569,32.714701],[-117.14857,32.714702],[-117.148563,32.714701],[-117.148547,32.714699],[-117.148531,32.714696],[-117.148515,32.714692],[-117.1485,32.714688],[-117.148484,32.714683],[-117.148469,32.714678],[-117.148455,32.714672],[-117.14844,32.714666],[-117.148426,32.714659],[-117.148412,32.714651],[-117.148399,32.714644],[-117.148386,32.714635],[-117.148374,32.714626],[-117.148266,32.714553],[-117.14819,32.714452],[-117.148026,32.713683],[-117.148491,32.713683]]]},"properties":{"block_id":"I-5_SB_ON_RA_E_ST","neighborhood":"East Village","total_reports":41,"latest_year":"2025","latest_year_reports":3,"reports_by_year":{"2018":0,"2019":0,"2020":7,"2021":13,"2022":2,"2023":3,"2024":13,"2025":3},"reports_by_month":{"2020-04":1,"2020-07":1,"2020-08":1,"2020-09":2,"2020-10":1,"2020-11":1,"2021-01":1,"2021-02":2,"2021-03":2,"2021-04":2,"2021-07":3,"2021-08":1,"2021-10":1,"2021-11":1,"2022-02":1,"2022-06":1,"2023-04":1,"2023-09":1,"2023-12":1,"2024-01":2,"2024-02":4,"2024-03":2,"2024-05":1,"2024-06":3,"2024-09":1,"2025-01":1,"2025-04":1,"2025-06":1},"latest_month":"2025-09"}},{"type":"Feature","geometry":{"type":"Polygon","coordinates":[[[-117.148493,32.714111],[-117.148491,32.713683],[-117.148556,32.713682],[-117.149473,32.713675],[-117.149475,32.714184],[-117.14948,32.714717],[-117.14857,32.714702],[-117.148569,32.714701],[-117.148568,32.714701],[-117.148567,32.7147],[-117.148565,32.714699],[-117.148564,32.714698],[-117.148563,32.714697],[-117.148562,32.714696],[-117.14856,32.714695],[-117.148559,32.714695],[-117.148558,32.714694],[-117.148557,32.714693],[-117.148555,32.714692],[-117.148554,32.714691],[-117.148553,32.71469],[-117.148552,32.714689],[-117.148551,32.714688],[-117.14855,32.714687],[-117.148548,32.714686],[-117.148547,32.714685],[-117.148546,32.714684],[-117.148545,32.714683],[-117.148544,32.714682],[-117.148543,32.714681],[-117.148542,32.71468],[-117.148541,32.714679],[-117.14854,32.714678],[-117.148539,32.714677],[-117.148537,32.714676],[-117.148537,32.714676],[-117.148536,32.714675],[-117.148535,32.714674],[-117.148534,32.714673],[-117.148533,32.714672],[-117.148532,32.714671],[-117.148531,32.714669],[-117.14853,32.714668],[-117.14853,32.714668],[-117.14853,32.714667],[-117.148529,32.714666],[-117.148528,32.714665],[-117.148527,32.714664],[-117.148526,32.714663],[-117.148525,32.714662],[-117.148524,32.71466],[-117.148523,32.714659],[-117.148522,32.714658],[-117.148521,32.714657],[-117.148521,32.714656],[-117.14852,32.714655],[-117.148519,32.714653],[-117.148518,32.714652],[-117.148517,32.714651],[-117.148517,32.71465],[-117.148516,32.714649],[-117.148516,32.714649],[-117.148515,32.714647],[-117.148514,32.714646],[-117.148514,32.714645],[-117.148513,32.714644],[-117.148512,32.714642],[-117.148512,32.714641],[-117.148511,32.71464],[-117.14851,32.714639],[-117.14851,32.714637],[-117.148509,32.714636],[-117.148508,32.714635],[-117.148508,32.714634],[-117.148507,32.714632],[-117.148507,32.714631],[-117.148506,32.71463],[-117.148505,32.714628],[-117.148505,32.714627],[-117.148504,32.714626],[-117.148504,32.714624],[-117.148503,32.714623],[-117.148503,32.714622],[-117.148502,32.714621],[-117.148502,32.714619],[-117.148501,32.714618],[-117.148501,32.714617],[-117.148501,32.714615],[-117.1485,32.714614],[-117.1485,32.714613],[-117.148499,32.714611],[-117.148499,32.71461],[-117.148499,32.714609],[-117.148498,32.714607],[-117.148498,32.714606],[-117.148498,32.714605],[-117.148497,32.714603],[-117.148497,32.714602],[-117.148497,32.7146],[-117.148497,32.714599],[-117.148496,32.714598],[-117.148496,32.714596],[-117.148496,32.714595],[-117.148496,32.714594],[-117.148496,32.714592],[-117.148495,32.714591],[-117.148495,32.71459],[-117.148495,32.714588],[-117.148495,32.714587],[-117.148495,32.714585],[-117.148495,32.714585],[-117.148495,32.714584],[-117.148495,32.714583],[-117.148495,32.714581],[-117.148495,32.71458],[-117.148495,32.714579],[-117.148495,32.714577],[-117.148495,32.714576],[-117.148493,32.714111]]]},"properties":{"block_id":"17TH_ST_E_ST","neighborhood":"East Village","total_reports":64,"latest_year":"2025","latest_year_reports":12,"reports_by_year":{"2018":0,"2019":1,"2020":1,"2021":11,"2022":18,"2023":9,"2024":12,"2025":12},"reports_by_month":{"2019-11":1,"2020-07":1,"2021-02":1,"2021-03":1,"2021-04":3,"2021-05":1,"2021-06":1,"2021-07":1,"2021-09":1,"2021-11":1,"2021-12":1,"2022-02":1,"2022-03":1,"2022-04":1,"2022-06":5,"2022-09":6,"2022-10":4,"2023-04":3,"2023-05":3,"2023-10":1,"2023-11":1,"2023-12":1,"2024-03":1,"2024-04":1,"2024-06":1,"2024-07":1,"2024-09":5,"2024-10":2,"2024-12":1,"2025-01":8,"2025-02":1,"2025-03":2,"2025-06":1},"latest_month":"2025-09"}},{"type":"Feature","geometry":{"type":"Polygon","coordinates":[[[-117.149432,32.705221],[-117.148532,32.705236],[-117.148527,32.704799],[-117.148524,32.704436],[-117.149211,32.704888],[-117.149213,32.704888],[-117.149227,32.704895],[-117.149241,32.704903],[-117.149254,32.70491],[-117.149267,32.704919],[-117.14928,32.704927],[-117.149292,32.704936],[-117.149304,32.704946],[-117.149315,32.704955],[-117.149327,32.704965],[-117.149337,32.704976],[-117.149347,32.704986],[-117.149357,32.704997],[-117.149366,32.705009],[-117.149375,32.70502],[-117.149383,32.705032],[-117.149391,32.705044],[-117.149398,32.705057],[-117.149399,32.70506],[-117.149405,32.705073],[-117.14941,32.705086],[-117.149415,32.705099],[-117.149419,32.705112],[-117.149422,32.705126],[-117.149425,32.705139],[-117.149428,32.705153],[-117.14943,32.705166],[-117.149431,32.70518],[-117.149432,32.705194],[-117.149432,32.705208],[-117.149432,32.705221]]]},"properties":{"block_id":"S_17TH_ST_COMMERCIAL_ST","neighborhood":"Barrio Logan","total_reports":152,"latest_year":"2025","latest_year_reports":10,"reports_by_year":{"2018":1,"2019":0,"2020":4,"2021":50,"2022":45,"2023":34,"2024":8,"2025":10},"reports_by_month":{"2018-10":1,"2020-07":1,"2020-10":1,"2020-11":2,"2021-01":3,"2021-02":5,"2021-03":2,"2021-04":6,"2021-05":8,"2021-06":7,"2021-07":4,"2021-11":2,"2021-12":13,"2022-01":6,"2022-02":3,"2022-03":6,"2022-04":1,"2022-05":1,"2022-06":5,"2022-07":9,"2022-08":9,"2022-09":1,"2022-10":2,"2022-11":1,"2022-12":1,"2023-01":4,"2023-02":3,"2023-03":2,"2023-04":5,"2023-05":2,"2023-06":5,"2023-07":9,"2023-08":2,"2023-09":2,"2024-02":1,"2024-03":1,"2024-07":3,"2024-08":1,"2024-10":2,"2025-02":2,"2025-05":2,"2025-07":5,"2025-09":1},"latest_month":"2025-09"}},{"type":"Feature","geometry":{"type":"Polygon","coordinates":[[[-117.148532,32.705236],[-117.149432,32.705221],[-117.14943,32.706269],[-117.148523,32.706267],[-117.148532,32.705236]]]},"properties":{"block_id":"17TH_ST_IMPERIAL_AV","neighborhood":"South East Village","total_reports":148,"latest_year":"2025","latest_year_reports":9,"reports_by_year":{"2018":0,"2019":1,"2020":6,"2021":10,"2022":17,"2023":98,"2024":7,"2025":9},"reports_by_month":{"2019-04":1,"2020-02":3,"2020-03":1,"2020-08":1,"2020-10":1,"2021-05":1,"2021-06":1,"2021-07":1,"2021-10":3,"2021-11":2,"2021-12":2,"2022-01":3,"2022-06":1,"2022-07":1,"2022-08":2,"2022-09":2,"2022-10":5,"2022-11":1,"2022-12":2,"2023-01":1,"2023-04":1,"2023-05":12,"2023-06":10,"2023-07":7,"2023-08":6,"2023-09":15,"2023-10":25,"2023-11":7,"2023-12":14,"2024-01":2,"2024-02":3,"2024-04":1,"2024-06":1,"2025-07":1,"2025-08":6,"2025-09":2},"latest_month":"2025-09"}},{"type":"Feature","geometry":{"type":"Polygon","coordinates":[[[-117.150379,32.712627],[-117.150384,32.71313],[-117.15039,32.713672],[-117.149473,32.713675],[-117.149465,32.712631],[-117.150379,32.712627]]]},"properties":{"block_id":"16TH_ST_F_ST","neighborhood":"East Village","total_reports":1284,"latest_year":"2025","latest_year_reports":29,"reports_by_year":{"2018":1,"2019":2,"2020":9,"2021":29,"2022":113,"2023":641,"2024":460,"2025":29},"reports_by_month":{"2018-10":1,"2019-08":1,"2019-11":1,"2020-01":1,"2020-06":1,"2020-07":3,"2020-08":1,"2020-09":1,"2020-11":1,"2020-12":1,"2021-01":14,"2021-02":2,"2021-03":2,"2021-05":4,"2021-06":1,"2021-08":1,"2021-10":2,"2021-11":3,"2022-01":7,"2022-02":9,"2022-03":9,"2022-04":6,"2022-05":5,"2022-06":6,"2022-07":5,"2022-08":18,"2022-09":12,"2022-10":14,"2022-11":9,"2022-12":13,"2023-01":20,"2023-02":26,"2023-03":67,"2023-04":38,"2023-05":48,"2023-06":85,"2023-07":3,"2023-08":4,"2023-09":21,"2023-10":41,"2023-11":20,"2023-12":268,"2024-01":224,"2024-02":148,"2024-03":27,"2024-04":14,"2024-05":3,"2024-06":6,"2024-07":10,"2024-08":3,"2024-09":6,"2024-10":15,"2024-11":3,"2024-12":1,"2025-01":3,"2025-02":2,"2025-03":5,"2025-04":3,"2025-05":5,"2025-06":6,"2025-07":2,"2025-08":2,"2025-09":1},"latest_month":"2025-09"}},{"type":"Feature","geometry":{"type":"Polygon","coordinates":[[[-117.150384,32.71313],[-117.150379,32.712627],[-117.151943,32.712618],[-117.15195,32.713663],[-117.15039,32.713672],[-117.150384,32.71313]]]},"properties":{"block_id":"15TH_ST_F_ST","neighborhood":"East Village","total_reports":281,"latest_year":"2025","latest_year_reports":17,"reports_by_year":{"2018":0,"2019":1,"2020":13,"2021":22,"2022":63,"2023":96,"2024":69,"2025":17},"reports_by_month":{"2019-06":1,"2020-01":3,"2020-03":2,"2020-04":6,"2020-10":1,"2020-11":1,"2021-01":18,"2021-04":1,"2021-07":1,"2021-09":1,"2021-11":1,"2022-04":1,"2022-06":8,"2022-07":7,"2022-08":5,"2022-09":3,"2022-10":8,"2022-11":13,"2022-12":18,"2023-01":9,"2023-02":11,"2023-03":19,"2023-04":14,"2023-05":16,"2023-06":5,"2023-09":1,"2023-10":8,"2023-11":9,"2023-12":4,"2024-01":6,"2024-02":3,"2024-03":2,"2024-04":13,"2024-05":4,"2024-06":13,"2024-07":16,"2024-08":3,"2024-09":1,"2024-10":5,"2024-11":1,"2024-12":2,"2025-02":1,"2025-03":8,"2025-04":3,"2025-06":1,"2025-07":1,"2025-08":2,"2025-09":1},"latest_month":"2025-09"}},{"type":"Feature","geometry":{"type":"Polygon","coordinates":[[[-117.149473,32.713675],[-117.148556,32.713682],[-117.148545,32.712632],[-117.149465,32.712631],[-117.149473,32.713675]]]},"properties":{"block_id":"17TH_ST_F_ST","neighborhood":"East Village","total_reports":353,"latest_year":"2025","latest_year_reports":25,"reports_by_year":{"2018":0,"2019":1,"2020":3,"2021":5,"2022":25,"2023":75,"2024":219,"2025":25},"reports_by_month":{"2019-12":1,"2020-05":1,"2020-08":1,"2020-12":1,"2021-01":2,"2021-02":1,"2021-09":1,"2021-12":1,"2022-02":2,"2022-03":1,"2022-04":6,"2022-06":4,"2022-07":2,"2022-08":2,"2022-09":4,"2022-10":2,"2022-11":1,"2022-12":1,"2023-01":1,"2023-02":1,"2023-04":2,"2023-05":13,"2023-06":8,"2023-09":2,"2023-10":7,"2023-11":6,"2023-12":35,"2024-01":114,"2024-02":81,"2024-03":2,"2024-05":3,"2024-06":4,"2024-09":9,"2024-10":2,"2024-11":4,"2025-01":5,"2025-02":2,"2025-03":2,"2025-04":3,"2025-05":1,"2025-06":1,"2025-07":4,"2025-08":4,"2025-09":3},"latest_month":"2025-09"}},{"type":"Feature","geometry":{"type":"Polygon","coordinates":[[[-117.15286,32.713659],[-117.152865,32.714703],[-117.151958,32.714707],[-117.15195,32.713663],[-117.15286,32.713659]]]},"properties":{"block_id":"14TH_ST_E_ST","neighborhood":"East Village","total_reports":708,"latest_year":"2025","latest_year_reports":10,"reports_by_year":{"2018":0,"2019":0,"2020":34,"2021":11,"2022":7,"2023":33,"2024":613,"2025":10},"reports_by_month":{"2020-01":1,"2020-06":8,"2020-07":6,"2020-08":4,"2020-09":4,"2020-10":2,"2020-11":2,"2020-12":7,"2021-01":8,"2021-03":1,"2021-04":1,"2021-12":1,"2022-02":1,"2022-03":2,"2022-10":2,"2022-12":2,"2023-04":1,"2023-05":1,"2023-07":4,"2023-08":9,"2023-10":3,"2023-11":7,"2023-12":8,"2024-01":30,"2024-02":27,"2024-03":7,"2024-04":66,"2024-05":249,"2024-06":68,"2024-07":79,"2024-08":31,"2024-09":27,"2024-10":26,"2024-11":3,"2025-01":8,"2025-02":1,"2025-03":1},"latest_month":"2025-09"}},{"type":"Feature","geometry":{"type":"Polygon","coordinates":[[[-117.152865,32.714703],[-117.15286,32.713659],[-117.153771,32.713652],[-117.153778,32.714699],[-117.152865,32.714703]]]},"properties":{"block_id":"13TH_ST_E_ST","neighborhood":"East Village","total_reports":196,"latest_year":"2025","latest_year_reports":2,"reports_by_year":{"2018":0,"2019":0,"2020":37,"2021":17,"2022":37,"2023":90,"2024":13,"2025":2},"reports_by_month":{"2020-04":2,"2020-05":1,"2020-06":5,"2020-07":4,"2020-08":11,"2020-09":4,"2020-10":2,"2020-11":2,"2020-12":6,"2021-01":4,"2021-03":4,"2021-05":1,"2021-06":2,"2021-07":1,"2021-11":3,"2021-12":2,"2022-06":1,"2022-07":1,"2022-08":1,"2022-09":13,"2022-10":4,"2022-11":5,"2022-12":12,"2023-01":7,"2023-02":2,"2023-03":31,"2023-04":5,"2023-05":4,"2023-06":5,"2023-07":7,"2023-09":1,"2023-10":4,"2023-11":13,"2023-12":11,"2024-01":2,"2024-03":2,"2024-05":2,"2024-08":4,"2024-09":1,"2024-11":1,"2024-12":1,"2025-01":1,"2025-03":1},"latest_month":"2025-09"}},{"type":"Feature","geometry":{"type":"Polygon","coordinates":[[[-117.153763,32.712611],[-117.15467,32.712604],[-117.154675,32.713082],[-117.154681,32.713637],[-117.154681,32.713641],[-117.154681,32.713648],[-117.153771,32.713652],[-117.153763,32.712611]]]},"properties":{"block_id":"PARK_BL_F_ST","neighborhood":"East Village","total_reports":12,"latest_year":"2025","latest_year_reports":0,"reports_by_year":{"2018":0,"2019":0,"2020":1,"2021":2,"2022":2,"2023":3,"2024":4,"2025":0},"reports_by_month":{"2020-10":1,"2021-01":1,"2021-04":1,"2022-12":2,"2023-06":1,"2023-09":1,"2023-11":1,"2024-03":1,"2024-09":1,"2024-10":2},"latest_month":"2025-09"}},{"type":"Feature","geometry":{"type":"Polygon","coordinates":[[[-117.148523,32.706267],[-117.14943,32.706269],[-117.149431,32.707324],[-117.149431,32.707635],[-117.149432,32.708366],[-117.148544,32.708367],[-117.148546,32.707641],[-117.148547,32.707319],[-117.148533,32.706671],[-117.148523,32.706267]]]},"properties":{"block_id":"17TH_ST_K_ST","neighborhood":"South East Village","total_reports":1308,"latest_year":"2025","latest_year_reports":150,"reports_by_year":{"2018":3,"2019":9,"2020":110,"2021":130,"2022":135,"2023":398,"2024":373,"2025":150},"reports_by_month":{"2018-10":2,"2018-11":1,"2019-01":2,"2019-03":1,"2019-09":1,"2019-12":5,"2020-01":3,"2020-02":6,"2020-03":17,"2020-04":5,"2020-05":1,"2020-06":12,"2020-07":6,"2020-08":13,"2020-09":19,"2020-10":18,"2020-11":3,"2020-12":7,"2021-01":10,"2021-02":20,"2021-03":17,"2021-04":12,"2021-05":12,"2021-06":12,"2021-07":12,"2021-08":6,"2021-09":6,"2021-10":17,"2021-11":4,"2021-12":2,"2022-01":11,"2022-02":17,"2022-03":5,"2022-05":6,"2022-06":5,"2022-07":9,"2022-08":22,"2022-09":11,"2022-10":16,"2022-11":21,"2022-12":12,"2023-01":6,"2023-02":10,"2023-03":11,"2023-04":14,"2023-05":46,"2023-06":38,"2023-07":37,"2023-08":36,"2023-09":62,"2023-10":63,"2023-11":51,"2023-12":24,"2024-01":20,"2024-02":37,"2024-03":33,"2024-04":18,"2024-05":29,"2024-06":25,"2024-07":10,"2024-08":28,"2024-09":37,"2024-10":25,"2024-11":40,"2024-12":71,"2025-01":38,"2025-02":10,"2025-03":14,"2025-04":10,"2025-05":16,"2025-06":19,"2025-07":20,"2025-08":16,"2025-09":7},"latest_month":"2025-09"}},{"type":"Feature","geometry":{"type":"Polygon","coordinates":[[[-117.150361,32.711525],[-117.149458,32.711532],[-117.149446,32.710449],[-117.150357,32.710445],[-117.150359,32.710964],[-117.150361,32.711525]]]},"properties":{"block_id":"16TH_ST_MARKET_ST","neighborhood":"South East Village","total_reports":2314,"latest_year":"2025","latest_year_reports":61,"reports_by_year":{"2018":1,"2019":0,"2020":199,"2021":132,"2022":699,"2023":872,"2024":350,"2025":61},"reports_by_month":{"2018-10":1,"2020-01":1,"2020-02":2,"2020-04":1,"2020-05":1,"2020-06":10,"2020-07":46,"2020-08":43,"2020-09":20,"2020-10":11,"2020-11":34,"2020-12":30,"2021-01":16,"2021-02":2,"2021-03":1,"2021-04":7,"2021-05":9,"2021-06":18,"2021-07":9,"2021-08":23,"2021-09":5,"2021-10":3,"2021-11":18,"2021-12":21,"2022-01":11,"2022-02":34,"2022-03":33,"2022-04":54,"2022-05":55,"2022-06":76,"2022-07":64,"2022-08":97,"2022-09":81,"2022-10":63,"2022-11":44,"2022-12":87,"2023-01":43,"2023-02":22,"2023-03":63,"2023-04":188,"2023-05":39,"2023-06":9,"2023-07":31,"2023-08":69,"2023-09":52,"2023-10":140,"2023-11":72,"2023-12":144,"2024-01":110,"2024-02":34,"2024-03":22,"2024-04":11,"2024-05":31,"2024-06":32,"2024-07":37,"2024-08":19,"2024-09":25,"2024-10":18,"2024-11":7,"2024-12":4,"2025-01":3,"2025-02":8,"2025-03":3,"2025-04":7,"2025-05":11,"2025-06":9,"2025-07":6,"2025-08":8,"2025-09":6},"latest_month":"2025-09"}},{"type":"Feature","geometry":{"type":"Polygon","coordinates":[[[-117.149458,32.711532],[-117.150361,32.711525],[-117.150379,32.712627],[-117.149465,32.712631],[-117.149458,32.711532]]]},"properties":{"block_id":"16TH_ST_G_ST","neighborhood":"East Village","total_reports":1096,"latest_year":"2025","latest_year_reports":45,"reports_by_year":{"2018":0,"2019":0,"2020":59,"2021":64,"2022":178,"2023":418,"2024":332,"2025":45},"reports_by_month":{"2020-05":2,"2020-06":1,"2020-07":9,"2020-08":6,"2020-09":18,"2020-10":11,"2020-11":3,"2020-12":9,"2021-01":6,"2021-02":2,"2021-03":1,"2021-04":10,"2021-05":9,"2021-06":5,"2021-07":12,"2021-08":5,"2021-09":1,"2021-10":4,"2021-11":2,"2021-12":7,"2022-01":6,"2022-02":11,"2022-03":7,"2022-04":4,"2022-05":6,"2022-06":18,"2022-07":26,"2022-08":18,"2022-09":22,"2022-10":42,"2022-11":11,"2022-12":7,"2023-01":6,"2023-02":2,"2023-03":25,"2023-04":32,"2023-05":17,"2023-06":14,"2023-07":26,"2023-08":16,"2023-09":5,"2023-10":28,"2023-11":149,"2023-12":98,"2024-01":142,"2024-02":109,"2024-03":27,"2024-04":21,"2024-05":6,"2024-06":5,"2024-07":7,"2024-08":3,"2024-09":1,"2024-10":5,"2024-11":3,"2024-12":3,"2025-01":6,"2025-02":8,"2025-03":18,"2025-04":3,"2025-06":3,"2025-07":5,"2025-08":2},"latest_month":"2025-09"}},{"type":"Feature","geometry":{"type":"Polygon","coordinates":[[[-117.151922,32.711541],[-117.151943,32.712618],[-117.150379,32.712627],[-117.150361,32.711525],[-117.151922,32.711541]]]},"properties":{"block_id":"15TH_ST_G_ST","neighborhood":"East Village","total_reports":252,"latest_year":"2025","latest_year_reports":13,"reports_by_year":{"2018":0,"2019":0,"2020":67,"2021":48,"2022":34,"2023":66,"2024":24,"2025":13},"reports_by_month":{"2020-02":5,"2020-03":17,"2020-04":20,"2020-07":1,"2020-08":1,"2020-09":1,"2020-10":3,"2020-11":2,"2020-12":17,"2021-01":3,"2021-02":13,"2021-03":17,"2021-04":7,"2021-06":8,"2022-02":4,"2022-03":2,"2022-04":1,"2022-05":2,"2022-06":2,"2022-07":5,"2022-09":2,"2022-10":9,"2022-11":3,"2022-12":4,"2023-01":1,"2023-03":14,"2023-04":9,"2023-05":12,"2023-06":4,"2023-07":8,"2023-08":2,"2023-09":2,"2023-10":2,"2023-11":8,"2023-12":4,"2024-01":5,"2024-02":2,"2024-03":2,"2024-04":4,"2024-05":2,"2024-07":1,"2024-08":2,"2024-10":4,"2024-12":2,"2025-03":3,"2025-05":1,"2025-06":3,"2025-07":3,"2025-09":3},"latest_month":"2025-09"}},{"type":"Feature","geometry":{"type":"Polygon","coordinates":[[[-117.151943,32.712618],[-117.151922,32.711541],[-117.152832,32.71154],[-117.152853,32.712615],[-117.151943,32.712618]]]},"properties":{"block_id":"14TH_ST_G_ST","neighborhood":"East Village","total_reports":40,"latest_year":"2025","latest_year_reports":15,"reports_by_year":{"2018":0,"2019":1,"2020":2,"2021":4,"2022":6,"2023":7,"2024":5,"2025":15},"reports_by_month":{"2019-09":1,"2020-03":1,"2020-08":1,"2021-01":1,"2021-03":2,"2021-12":1,"2022-05":1,"2022-06":1,"2022-09":2,"2022-12":2,"2023-05":1,"2023-08":5,"2023-11":1,"2024-01":1,"2024-06":1,"2024-07":1,"2024-09":1,"2024-12":1,"2025-01":1,"2025-02":1,"2025-03":3,"2025-04":3,"2025-05":2,"2025-06":2,"2025-07":3},"latest_month":"2025-09"}},{"type":"Feature","geometry":{"type":"Polygon","coordinates":[[[-117.150361,32.711525],[-117.150359,32.710964],[-117.150357,32.710445],[-117.150688,32.710445],[-117.1513,32.71046],[-117.151322,32.71046],[-117.151911,32.710458],[-117.151922,32.711541],[-117.150361,32.711525]]]},"properties":{"block_id":"15TH_ST_MARKET_ST","neighborhood":"South East Village","total_reports":882,"latest_year":"2025","latest_year_reports":31,"reports_by_year":{"2018":5,"2019":1,"2020":82,"2021":72,"2022":289,"2023":279,"2024":123,"2025":31},"reports_by_month":{"2018-09":2,"2018-10":3,"2019-01":1,"2020-05":1,"2020-06":8,"2020-07":11,"2020-08":17,"2020-09":4,"2020-10":3,"2020-11":13,"2020-12":25,"2021-01":16,"2021-02":9,"2021-03":10,"2021-04":5,"2021-05":2,"2021-06":4,"2021-07":2,"2021-08":2,"2021-09":2,"2021-11":3,"2021-12":17,"2022-01":14,"2022-02":31,"2022-03":51,"2022-04":38,"2022-05":83,"2022-06":3,"2022-07":17,"2022-08":13,"2022-09":5,"2022-10":12,"2022-11":11,"2022-12":11,"2023-01":22,"2023-02":17,"2023-03":15,"2023-04":40,"2023-05":4,"2023-06":2,"2023-07":8,"2023-08":22,"2023-09":14,"2023-10":28,"2023-11":43,"2023-12":64,"2024-01":48,"2024-03":4,"2024-04":16,"2024-05":16,"2024-06":4,"2024-07":5,"2024-08":5,"2024-09":11,"2024-10":8,"2024-11":3,"2024-12":3,"2025-01":3,"2025-02":3,"2025-03":1,"2025-04":2,"2025-05":8,"2025-06":2,"2025-07":3,"2025-08":1,"2025-09":8},"latest_month":"2025-09"}},{"type":"Feature","geometry":{"type":"Polygon","coordinates":[[[-117.157385,32.710435],[-117.156469,32.710441],[-117.156465,32.710224],[-117.156462,32.710055],[-117.156453,32.709505],[-117.156453,32.709504],[-117.156451,32.709394],[-117.157375,32.709396],[-117.157385,32.710418],[-117.157385,32.710435]]]},"properties":{"block_id":"09TH_AV_ISLAND_AV","neighborhood":"South East Village","total_reports":40,"latest_year":"2025","latest_year_reports":1,"reports_by_year":{"2018":0,"2019":1,"2020":5,"2021":3,"2022":4,"2023":14,"2024":12,"2025":1},"reports_by_month":{"2019-01":1,"2020-02":1,"2020-07":1,"2020-08":1,"2020-10":1,"2020-12":1,"2021-02":1,"2021-03":1,"2021-12":1,"2022-03":1,"2022-04":1,"2022-05":1,"2022-06":1,"2023-01":1,"2023-03":3,"2023-04":2,"2023-07":1,"2023-09":1,"2023-10":1,"2023-11":1,"2023-12":4,"2024-01":4,"2024-03":1,"2024-05":2,"2024-07":1,"2024-10":2,"2024-11":1,"2024-12":1,"2025-06":1},"latest_month":"2025-09"}},{"type":"Feature","geometry":{"type":"Polygon","coordinates":[[[-117.156976,32.705623],[-117.154646,32.705409],[-117.152794,32.705238],[-117.152799,32.705225],[-117.152804,32.705212],[-117.152809,32.705199],[-117.152813,32.705186],[-117.152817,32.705172],[-117.152821,32.705159],[-117.152821,32.705157],[-117.152821,32.705157],[-117.152824,32.705145],[-117.152827,32.705132],[-117.15283,32.705118],[-117.152833,32.705105],[-117.152835,32.705091],[-117.152837,32.705078],[-117.152838,32.705064],[-117.152838,32.705062],[-117.152838,32.705062],[-117.152839,32.70505],[-117.15284,32.705036],[-117.152841,32.705023],[-117.152841,32.705009],[-117.152841,32.704995],[-117.152841,32.704982],[-117.152841,32.704979],[-117.152841,32.704979],[-117.15284,32.704968],[-117.152839,32.704954],[-117.152838,32.70494],[-117.152836,32.704927],[-117.152834,32.704913],[-117.152832,32.704899],[-117.152829,32.704886],[-117.152828,32.704884],[-117.152828,32.704884],[-117.152826,32.704872],[-117.152823,32.704859],[-117.152819,32.704846],[-117.152815,32.704832],[-117.152811,32.704819],[-117.152806,32.704806],[-117.152806,32.704804],[-117.152806,32.704804],[-117.152802,32.704793],[-117.152797,32.70478],[-117.152791,32.704767],[-117.152785,32.704754],[-117.152779,32.704741],[-117.152773,32.704728],[-117.152766,32.704716],[-117.152765,32.704714],[-117.152765,32.704714],[-117.152759,32.704703],[-117.152752,32.704691],[-117.152745,32.704679],[-117.152737,32.704667],[-117.152729,32.704655],[-117.152721,32.704643],[-117.152719,32.704641],[-117.152719,32.704641],[-117.152712,32.704631],[-117.152703,32.70462],[-117.152694,32.704609],[-117.152684,32.704597],[-117.152683,32.704596],[-117.152667,32.704577],[-117.15265,32.704557],[-117.150846,32.703328],[-117.151516,32.702528],[-117.152324,32.701564],[-117.15276,32.701844],[-117.152769,32.701849],[-117.153211,32.702146],[-117.153544,32.702363],[-117.154222,32.702809],[-117.155767,32.70382],[-117.155806,32.703845],[-117.156773,32.704466],[-117.15709,32.704669],[-117.157638,32.705021],[-117.157304,32.705325],[-117.1573,32.705329],[-117.157165,32.705452],[-117.157151,32.705464],[-117.157151,32.705464],[-117.157056,32.70555],[-117.156982,32.705618],[-117.156982,32.705618],[-117.156976,32.705623]]]},"properties":{"block_id":"NEWTON_AV_PARK_BL","neighborhood":"Barrio Logan","total_reports":69,"latest_year":"2025","latest_year_reports":5,"reports_by_year":{"2018":1,"2019":2,"2020":0,"2021":7,"2022":5,"2023":12,"2024":37,"2025":5},"reports_by_month":{"2018-11":1,"2019-05":1,"2019-07":1,"2021-01":2,"2021-03":1,"2021-06":2,"2021-09":2,"2022-08":1,"2022-09":2,"2022-11":1,"2022-12":1,"2023-04":2,"2023-05":2,"2023-08":1,"2023-10":3,"2023-11":2,"2023-12":2,"2024-02":9,"2024-03":3,"2024-04":3,"2024-05":4,"2024-06":2,"2024-07":2,"2024-08":1,"2024-09":1,"2024-10":3,"2024-11":7,"2024-12":2,"2025-01":2,"2025-02":1,"2025-04":1,"2025-09":1},"latest_month":"2025-09"}},{"type":"Feature","geometry":{"type":"Polygon","coordinates":[[[-117.154646,32.705409],[-117.156976,32.705623],[-117.156927,32.705665],[-117.156442,32.706076],[-117.156442,32.706076],[-117.156236,32.706251],[-117.155946,32.706497],[-117.155814,32.706385],[-117.155812,32.706384],[-117.155811,32.706383],[-117.15581,32.706382],[-117.155809,32.706381],[-117.155808,32.70638],[-117.155807,32.706379],[-117.155805,32.706378],[-117.155804,32.706377],[-117.155803,32.706376],[-117.155802,32.706375],[-117.155801,32.706375],[-117.155799,32.706374],[-117.155798,32.706373],[-117.155797,32.706372],[-117.155796,32.706371],[-117.155795,32.70637],[-117.155793,32.706369],[-117.155792,32.706368],[-117.155791,32.706367],[-117.15579,32.706366],[-117.155789,32.706365],[-117.155787,32.706364],[-117.155786,32.706364],[-117.155785,32.706363],[-117.155784,32.706362],[-117.155782,32.706361],[-117.155781,32.70636],[-117.15578,32.706359],[-117.155779,32.706358],[-117.155777,32.706357],[-117.155776,32.706357],[-117.155775,32.706356],[-117.155774,32.706355],[-117.155772,32.706354],[-117.155771,32.706353],[-117.15577,32.706352],[-117.155768,32.706351],[-117.155767,32.706351],[-117.155766,32.70635],[-117.155765,32.706349],[-117.155763,32.706348],[-117.155762,32.706347],[-117.155761,32.706346],[-117.155759,32.706346],[-117.155758,32.706345],[-117.155757,32.706344],[-117.155755,32.706343],[-117.155754,32.706342],[-117.155753,32.706342],[-117.155751,32.706341],[-117.15575,32.70634],[-117.155749,32.706339],[-117.155747,32.706338],[-117.155746,32.706338],[-117.155745,32.706337],[-117.155743,32.706336],[-117.155742,32.706335],[-117.155741,32.706335],[-117.155739,32.706334],[-117.155738,32.706333],[-117.155737,32.706332],[-117.155735,32.706332],[-117.155734,32.706331],[-117.155733,32.70633],[-117.155731,32.706329],[-117.15573,32.706329],[-117.155728,32.706328],[-117.155727,32.706327],[-117.155726,32.706326],[-117.155724,32.706326],[-117.155723,32.706325],[-117.155722,32.706324],[-117.15572,32.706323],[-117.155719,32.706323],[-117.155717,32.706322],[-117.155716,32.706321],[-117.155715,32.706321],[-117.155713,32.70632],[-117.155712,32.706319],[-117.15571,32.706319],[-117.155709,32.706318],[-117.155707,32.706317],[-117.155706,32.706317],[-117.155705,32.706316],[-117.155703,32.706315],[-117.155702,32.706315],[-117.1557,32.706314],[-117.155699,32.706313],[-117.155697,32.706313],[-117.155696,32.706312],[-117.155695,32.706311],[-117.155693,32.706311],[-117.155692,32.70631],[-117.15569,32.70631],[-117.155689,32.706309],[-117.155687,32.706308],[-117.155686,32.706308],[-117.155684,32.706307],[-117.155683,32.706306],[-117.155682,32.706306],[-117.15568,32.706305],[-117.155679,32.706305],[-117.155677,32.706304],[-117.155676,32.706304],[-117.155674,32.706303],[-117.155673,32.706302],[-117.155671,32.706302],[-117.15567,32.706301],[-117.155668,32.706301],[-117.155667,32.7063],[-117.155665,32.7063],[-117.155664,32.706299],[-117.155662,32.706298],[-117.155661,32.706298],[-117.155659,32.706297],[-117.155658,32.706297],[-117.155656,32.706296],[-117.155655,32.706296],[-117.155653,32.706295],[-117.155652,32.706295],[-117.15565,32.706294],[-117.155649,32.706294],[-117.155647,32.706293],[-117.155646,32.706293],[-117.155644,32.706292],[-117.155643,32.706292],[-117.155641,32.706291],[-117.15564,32.706291],[-117.155638,32.70629],[-117.155637,32.70629],[-117.155635,32.706289],[-117.155634,32.706289],[-117.155632,32.706288],[-117.155631,32.706288],[-117.155629,32.706288],[-117.155627,32.706287],[-117.155626,32.706287],[-117.155624,32.706286],[-117.155623,32.706286],[-117.155621,32.706285],[-117.15562,32.706285],[-117.155618,32.706284],[-117.155617,32.706284],[-117.155615,32.706284],[-117.155614,32.706283],[-117.155612,32.706283],[-117.15561,32.706282],[-117.155609,32.706282],[-117.155607,32.706282],[-117.155606,32.706281],[-117.155604,32.706281],[-117.155603,32.70628],[-117.155601,32.70628],[-117.1556,32.70628],[-117.155598,32.706279],[-117.155596,32.706279],[-117.155595,32.706279],[-117.155593,32.706278],[-117.155592,32.706278],[-117.15559,32.706278],[-117.155589,32.706277],[-117.155587,32.706277],[-117.155585,32.706277],[-117.155584,32.706276],[-117.155582,32.706276],[-117.155581,32.706276],[-117.155579,32.706275],[-117.155577,32.706275],[-117.155576,32.706275],[-117.155574,32.706274],[-117.155573,32.706274],[-117.155571,32.706274],[-117.15557,32.706274],[-117.155568,32.706273],[-117.155566,32.706273],[-117.155565,32.706273],[-117.155563,32.706272],[-117.155562,32.706272],[-117.15556,32.706272],[-117.155558,32.706272],[-117.155557,32.706271],[-117.155555,32.706271],[-117.155554,32.706271],[-117.155552,32.706271],[-117.15555,32.70627],[-117.155549,32.70627],[-117.155547,32.70627],[-117.155546,32.70627],[-117.155544,32.70627],[-117.155542,32.706269],[-117.155541,32.706269],[-117.155539,32.706269],[-117.155538,32.706269],[-117.155536,32.706269],[-117.155534,32.706268],[-117.155533,32.706268],[-117.155531,32.706268],[-117.155529,32.706268],[-117.155528,32.706268],[-117.155528,32.706268],[-117.155526,32.706268],[-117.155525,32.706267],[-117.155523,32.706267],[-117.155521,32.706267],[-117.15552,32.706267],[-117.155518,32.706267],[-117.155517,32.706267],[-117.155515,32.706267],[-117.155513,32.706266],[-117.155512,32.706266],[-117.15551,32.706266],[-117.155508,32.706266],[-117.155507,32.706266],[-117.155505,32.706266],[-117.155504,32.706266],[-117.155502,32.706266],[-117.1555,32.706266],[-117.155499,32.706266],[-117.155497,32.706265],[-117.155495,32.706265],[-117.155494,32.706265],[-117.155492,32.706265],[-117.155491,32.706265],[-117.155489,32.706265],[-117.155487,32.706265],[-117.155486,32.706265],[-117.155484,32.706265],[-117.155482,32.706265],[-117.155481,32.706265],[-117.155479,32.706265],[-117.155478,32.706265],[-117.155476,32.706265],[-117.155474,32.706265],[-117.155473,32.706265],[-117.155471,32.706265],[-117.155469,32.706265],[-117.155466,32.706265],[-117.155433,32.706265],[-117.155397,32.706265],[-117.154637,32.706265],[-117.154646,32.705412],[-117.154646,32.705409]]]},"properties":{"block_id":"Map_Border_IMPERIAL_AV","neighborhood":"South East Village","total_reports":50,"latest_year":"2025","latest_year_reports":5,"reports_by_year":{"2018":0,"2019":0,"2020":2,"2021":5,"2022":9,"2023":9,"2024":20,"2025":5},"reports_by_month":{"2020-04":1,"2020-12":1,"2021-01":1,"2021-02":3,"2021-03":1,"2022-02":1,"2022-03":1,"2022-08":1,"2022-09":1,"2022-11":3,"2022-12":2,"2023-02":1,"2023-04":1,"2023-06":1,"2023-07":1,"2023-08":1,"2023-11":2,"2023-12":2,"2024-02":5,"2024-03":6,"2024-04":1,"2024-06":2,"2024-07":2,"2024-09":2,"2024-11":1,"2024-12":1,"2025-01":2,"2025-02":2,"2025-05":1},"latest_month":"2025-09"}},{"type":"Feature","geometry":{"type":"Polygon","coordinates":[[[-117.152794,32.705238],[-117.154646,32.705409],[-117.154646,32.705412],[-117.154637,32.706265],[-117.153744,32.70627],[-117.153702,32.70627],[-117.153224,32.706282],[-117.152998,32.706102],[-117.152987,32.706092],[-117.152976,32.706082],[-117.152966,32.706071],[-117.152956,32.70606],[-117.152946,32.706049],[-117.152937,32.706038],[-117.152928,32.706026],[-117.15292,32.706016],[-117.152919,32.706015],[-117.152915,32.70601],[-117.15291,32.706003],[-117.152902,32.705991],[-117.152896,32.705982],[-117.152894,32.705979],[-117.152886,32.705967],[-117.152879,32.705955],[-117.152872,32.705943],[-117.152865,32.70593],[-117.152859,32.705918],[-117.152857,32.705913],[-117.152853,32.705905],[-117.15285,32.705898],[-117.152847,32.705892],[-117.152842,32.705879],[-117.152837,32.705866],[-117.152832,32.705853],[-117.152828,32.705842],[-117.152828,32.70584],[-117.152827,32.705838],[-117.152823,32.705826],[-117.15282,32.705813],[-117.152816,32.705799],[-117.152813,32.705786],[-117.152811,32.705772],[-117.152808,32.705759],[-117.152807,32.705754],[-117.152806,32.705745],[-117.152804,32.705731],[-117.152804,32.705729],[-117.152803,32.705718],[-117.152802,32.705704],[-117.152802,32.705691],[-117.152794,32.705238]]]},"properties":{"block_id":"NATIONAL_AV_IMPERIAL_AV","neighborhood":"South East Village","total_reports":103,"latest_year":"2025","latest_year_reports":1,"reports_by_year":{"2018":0,"2019":1,"2020":4,"2021":41,"2022":9,"2023":44,"2024":3,"2025":1},"reports_by_month":{"2019-07":1,"2020-02":1,"2020-04":1,"2020-07":1,"2020-09":1,"2021-03":3,"2021-04":4,"2021-05":2,"2021-06":7,"2021-07":5,"2021-08":9,"2021-09":3,"2021-10":4,"2021-11":3,"2021-12":1,"2022-02":1,"2022-03":1,"2022-06":2,"2022-08":2,"2022-10":1,"2022-12":2,"2023-01":3,"2023-02":2,"2023-03":2,"2023-05":10,"2023-06":9,"2023-07":9,"2023-08":4,"2023-09":4,"2023-10":1,"2024-01":1,"2024-06":1,"2024-07":1,"2025-02":1},"latest_month":"2025-09"}},{"type":"Feature","geometry":{"type":"Polygon","coordinates":[[[-117.151656,32.705227],[-117.152794,32.705238],[-117.152802,32.705691],[-117.152793,32.706162],[-117.152777,32.706096],[-117.15277,32.706084],[-117.152763,32.706071],[-117.152756,32.706059],[-117.152749,32.706047],[-117.152741,32.706035],[-117.152741,32.706035],[-117.152733,32.706023],[-117.152724,32.706011],[-117.152715,32.706],[-117.152706,32.705989],[-117.152696,32.705978],[-117.152686,32.705967],[-117.152676,32.705956],[-117.152665,32.705946],[-117.152654,32.705935],[-117.152643,32.705926],[-117.152632,32.705916],[-117.15262,32.705906],[-117.152608,32.705897],[-117.152596,32.705888],[-117.151901,32.705407],[-117.151656,32.705227]]]},"properties":{"block_id":"Map_Border_NATIONAL_AV","neighborhood":"South East Village","total_reports":382,"latest_year":"2025","latest_year_reports":4,"reports_by_year":{"2018":0,"2019":8,"2020":145,"2021":44,"2022":21,"2023":141,"2024":19,"2025":4},"reports_by_month":{"2019-07":3,"2019-09":4,"2019-11":1,"2020-01":3,"2020-02":7,"2020-03":17,"2020-04":9,"2020-05":15,"2020-06":8,"2020-07":16,"2020-08":13,"2020-09":30,"2020-10":10,"2020-11":12,"2020-12":5,"2021-01":4,"2021-02":4,"2021-03":3,"2021-04":12,"2021-05":2,"2021-06":3,"2021-07":1,"2021-08":2,"2021-09":6,"2021-10":4,"2021-11":2,"2021-12":1,"2022-01":3,"2022-03":2,"2022-05":2,"2022-08":3,"2022-09":4,"2022-10":1,"2022-11":4,"2022-12":2,"2023-01":2,"2023-03":1,"2023-04":2,"2023-05":25,"2023-06":15,"2023-07":32,"2023-08":32,"2023-09":24,"2023-10":6,"2023-11":1,"2023-12":1,"2024-01":2,"2024-02":9,"2024-03":1,"2024-06":2,"2024-07":1,"2024-09":1,"2024-10":1,"2024-11":2,"2025-01":4},"latest_month":"2025-09"}},{"type":"Feature","geometry":{"type":"Polygon","coordinates":[[[-117.151879,32.707328],[-117.15188,32.707617],[-117.151883,32.708372],[-117.151178,32.708375],[-117.151161,32.708374],[-117.151145,32.708372],[-117.151129,32.70837],[-117.151113,32.708368],[-117.151097,32.708365],[-117.151082,32.708361],[-117.151066,32.708358],[-117.151051,32.708353],[-117.151044,32.708351],[-117.150332,32.708362],[-117.149432,32.708366],[-117.149431,32.707635],[-117.149431,32.707324],[-117.14943,32.706269],[-117.15035,32.706278],[-117.151882,32.706284],[-117.151879,32.707328]]]},"properties":{"block_id":"16TH_ST_K_ST","neighborhood":"South East Village","total_reports":580,"latest_year":"2025","latest_year_reports":14,"reports_by_year":{"2018":4,"2019":2,"2020":33,"2021":47,"2022":80,"2023":309,"2024":91,"2025":14},"reports_by_month":{"2018-09":2,"2018-10":1,"2018-11":1,"2019-09":1,"2019-10":1,"2020-02":2,"2020-04":1,"2020-05":1,"2020-06":1,"2020-07":8,"2020-08":6,"2020-09":2,"2020-10":4,"2020-11":3,"2020-12":5,"2021-02":4,"2021-03":6,"2021-04":9,"2021-05":10,"2021-06":2,"2021-07":1,"2021-08":1,"2021-10":4,"2021-11":4,"2021-12":6,"2022-01":7,"2022-02":3,"2022-03":3,"2022-04":1,"2022-05":1,"2022-06":1,"2022-07":3,"2022-08":19,"2022-09":9,"2022-10":15,"2022-11":7,"2022-12":11,"2023-01":7,"2023-02":11,"2023-03":7,"2023-04":19,"2023-05":19,"2023-06":8,"2023-07":36,"2023-08":59,"2023-09":52,"2023-10":29,"2023-11":35,"2023-12":27,"2024-01":25,"2024-02":14,"2024-03":8,"2024-04":5,"2024-05":5,"2024-06":7,"2024-07":6,"2024-08":4,"2024-09":5,"2024-10":3,"2024-11":4,"2024-12":5,"2025-01":1,"2025-02":1,"2025-03":2,"2025-05":3,"2025-06":3,"2025-08":3,"2025-09":1},"latest_month":"2025-09"}},{"type":"Feature","geometry":{"type":"Polygon","coordinates":[[[-117.151883,32.708372],[-117.15188,32.707617],[-117.151879,32.707328],[-117.152799,32.707332],[-117.152797,32.70761],[-117.15279,32.708374],[-117.151883,32.708372]]]},"properties":{"block_id":"14TH_ST_K_ST","neighborhood":"South East Village","total_reports":998,"latest_year":"2025","latest_year_reports":18,"reports_by_year":{"2018":0,"2019":0,"2020":169,"2021":103,"2022":118,"2023":433,"2024":157,"2025":18},"reports_by_month":{"2020-04":1,"2020-05":6,"2020-06":21,"2020-07":34,"2020-08":29,"2020-09":10,"2020-10":6,"2020-11":31,"2020-12":31,"2021-01":9,"2021-02":2,"2021-03":2,"2021-04":4,"2021-05":2,"2021-06":2,"2021-08":14,"2021-09":8,"2021-10":23,"2021-11":18,"2021-12":19,"2022-01":10,"2022-02":7,"2022-03":11,"2022-04":6,"2022-05":2,"2022-06":3,"2022-07":1,"2022-08":9,"2022-09":17,"2022-10":6,"2022-11":17,"2022-12":29,"2023-01":28,"2023-02":14,"2023-03":9,"2023-04":4,"2023-05":4,"2023-06":25,"2023-07":78,"2023-08":34,"2023-09":40,"2023-10":40,"2023-11":138,"2023-12":19,"2024-01":35,"2024-02":37,"2024-03":11,"2024-04":11,"2024-05":18,"2024-06":8,"2024-07":6,"2024-08":14,"2024-09":8,"2024-10":6,"2024-11":3,"2025-01":3,"2025-02":1,"2025-03":5,"2025-05":4,"2025-07":1,"2025-08":3,"2025-09":1},"latest_month":"2025-09"}},{"type":"Feature","geometry":{"type":"Polygon","coordinates":[[[-117.153224,32.706282],[-117.152794,32.706279],[-117.152793,32.706162],[-117.152802,32.705691],[-117.152802,32.705704],[-117.152803,32.705718],[-117.152804,32.705729],[-117.152804,32.705731],[-117.152806,32.705745],[-117.152807,32.705754],[-117.152808,32.705759],[-117.152811,32.705772],[-117.152813,32.705786],[-117.152816,32.705799],[-117.15282,32.705813],[-117.152823,32.705826],[-117.152827,32.705838],[-117.152828,32.70584],[-117.152828,32.705842],[-117.152832,32.705853],[-117.152837,32.705866],[-117.152842,32.705879],[-117.152847,32.705892],[-117.15285,32.705898],[-117.152853,32.705905],[-117.152857,32.705913],[-117.152859,32.705918],[-117.152865,32.70593],[-117.152872,32.705943],[-117.152879,32.705955],[-117.152886,32.705967],[-117.152894,32.705979],[-117.152896,32.705982],[-117.152902,32.705991],[-117.15291,32.706003],[-117.152915,32.70601],[-117.152919,32.706015],[-117.15292,32.706016],[-117.152928,32.706026],[-117.152937,32.706038],[-117.152946,32.706049],[-117.152956,32.70606],[-117.152966,32.706071],[-117.152976,32.706082],[-117.152987,32.706092],[-117.152998,32.706102],[-117.153224,32.706282]]]},"properties":{"block_id":"13TH_ST_IMPERIAL_AV","neighborhood":"South East Village","total_reports":17,"latest_year":"2025","latest_year_reports":0,"reports_by_year":{"2018":0,"2019":1,"2020":2,"2021":5,"2022":1,"2023":6,"2024":2,"2025":0},"reports_by_month":{"2019-12":1,"2020-01":1,"2020-12":1,"2021-04":3,"2021-05":2,"2022-12":1,"2023-05":3,"2023-06":1,"2023-07":1,"2023-08":1,"2024-07":1,"2024-08":1},"latest_month":"2025-09"}},{"type":"Feature","geometry":{"type":"Polygon","coordinates":[[[-117.152794,32.706279],[-117.153224,32.706282],[-117.153702,32.70627],[-117.15371,32.706735],[-117.153709,32.707317],[-117.152799,32.707332],[-117.152794,32.706279]]]},"properties":{"block_id":"13TH_ST_L_ST","neighborhood":"South East Village","total_reports":191,"latest_year":"2025","latest_year_reports":1,"reports_by_year":{"2018":0,"2019":0,"2020":7,"2021":18,"2022":21,"2023":63,"2024":81,"2025":1},"reports_by_month":{"2020-04":1,"2020-08":1,"2020-09":1,"2020-11":1,"2020-12":3,"2021-06":1,"2021-07":5,"2021-10":1,"2021-11":8,"2021-12":3,"2022-02":2,"2022-03":1,"2022-07":2,"2022-08":4,"2022-09":2,"2022-10":1,"2022-11":1,"2022-12":8,"2023-01":2,"2023-02":2,"2023-03":1,"2023-04":2,"2023-05":1,"2023-06":13,"2023-07":11,"2023-08":18,"2023-09":1,"2023-10":4,"2023-11":3,"2023-12":5,"2024-01":23,"2024-02":30,"2024-03":9,"2024-04":8,"2024-06":2,"2024-07":2,"2024-08":3,"2024-09":3,"2024-10":1,"2025-04":1},"latest_month":"2025-09"}},{"type":"Feature","geometry":{"type":"Polygon","coordinates":[[[-117.151901,32.705407],[-117.152596,32.705888],[-117.152608,32.705897],[-117.15262,32.705906],[-117.152632,32.705916],[-117.152643,32.705926],[-117.152654,32.705935],[-117.152665,32.705946],[-117.152676,32.705956],[-117.152686,32.705967],[-117.152696,32.705978],[-117.152706,32.705989],[-117.152715,32.706],[-117.152724,32.706011],[-117.152733,32.706023],[-117.152741,32.706035],[-117.152741,32.706035],[-117.152749,32.706047],[-117.152756,32.706059],[-117.152763,32.706071],[-117.15277,32.706084],[-117.152777,32.706096],[-117.152793,32.706162],[-117.152794,32.706279],[-117.151882,32.706284],[-117.151877,32.705624],[-117.151901,32.705407]]]},"properties":{"block_id":"14TH_ST_IMPERIAL_AV","neighborhood":"South East Village","total_reports":252,"latest_year":"2025","latest_year_reports":5,"reports_by_year":{"2018":0,"2019":1,"2020":14,"2021":86,"2022":18,"2023":99,"2024":29,"2025":5},"reports_by_month":{"2019-01":1,"2020-02":2,"2020-03":2,"2020-06":1,"2020-07":2,"2020-08":2,"2020-11":4,"2020-12":1,"2021-01":9,"2021-02":8,"2021-03":29,"2021-04":14,"2021-05":6,"2021-06":1,"2021-08":2,"2021-09":6,"2021-10":2,"2021-11":4,"2021-12":5,"2022-01":1,"2022-02":1,"2022-03":1,"2022-05":2,"2022-06":2,"2022-07":3,"2022-08":3,"2022-09":1,"2022-10":3,"2022-11":1,"2023-03":1,"2023-04":1,"2023-05":9,"2023-06":10,"2023-07":21,"2023-08":22,"2023-09":24,"2023-10":1,"2023-11":3,"2023-12":7,"2024-01":3,"2024-02":9,"2024-03":1,"2024-04":2,"2024-06":3,"2024-09":3,"2024-10":7,"2024-11":1,"2025-01":1,"2025-03":2,"2025-06":1,"2025-09":1},"latest_month":"2025-09"}},{"type":"Feature","geometry":{"type":"Polygon","coordinates":[[[-117.153702,32.70627],[-117.153744,32.70627],[-117.154637,32.706265],[-117.155397,32.706265],[-117.155433,32.706265],[-117.155466,32.706265],[-117.155469,32.706265],[-117.155471,32.706265],[-117.155473,32.706265],[-117.155474,32.706265],[-117.155476,32.706265],[-117.155478,32.706265],[-117.155479,32.706265],[-117.155481,32.706265],[-117.155482,32.706265],[-117.155484,32.706265],[-117.155486,32.706265],[-117.155487,32.706265],[-117.155489,32.706265],[-117.155491,32.706265],[-117.155492,32.706265],[-117.155494,32.706265],[-117.155495,32.706265],[-117.155497,32.706265],[-117.155499,32.706266],[-117.1555,32.706266],[-117.155502,32.706266],[-117.155504,32.706266],[-117.155505,32.706266],[-117.155507,32.706266],[-117.155508,32.706266],[-117.15551,32.706266],[-117.155512,32.706266],[-117.155513,32.706266],[-117.155515,32.706267],[-117.155517,32.706267],[-117.155518,32.706267],[-117.15552,32.706267],[-117.155521,32.706267],[-117.155523,32.706267],[-117.155525,32.706267],[-117.155526,32.706268],[-117.155528,32.706268],[-117.155528,32.706268],[-117.155529,32.706268],[-117.155531,32.706268],[-117.155533,32.706268],[-117.155534,32.706268],[-117.155536,32.706269],[-117.155538,32.706269],[-117.155539,32.706269],[-117.155541,32.706269],[-117.155542,32.706269],[-117.155544,32.70627],[-117.155546,32.70627],[-117.155547,32.70627],[-117.155549,32.70627],[-117.15555,32.70627],[-117.155552,32.706271],[-117.155554,32.706271],[-117.155555,32.706271],[-117.155557,32.706271],[-117.155558,32.706272],[-117.15556,32.706272],[-117.155562,32.706272],[-117.155563,32.706272],[-117.155565,32.706273],[-117.155566,32.706273],[-117.155568,32.706273],[-117.15557,32.706274],[-117.155571,32.706274],[-117.155573,32.706274],[-117.155574,32.706274],[-117.155576,32.706275],[-117.155577,32.706275],[-117.155579,32.706275],[-117.155581,32.706276],[-117.155582,32.706276],[-117.155584,32.706276],[-117.155585,32.706277],[-117.155587,32.706277],[-117.155589,32.706277],[-117.15559,32.706278],[-117.155592,32.706278],[-117.155593,32.706278],[-117.155595,32.706279],[-117.155596,32.706279],[-117.155598,32.706279],[-117.1556,32.70628],[-117.155601,32.70628],[-117.155603,32.70628],[-117.155604,32.706281],[-117.155606,32.706281],[-117.155607,32.706282],[-117.155609,32.706282],[-117.15561,32.706282],[-117.155612,32.706283],[-117.155614,32.706283],[-117.155615,32.706284],[-117.155617,32.706284],[-117.155618,32.706284],[-117.15562,32.706285],[-117.155621,32.706285],[-117.155623,32.706286],[-117.155624,32.706286],[-117.155626,32.706287],[-117.155627,32.706287],[-117.155629,32.706288],[-117.155631,32.706288],[-117.155632,32.706288],[-117.155634,32.706289],[-117.155635,32.706289],[-117.155637,32.70629],[-117.155638,32.70629],[-117.15564,32.706291],[-117.155641,32.706291],[-117.155643,32.706292],[-117.155644,32.706292],[-117.155646,32.706293],[-117.155647,32.706293],[-117.155649,32.706294],[-117.15565,32.706294],[-117.155652,32.706295],[-117.155653,32.706295],[-117.155655,32.706296],[-117.155656,32.706296],[-117.155658,32.706297],[-117.155659,32.706297],[-117.155661,32.706298],[-117.155662,32.706298],[-117.155664,32.706299],[-117.155665,32.7063],[-117.155667,32.7063],[-117.155668,32.706301],[-117.15567,32.706301],[-117.155671,32.706302],[-117.155673,32.706302],[-117.155674,32.706303],[-117.155676,32.706304],[-117.155677,32.706304],[-117.155679,32.706305],[-117.15568,32.706305],[-117.155682,32.706306],[-117.155683,32.706306],[-117.155684,32.706307],[-117.155686,32.706308],[-117.155687,32.706308],[-117.155689,32.706309],[-117.15569,32.70631],[-117.155692,32.70631],[-117.155693,32.706311],[-117.155695,32.706311],[-117.155696,32.706312],[-117.155697,32.706313],[-117.155699,32.706313],[-117.1557,32.706314],[-117.155702,32.706315],[-117.155703,32.706315],[-117.155705,32.706316],[-117.155706,32.706317],[-117.155707,32.706317],[-117.155709,32.706318],[-117.15571,32.706319],[-117.155712,32.706319],[-117.155713,32.70632],[-117.155715,32.706321],[-117.155716,32.706321],[-117.155717,32.706322],[-117.155719,32.706323],[-117.15572,32.706323],[-117.155722,32.706324],[-117.155723,32.706325],[-117.155724,32.706326],[-117.155726,32.706326],[-117.155727,32.706327],[-117.155728,32.706328],[-117.15573,32.706329],[-117.155731,32.706329],[-117.155733,32.70633],[-117.155734,32.706331],[-117.155735,32.706332],[-117.155737,32.706332],[-117.155738,32.706333],[-117.155739,32.706334],[-117.155741,32.706335],[-117.155742,32.706335],[-117.155743,32.706336],[-117.155745,32.706337],[-117.155746,32.706338],[-117.155747,32.706338],[-117.155749,32.706339],[-117.15575,32.70634],[-117.155751,32.706341],[-117.155753,32.706342],[-117.155754,32.706342],[-117.155755,32.706343],[-117.155757,32.706344],[-117.155758,32.706345],[-117.155759,32.706346],[-117.155761,32.706346],[-117.155762,32.706347],[-117.155763,32.706348],[-117.155765,32.706349],[-117.155766,32.70635],[-117.155767,32.706351],[-117.155768,32.706351],[-117.15577,32.706352],[-117.155771,32.706353],[-117.155772,32.706354],[-117.155774,32.706355],[-117.155775,32.706356],[-117.155776,32.706357],[-117.155777,32.706357],[-117.155779,32.706358],[-117.15578,32.706359],[-117.155781,32.70636],[-117.155782,32.706361],[-117.155784,32.706362],[-117.155785,32.706363],[-117.155786,32.706364],[-117.155787,32.706364],[-117.155789,32.706365],[-117.15579,32.706366],[-117.155791,32.706367],[-117.155792,32.706368],[-117.155793,32.706369],[-117.155795,32.70637],[-117.155796,32.706371],[-117.155797,32.706372],[-117.155798,32.706373],[-117.155799,32.706374],[-117.155801,32.706375],[-117.155802,32.706375],[-117.155803,32.706376],[-117.155804,32.706377],[-117.155805,32.706378],[-117.155807,32.706379],[-117.155808,32.70638],[-117.155809,32.706381],[-117.15581,32.706382],[-117.155811,32.706383],[-117.155812,32.706384],[-117.155814,32.706385],[-117.155946,32.706497],[-117.155527,32.706852],[-117.154982,32.707314],[-117.154878,32.707403],[-117.154629,32.707614],[-117.154618,32.707623],[-117.154535,32.707694],[-117.15424,32.707939],[-117.153727,32.708367],[-117.153723,32.70837],[-117.153723,32.708367],[-117.153713,32.707603],[-117.153709,32.707317],[-117.15371,32.706735],[-117.153702,32.70627]]]},"properties":{"block_id":"12TH_AV_PARK_BL","neighborhood":"South East Village","total_reports":281,"latest_year":"2025","latest_year_reports":9,"reports_by_year":{"2018":0,"2019":4,"2020":32,"2021":17,"2022":46,"2023":134,"2024":39,"2025":9},"reports_by_month":{"2019-01":1,"2019-02":2,"2019-04":1,"2020-03":1,"2020-04":1,"2020-05":7,"2020-06":2,"2020-07":3,"2020-08":8,"2020-09":4,"2020-10":2,"2020-12":4,"2021-03":5,"2021-04":1,"2021-06":1,"2021-08":2,"2021-09":4,"2021-10":2,"2021-12":2,"2022-01":2,"2022-02":1,"2022-03":3,"2022-06":2,"2022-07":6,"2022-08":16,"2022-09":3,"2022-10":6,"2022-11":2,"2022-12":5,"2023-01":8,"2023-02":15,"2023-04":11,"2023-05":3,"2023-06":11,"2023-07":40,"2023-08":26,"2023-09":7,"2023-10":3,"2023-11":2,"2023-12":8,"2024-01":8,"2024-02":9,"2024-03":4,"2024-04":5,"2024-05":1,"2024-06":1,"2024-07":3,"2024-08":2,"2024-09":4,"2024-10":2,"2025-01":1,"2025-02":2,"2025-03":3,"2025-04":1,"2025-05":1,"2025-06":1},"latest_month":"2025-09"}},{"type":"Feature","geometry":{"type":"Polygon","coordinates":[[[-117.154634,32.709402],[-117.15373,32.709401],[-117.153723,32.70837],[-117.153727,32.708367],[-117.15424,32.707939],[-117.154383,32.70806],[-117.154384,32.708061],[-117.154385,32.708062],[-117.154387,32.708063],[-117.154388,32.708064],[-117.154389,32.708065],[-117.15439,32.708066],[-117.154391,32.708067],[-117.154392,32.708068],[-117.154393,32.708069],[-117.154394,32.70807],[-117.154395,32.708071],[-117.154396,32.708072],[-117.154397,32.708073],[-117.154399,32.708074],[-117.1544,32.708075],[-117.154401,32.708076],[-117.154402,32.708077],[-117.154403,32.708078],[-117.154404,32.708079],[-117.154405,32.70808],[-117.154406,32.708081],[-117.154407,32.708082],[-117.154408,32.708083],[-117.154409,32.708084],[-117.15441,32.708085],[-117.154411,32.708086],[-117.154412,32.708087],[-117.154414,32.708088],[-117.154415,32.70809],[-117.154416,32.708091],[-117.154417,32.708092],[-117.154418,32.708093],[-117.154419,32.708094],[-117.15442,32.708095],[-117.154421,32.708096],[-117.154422,32.708097],[-117.154423,32.708098],[-117.154424,32.708099],[-117.154425,32.7081],[-117.154426,32.708101],[-117.154427,32.708102],[-117.154428,32.708103],[-117.154429,32.708104],[-117.15443,32.708105],[-117.154431,32.708106],[-117.154432,32.708108],[-117.154433,32.708109],[-117.154434,32.70811],[-117.154435,32.708111],[-117.154436,32.708112],[-117.154437,32.708113],[-117.154438,32.708114],[-117.154439,32.708115],[-117.15444,32.708116],[-117.154441,32.708117],[-117.154442,32.708118],[-117.154443,32.708119],[-117.154444,32.70812],[-117.154445,32.708122],[-117.154446,32.708123],[-117.154447,32.708124],[-117.154448,32.708125],[-117.154449,32.708126],[-117.15445,32.708127],[-117.154451,32.708128],[-117.154452,32.708129],[-117.154453,32.70813],[-117.154454,32.708131],[-117.154455,32.708133],[-117.154456,32.708134],[-117.154457,32.708135],[-117.154458,32.708136],[-117.154459,32.708137],[-117.15446,32.708138],[-117.154461,32.708139],[-117.154462,32.70814],[-117.154463,32.708141],[-117.154464,32.708143],[-117.154465,32.708144],[-117.154466,32.708145],[-117.154467,32.708146],[-117.154468,32.708147],[-117.154468,32.708148],[-117.154469,32.708149],[-117.15447,32.70815],[-117.154471,32.708151],[-117.154472,32.708153],[-117.154473,32.708154],[-117.154474,32.708155],[-117.154475,32.708156],[-117.154476,32.708157],[-117.154477,32.708158],[-117.154478,32.708159],[-117.154479,32.708161],[-117.15448,32.708162],[-117.15448,32.708163],[-117.154481,32.708164],[-117.154482,32.708165],[-117.154483,32.708166],[-117.154484,32.708167],[-117.154485,32.708169],[-117.154486,32.70817],[-117.154487,32.708171],[-117.154488,32.708172],[-117.154489,32.708173],[-117.154489,32.708174],[-117.15449,32.708175],[-117.154491,32.708177],[-117.154492,32.708178],[-117.154493,32.708179],[-117.154494,32.70818],[-117.154495,32.708181],[-117.154496,32.708182],[-117.154496,32.708183],[-117.154497,32.708185],[-117.154498,32.708186],[-117.154499,32.708187],[-117.1545,32.708188],[-117.154501,32.708189],[-117.154502,32.70819],[-117.154503,32.708192],[-117.154503,32.708193],[-117.154504,32.708194],[-117.154505,32.708195],[-117.154506,32.708196],[-117.154507,32.708198],[-117.154508,32.708199],[-117.154508,32.7082],[-117.154509,32.708201],[-117.15451,32.708202],[-117.154511,32.708203],[-117.154512,32.708205],[-117.154513,32.708206],[-117.154513,32.708207],[-117.154514,32.708208],[-117.154515,32.708209],[-117.154516,32.708211],[-117.154517,32.708212],[-117.154518,32.708213],[-117.154518,32.708214],[-117.154519,32.708215],[-117.15452,32.708216],[-117.154521,32.708218],[-117.154522,32.708219],[-117.154522,32.70822],[-117.154523,32.708221],[-117.154524,32.708222],[-117.154525,32.708224],[-117.154526,32.708225],[-117.154526,32.708226],[-117.154527,32.708227],[-117.154528,32.708228],[-117.154529,32.70823],[-117.154529,32.708231],[-117.15453,32.708232],[-117.154531,32.708233],[-117.154532,32.708235],[-117.154532,32.708236],[-117.154533,32.708237],[-117.154534,32.708238],[-117.154535,32.708239],[-117.154536,32.708241],[-117.154536,32.708242],[-117.154537,32.708243],[-117.154538,32.708244],[-117.154539,32.708245],[-117.154539,32.708247],[-117.15454,32.708248],[-117.154541,32.708249],[-117.154542,32.70825],[-117.154542,32.708252],[-117.154543,32.708253],[-117.154544,32.708254],[-117.154544,32.708255],[-117.154545,32.708256],[-117.154546,32.708258],[-117.154547,32.708259],[-117.154547,32.70826],[-117.154548,32.708261],[-117.154549,32.708263],[-117.154549,32.708264],[-117.15455,32.708265],[-117.154551,32.708266],[-117.154552,32.708268],[-117.154552,32.708269],[-117.154553,32.70827],[-117.154554,32.708271],[-117.154554,32.708273],[-117.154555,32.708274],[-117.154556,32.708275],[-117.154556,32.708276],[-117.154557,32.708278],[-117.154558,32.708279],[-117.154559,32.70828],[-117.154559,32.708281],[-117.15456,32.708283],[-117.154561,32.708284],[-117.154561,32.708285],[-117.154562,32.708286],[-117.154563,32.708288],[-117.154563,32.708289],[-117.154564,32.70829],[-117.154565,32.708291],[-117.154565,32.708293],[-117.154566,32.708294],[-117.154566,32.708295],[-117.154567,32.708296],[-117.154568,32.708298],[-117.154568,32.708299],[-117.154569,32.7083],[-117.15457,32.708301],[-117.15457,32.708303],[-117.154571,32.708304],[-117.154572,32.708305],[-117.154572,32.708306],[-117.154573,32.708308],[-117.154573,32.708309],[-117.154574,32.70831],[-117.154575,32.708312],[-117.154575,32.708313],[-117.154576,32.708314],[-117.154577,32.708315],[-117.154577,32.708317],[-117.154578,32.708318],[-117.154578,32.708319],[-117.154579,32.70832],[-117.15458,32.708322],[-117.15458,32.708323],[-117.154581,32.708324],[-117.154581,32.708326],[-117.154582,32.708327],[-117.154583,32.708328],[-117.154583,32.708329],[-117.154584,32.708331],[-117.154584,32.708332],[-117.154585,32.708333],[-117.154585,32.708335],[-117.154586,32.708336],[-117.154587,32.708337],[-117.154587,32.708338],[-117.154588,32.70834],[-117.154588,32.708341],[-117.154589,32.708342],[-117.154589,32.708344],[-117.15459,32.708345],[-117.15459,32.708346],[-117.154591,32.708347],[-117.154592,32.708349],[-117.154592,32.70835],[-117.154593,32.708351],[-117.154593,32.708353],[-117.154594,32.708354],[-117.154594,32.708355],[-117.154594,32.708356],[-117.154595,32.708357],[-117.154595,32.708358],[-117.154596,32.708359],[-117.154596,32.70836],[-117.154596,32.70836],[-117.154596,32.70836],[-117.154597,32.708362],[-117.154597,32.708363],[-117.154598,32.708364],[-117.154598,32.708366],[-117.154599,32.708367],[-117.154599,32.708368],[-117.1546,32.70837],[-117.1546,32.708371],[-117.154601,32.708372],[-117.154601,32.708374],[-117.154602,32.708375],[-117.154602,32.708376],[-117.154603,32.708377],[-117.154603,32.708379],[-117.154604,32.70838],[-117.154604,32.708381],[-117.154605,32.708383],[-117.154605,32.708384],[-117.154606,32.708385],[-117.154606,32.708387],[-117.154607,32.708388],[-117.154607,32.708389],[-117.154608,32.708391],[-117.154608,32.708392],[-117.154609,32.708393],[-117.154609,32.708395],[-117.154609,32.708396],[-117.15461,32.708397],[-117.15461,32.708398],[-117.154611,32.7084],[-117.154611,32.708401],[-117.154612,32.708402],[-117.154612,32.708404],[-117.154613,32.708405],[-117.154613,32.708406],[-117.154613,32.708408],[-117.154614,32.708409],[-117.154614,32.70841],[-117.154615,32.708412],[-117.154615,32.708413],[-117.154615,32.708414],[-117.154616,32.708416],[-117.154616,32.708417],[-117.154617,32.708418],[-117.154617,32.70842],[-117.154618,32.708421],[-117.154618,32.708422],[-117.154618,32.708424],[-117.154619,32.708425],[-117.154619,32.708426],[-117.154619,32.708428],[-117.15462,32.708429],[-117.15462,32.70843],[-117.154621,32.708432],[-117.154621,32.708433],[-117.154621,32.708434],[-117.154622,32.708436],[-117.154622,32.708437],[-117.154623,32.708438],[-117.154623,32.70844],[-117.154623,32.708441],[-117.154624,32.708442],[-117.154624,32.708444],[-117.154624,32.708445],[-117.154625,32.708446],[-117.154625,32.708448],[-117.154625,32.708449],[-117.154626,32.70845],[-117.154626,32.708452],[-117.154626,32.708453],[-117.154627,32.708455],[-117.154627,32.708456],[-117.154627,32.708457],[-117.154628,32.708459],[-117.154628,32.70846],[-117.154628,32.708461],[-117.154629,32.708463],[-117.154629,32.708464],[-117.154629,32.708465],[-117.15463,32.708467],[-117.15463,32.708468],[-117.15463,32.708469],[-117.15463,32.70847],[-117.154631,32.708471],[-117.154631,32.708472],[-117.154631,32.708473],[-117.154631,32.708475],[-117.154632,32.708476],[-117.154632,32.708477],[-117.154632,32.708479],[-117.154633,32.70848],[-117.154633,32.708481],[-117.154633,32.708483],[-117.154633,32.708484],[-117.154634,32.708486],[-117.154634,32.708487],[-117.154634,32.708488],[-117.154635,32.70849],[-117.154635,32.708491],[-117.154635,32.708492],[-117.154635,32.708494],[-117.154636,32.708495],[-117.154636,32.708496],[-117.154636,32.708498],[-117.154636,32.708499],[-117.154637,32.7085],[-117.154637,32.708502],[-117.154637,32.708503],[-117.154637,32.708505],[-117.154638,32.708506],[-117.154638,32.708507],[-117.154638,32.708509],[-117.154638,32.70851],[-117.154638,32.708511],[-117.154639,32.708513],[-117.154639,32.708514],[-117.154639,32.708515],[-117.154639,32.708517],[-117.15464,32.708518],[-117.15464,32.70852],[-117.15464,32.708521],[-117.15464,32.708522],[-117.15464,32.708524],[-117.154641,32.708525],[-117.154641,32.708526],[-117.154641,32.708528],[-117.154641,32.708529],[-117.154641,32.70853],[-117.154641,32.708532],[-117.154642,32.708533],[-117.154642,32.708535],[-117.154642,32.708536],[-117.154642,32.708537],[-117.154642,32.708539],[-117.154643,32.70854],[-117.154643,32.708541],[-117.154643,32.708543],[-117.154643,32.708544],[-117.154643,32.708545],[-117.154643,32.708547],[-117.154643,32.708548],[-117.154644,32.70855],[-117.154644,32.708551],[-117.154644,32.708552],[-117.154644,32.708554],[-117.154644,32.708555],[-117.154644,32.708556],[-117.154644,32.708558],[-117.154645,32.708559],[-117.154645,32.708561],[-117.154645,32.708562],[-117.154645,32.708563],[-117.154645,32.708565],[-117.154645,32.708566],[-117.154645,32.708567],[-117.154645,32.708569],[-117.154646,32.70857],[-117.154646,32.708572],[-117.154646,32.708573],[-117.154648,32.708595],[-117.154634,32.709402]]]},"properties":{"block_id":"PARK_BL_J_ST","neighborhood":"South East Village","total_reports":1021,"latest_year":"2025","latest_year_reports":137,"reports_by_year":{"2018":5,"2019":9,"2020":15,"2021":26,"2022":106,"2023":387,"2024":336,"2025":137},"reports_by_month":{"2018-10":2,"2018-11":2,"2018-12":1,"2019-02":1,"2019-03":1,"2019-06":1,"2019-07":2,"2019-09":3,"2019-11":1,"2020-03":1,"2020-06":1,"2020-07":2,"2020-08":7,"2020-09":1,"2020-10":1,"2020-11":2,"2021-01":1,"2021-03":13,"2021-06":1,"2021-08":1,"2021-09":4,"2021-10":3,"2021-11":1,"2021-12":2,"2022-01":13,"2022-02":16,"2022-03":16,"2022-04":1,"2022-05":5,"2022-06":11,"2022-07":3,"2022-08":4,"2022-09":11,"2022-10":9,"2022-11":11,"2022-12":6,"2023-01":11,"2023-02":4,"2023-03":16,"2023-04":15,"2023-05":29,"2023-06":33,"2023-07":71,"2023-08":38,"2023-09":36,"2023-10":27,"2023-11":50,"2023-12":57,"2024-01":45,"2024-02":22,"2024-03":40,"2024-04":34,"2024-05":24,"2024-06":6,"2024-07":19,"2024-08":36,"2024-09":17,"2024-10":44,"2024-11":28,"2024-12":21,"2025-01":23,"2025-02":28,"2025-03":25,"2025-04":35,"2025-05":5,"2025-06":13,"2025-07":3,"2025-08":1,"2025-09":4},"latest_month":"2025-09"}},{"type":"Feature","geometry":{"type":"Polygon","coordinates":[[[-117.148545,32.712632],[-117.14855,32.711533],[-117.149458,32.711532],[-117.149465,32.712631],[-117.148545,32.712632]]]},"properties":{"block_id":"17TH_ST_G_ST","neighborhood":"East Village","total_reports":252,"latest_year":"2025","latest_year_reports":11,"reports_by_year":{"2018":2,"2019":1,"2020":23,"2021":48,"2022":19,"2023":52,"2024":96,"2025":11},"reports_by_month":{"2018-10":1,"2018-11":1,"2019-01":1,"2020-02":2,"2020-06":1,"2020-07":3,"2020-08":3,"2020-09":1,"2020-12":13,"2021-01":2,"2021-02":14,"2021-06":6,"2021-07":4,"2021-08":1,"2021-09":12,"2021-10":6,"2021-11":3,"2022-01":2,"2022-02":2,"2022-03":2,"2022-04":1,"2022-05":2,"2022-06":4,"2022-07":3,"2022-09":1,"2022-10":1,"2022-11":1,"2023-01":1,"2023-02":1,"2023-03":2,"2023-04":2,"2023-05":4,"2023-06":4,"2023-07":2,"2023-08":18,"2023-09":8,"2023-10":2,"2023-11":6,"2023-12":2,"2024-01":22,"2024-02":51,"2024-03":14,"2024-04":2,"2024-05":1,"2024-06":1,"2024-07":1,"2024-08":2,"2024-11":2,"2025-01":1,"2025-02":1,"2025-03":3,"2025-05":1,"2025-06":1,"2025-08":3,"2025-09":1},"latest_month":"2025-09"}},{"type":"Feature","geometry":{"type":"Polygon","coordinates":[[[-117.148491,32.713683],[-117.148026,32.713683],[-117.148026,32.713682],[-117.147925,32.713027],[-117.147909,32.712729],[-117.147909,32.712728],[-117.148416,32.712644],[-117.148545,32.712632],[-117.148556,32.713682],[-117.148491,32.713683]]]},"properties":{"block_id":"I-5_SB_ON_RA_F_ST","neighborhood":"East Village","total_reports":172,"latest_year":"2025","latest_year_reports":43,"reports_by_year":{"2018":0,"2019":0,"2020":2,"2021":14,"2022":21,"2023":39,"2024":53,"2025":43},"reports_by_month":{"2020-04":1,"2020-08":1,"2021-03":2,"2021-05":1,"2021-06":1,"2021-07":1,"2021-08":1,"2021-09":1,"2021-10":6,"2021-12":1,"2022-01":6,"2022-03":1,"2022-06":2,"2022-07":1,"2022-08":5,"2022-09":2,"2022-11":1,"2022-12":3,"2023-01":1,"2023-03":1,"2023-04":1,"2023-05":5,"2023-08":1,"2023-09":2,"2023-10":11,"2023-11":9,"2023-12":8,"2024-01":15,"2024-02":13,"2024-05":3,"2024-08":3,"2024-09":1,"2024-10":7,"2024-11":7,"2024-12":4,"2025-01":4,"2025-02":3,"2025-03":7,"2025-04":1,"2025-05":5,"2025-06":3,"2025-07":4,"2025-08":9,"2025-09":7},"latest_month":"2025-09"}},{"type":"Feature","geometry":{"type":"Polygon","coordinates":[[[-117.14948,32.714717],[-117.149475,32.714184],[-117.149473,32.713675],[-117.15039,32.713672],[-117.150395,32.71418],[-117.1504,32.714713],[-117.14948,32.714717]]]},"properties":{"block_id":"16TH_ST_E_ST","neighborhood":"East Village","total_reports":72,"latest_year":"2025","latest_year_reports":6,"reports_by_year":{"2018":0,"2019":1,"2020":4,"2021":1,"2022":4,"2023":28,"2024":28,"2025":6},"reports_by_month":{"2019-08":1,"2020-05":2,"2020-06":1,"2020-10":1,"2021-03":1,"2022-03":1,"2022-09":1,"2022-12":2,"2023-02":1,"2023-03":6,"2023-04":1,"2023-05":3,"2023-06":3,"2023-08":1,"2023-10":5,"2023-12":8,"2024-01":12,"2024-02":9,"2024-04":1,"2024-05":1,"2024-07":1,"2024-10":4,"2025-01":2,"2025-03":1,"2025-04":2,"2025-05":1},"latest_month":"2025-09"}},{"type":"Feature","geometry":{"type":"Polygon","coordinates":[[[-117.153763,32.712611],[-117.153771,32.713652],[-117.15286,32.713659],[-117.152853,32.712615],[-117.153763,32.712611]]]},"properties":{"block_id":"13TH_ST_F_ST","neighborhood":"East Village","total_reports":21,"latest_year":"2025","latest_year_reports":3,"reports_by_year":{"2018":2,"2019":1,"2020":4,"2021":0,"2022":0,"2023":3,"2024":8,"2025":3},"reports_by_month":{"2018-09":1,"2018-12":1,"2019-08":1,"2020-05":1,"2020-07":1,"2020-10":1,"2020-11":1,"2023-11":1,"2023-12":2,"2024-01":4,"2024-02":1,"2024-07":3,"2025-05":1,"2025-06":1,"2025-07":1},"latest_month":"2025-09"}},{"type":"Feature","geometry":{"type":"Polygon","coordinates":[[[-117.15195,32.713663],[-117.151943,32.712618],[-117.152853,32.712615],[-117.15286,32.713659],[-117.15195,32.713663]]]},"properties":{"block_id":"14TH_ST_F_ST","neighborhood":"East Village","total_reports":84,"latest_year":"2025","latest_year_reports":1,"reports_by_year":{"2018":0,"2019":4,"2020":37,"2021":17,"2022":16,"2023":9,"2024":0,"2025":1},"reports_by_month":{"2019-05":1,"2019-09":2,"2019-12":1,"2020-04":1,"2020-05":3,"2020-06":10,"2020-07":6,"2020-08":6,"2020-09":1,"2020-10":4,"2020-11":4,"2020-12":2,"2021-01":2,"2021-02":2,"2021-03":3,"2021-04":2,"2021-05":1,"2021-06":2,"2021-07":2,"2021-08":2,"2021-11":1,"2022-01":1,"2022-05":1,"2022-07":11,"2022-08":3,"2023-01":1,"2023-03":6,"2023-06":2,"2025-05":1},"latest_month":"2025-09"}},{"type":"Feature","geometry":{"type":"Polygon","coordinates":[[[-117.148549,32.710455],[-117.149446,32.710449],[-117.149458,32.711532],[-117.14855,32.711533],[-117.148549,32.710455]]]},"properties":{"block_id":"17TH_ST_MARKET_ST","neighborhood":"South East Village","total_reports":917,"latest_year":"2025","latest_year_reports":16,"reports_by_year":{"2018":11,"2019":4,"2020":91,"2021":159,"2022":202,"2023":305,"2024":129,"2025":16},"reports_by_month":{"2018-09":4,"2018-10":6,"2018-11":1,"2019-03":1,"2019-08":1,"2019-10":1,"2019-12":1,"2020-01":1,"2020-02":3,"2020-03":2,"2020-04":1,"2020-06":3,"2020-07":34,"2020-08":2,"2020-09":7,"2020-10":8,"2020-11":7,"2020-12":23,"2021-01":6,"2021-02":28,"2021-03":14,"2021-04":10,"2021-05":19,"2021-06":27,"2021-07":12,"2021-08":8,"2021-09":4,"2021-10":12,"2021-11":5,"2021-12":14,"2022-01":11,"2022-02":7,"2022-03":6,"2022-04":6,"2022-05":15,"2022-06":15,"2022-07":8,"2022-08":37,"2022-09":62,"2022-10":17,"2022-11":11,"2022-12":7,"2023-01":14,"2023-02":14,"2023-03":19,"2023-04":20,"2023-05":37,"2023-06":31,"2023-07":36,"2023-08":46,"2023-09":25,"2023-10":42,"2023-11":15,"2023-12":6,"2024-01":63,"2024-02":14,"2024-03":16,"2024-04":1,"2024-05":3,"2024-06":5,"2024-07":10,"2024-08":6,"2024-09":1,"2024-10":7,"2024-12":3,"2025-01":3,"2025-02":1,"2025-04":2,"2025-05":3,"2025-06":1,"2025-07":1,"2025-08":1,"2025-09":4},"latest_month":"2025-09"}},{"type":"Feature","geometry":{"type":"Polygon","coordinates":[[[-117.152804,32.709421],[-117.151897,32.709425],[-117.151883,32.708372],[-117.15279,32.708374],[-117.152804,32.709421]]]},"properties":{"block_id":"14TH_ST_J_ST","neighborhood":"South East Village","total_reports":450,"latest_year":"2025","latest_year_reports":4,"reports_by_year":{"2018":0,"2019":0,"2020":21,"2021":60,"2022":134,"2023":187,"2024":44,"2025":4},"reports_by_month":{"2020-05":5,"2020-06":3,"2020-07":3,"2020-08":4,"2020-09":3,"2020-10":1,"2020-11":1,"2020-12":1,"2021-01":7,"2021-02":3,"2021-03":6,"2021-04":3,"2021-05":2,"2021-06":4,"2021-07":2,"2021-08":4,"2021-09":5,"2021-10":5,"2021-11":3,"2021-12":16,"2022-01":22,"2022-02":11,"2022-03":27,"2022-04":3,"2022-05":14,"2022-06":6,"2022-07":13,"2022-08":8,"2022-09":5,"2022-10":2,"2022-11":4,"2022-12":19,"2023-01":15,"2023-02":4,"2023-03":4,"2023-04":2,"2023-06":4,"2023-07":11,"2023-08":54,"2023-09":25,"2023-10":19,"2023-11":35,"2023-12":14,"2024-01":6,"2024-02":6,"2024-03":7,"2024-04":10,"2024-05":7,"2024-06":5,"2024-09":1,"2024-10":1,"2024-11":1,"2025-02":2,"2025-06":1,"2025-08":1},"latest_month":"2025-09"}},{"type":"Feature","geometry":{"type":"Polygon","coordinates":[[[-117.151897,32.709425],[-117.152804,32.709421],[-117.152821,32.710454],[-117.151911,32.710458],[-117.151897,32.709425]]]},"properties":{"block_id":"14TH_ST_ISLAND_AV","neighborhood":"South East Village","total_reports":462,"latest_year":"2025","latest_year_reports":12,"reports_by_year":{"2018":0,"2019":1,"2020":15,"2021":66,"2022":165,"2023":144,"2024":59,"2025":12},"reports_by_month":{"2019-05":1,"2020-05":3,"2020-06":1,"2020-08":1,"2020-09":3,"2020-10":3,"2020-11":3,"2020-12":1,"2021-01":2,"2021-02":7,"2021-03":3,"2021-04":7,"2021-05":8,"2021-06":4,"2021-07":5,"2021-08":4,"2021-09":3,"2021-10":5,"2021-11":1,"2021-12":17,"2022-01":13,"2022-02":28,"2022-03":25,"2022-04":13,"2022-05":15,"2022-06":23,"2022-07":33,"2022-08":8,"2022-10":1,"2022-12":6,"2023-01":3,"2023-02":1,"2023-03":2,"2023-04":8,"2023-05":3,"2023-08":48,"2023-09":17,"2023-10":7,"2023-11":10,"2023-12":45,"2024-01":3,"2024-02":13,"2024-03":6,"2024-04":7,"2024-05":3,"2024-06":7,"2024-07":4,"2024-08":1,"2024-09":2,"2024-10":8,"2024-11":3,"2024-12":2,"2025-02":2,"2025-03":1,"2025-04":1,"2025-05":3,"2025-06":2,"2025-07":2,"2025-08":1},"latest_month":"2025-09"}},{"type":"Feature","geometry":{"type":"Polygon","coordinates":[[[-117.151911,32.710458],[-117.152821,32.710454],[-117.152832,32.71154],[-117.151922,32.711541],[-117.151911,32.710458]]]},"properties":{"block_id":"14TH_ST_MARKET_ST","neighborhood":"South East Village","total_reports":783,"latest_year":"2025","latest_year_reports":20,"reports_by_year":{"2018":0,"2019":2,"2020":16,"2021":57,"2022":96,"2023":502,"2024":90,"2025":20},"reports_by_month":{"2019-09":1,"2019-12":1,"2020-04":3,"2020-05":2,"2020-06":1,"2020-07":1,"2020-09":6,"2020-11":2,"2020-12":1,"2021-01":2,"2021-02":3,"2021-03":1,"2021-04":11,"2021-05":8,"2021-06":4,"2021-07":5,"2021-08":7,"2021-09":3,"2021-10":2,"2021-11":5,"2021-12":6,"2022-02":1,"2022-03":2,"2022-04":6,"2022-05":5,"2022-06":12,"2022-07":25,"2022-08":8,"2022-09":1,"2022-10":7,"2022-11":13,"2022-12":16,"2023-01":23,"2023-02":6,"2023-03":6,"2023-04":17,"2023-05":35,"2023-06":18,"2023-07":38,"2023-08":89,"2023-09":74,"2023-10":99,"2023-11":75,"2023-12":22,"2024-01":5,"2024-02":4,"2024-03":2,"2024-04":7,"2024-05":12,"2024-06":31,"2024-07":19,"2024-08":2,"2024-09":1,"2024-10":2,"2024-11":4,"2024-12":1,"2025-01":2,"2025-02":2,"2025-03":4,"2025-04":2,"2025-05":5,"2025-06":3,"2025-07":2},"latest_month":"2025-09"}},{"type":"Feature","geometry":{"type":"Polygon","coordinates":[[[-117.150342,32.705223],[-117.149432,32.705221],[-117.149432,32.705208],[-117.149432,32.705194],[-117.149431,32.70518],[-117.14943,32.705166],[-117.149428,32.705153],[-117.149425,32.705139],[-117.149422,32.705126],[-117.149419,32.705112],[-117.149415,32.705099],[-117.14941,32.705086],[-117.149405,32.705073],[-117.149399,32.70506],[-117.149398,32.705057],[-117.149395,32.705043],[-117.149393,32.70503],[-117.149391,32.705016],[-117.14939,32.705002],[-117.149389,32.704988],[-117.149389,32.704975],[-117.149389,32.704961],[-117.14939,32.704947],[-117.149391,32.704934],[-117.149393,32.70492],[-117.149395,32.704906],[-117.149397,32.704893],[-117.1494,32.704879],[-117.149404,32.704866],[-117.149408,32.704852],[-117.149412,32.704839],[-117.149417,32.704826],[-117.149423,32.704813],[-117.149428,32.7048],[-117.149435,32.704788],[-117.149441,32.704775],[-117.149448,32.704763],[-117.149456,32.704751],[-117.149464,32.704739],[-117.149472,32.704727],[-117.149473,32.704726],[-117.149659,32.70453],[-117.150065,32.704123],[-117.151656,32.705227],[-117.150342,32.705223]]]},"properties":{"block_id":"S_16TH_ST_COMMERCIAL_ST","neighborhood":"Barrio Logan","total_reports":204,"latest_year":"2025","latest_year_reports":16,"reports_by_year":{"2018":0,"2019":2,"2020":18,"2021":59,"2022":46,"2023":49,"2024":14,"2025":16},"reports_by_month":{"2019-12":2,"2020-04":1,"2020-05":1,"2020-06":3,"2020-07":6,"2020-08":2,"2020-09":3,"2020-10":1,"2020-11":1,"2021-01":4,"2021-02":3,"2021-03":1,"2021-04":1,"2021-05":16,"2021-06":12,"2021-07":5,"2021-08":7,"2021-09":4,"2021-10":1,"2021-11":5,"2022-01":2,"2022-02":2,"2022-03":3,"2022-04":3,"2022-05":4,"2022-06":8,"2022-07":3,"2022-08":7,"2022-09":6,"2022-10":3,"2022-11":3,"2022-12":2,"2023-01":4,"2023-03":1,"2023-04":2,"2023-05":11,"2023-06":12,"2023-07":15,"2023-09":1,"2023-10":2,"2023-12":1,"2024-01":5,"2024-02":2,"2024-04":1,"2024-07":1,"2024-08":2,"2024-10":3,"2025-01":3,"2025-02":7,"2025-03":1,"2025-04":2,"2025-07":1,"2025-08":2},"latest_month":"2025-09"}},{"type":"Feature","geometry":{"type":"Polygon","coordinates":[[[-117.149432,32.705221],[-117.150342,32.705223],[-117.150341,32.705731],[-117.15035,32.706278],[-117.14943,32.706269],[-117.149432,32.705221]]]},"properties":{"block_id":"16TH_ST_IMPERIAL_AV","neighborhood":"South East Village","total_reports":74,"latest_year":"2025","latest_year_reports":3,"reports_by_year":{"2018":0,"2019":3,"2020":20,"2021":6,"2022":5,"2023":30,"2024":7,"2025":3},"reports_by_month":{"2019-09":1,"2019-12":2,"2020-01":2,"2020-02":2,"2020-03":2,"2020-04":1,"2020-06":1,"2020-07":6,"2020-08":4,"2020-11":1,"2020-12":1,"2021-02":1,"2021-07":1,"2021-10":1,"2021-11":2,"2021-12":1,"2022-05":1,"2022-08":2,"2022-10":1,"2022-12":1,"2023-02":2,"2023-04":1,"2023-05":15,"2023-06":5,"2023-07":2,"2023-08":1,"2023-11":2,"2023-12":2,"2024-01":1,"2024-05":1,"2024-06":1,"2024-08":1,"2024-10":1,"2024-11":1,"2024-12":1,"2025-02":1,"2025-04":2},"latest_month":"2025-09"}},{"type":"Feature","geometry":{"type":"Polygon","coordinates":[[[-117.15035,32.706278],[-117.150341,32.705731],[-117.150342,32.705223],[-117.151656,32.705227],[-117.151901,32.705407],[-117.151877,32.705624],[-117.151882,32.706284],[-117.15035,32.706278]]]},"properties":{"block_id":"15TH_ST_IMPERIAL_AV","neighborhood":"South East Village","total_reports":336,"latest_year":"2025","latest_year_reports":56,"reports_by_year":{"2018":0,"2019":9,"2020":40,"2021":25,"2022":26,"2023":69,"2024":111,"2025":56},"reports_by_month":{"2019-01":1,"2019-02":4,"2019-09":2,"2019-12":2,"2020-02":2,"2020-03":4,"2020-04":1,"2020-06":1,"2020-07":21,"2020-08":3,"2020-10":4,"2020-11":2,"2020-12":2,"2021-01":1,"2021-02":5,"2021-03":1,"2021-04":2,"2021-05":1,"2021-06":1,"2021-08":2,"2021-10":4,"2021-11":4,"2021-12":4,"2022-02":1,"2022-04":1,"2022-05":1,"2022-06":2,"2022-07":2,"2022-08":4,"2022-09":9,"2022-10":5,"2022-11":1,"2023-03":1,"2023-04":5,"2023-05":25,"2023-06":13,"2023-07":13,"2023-08":3,"2023-09":5,"2023-10":2,"2023-11":2,"2024-01":7,"2024-02":11,"2024-03":9,"2024-04":11,"2024-05":22,"2024-06":12,"2024-07":5,"2024-08":5,"2024-09":8,"2024-10":2,"2024-11":13,"2024-12":6,"2025-01":1,"2025-02":4,"2025-04":1,"2025-05":7,"2025-06":5,"2025-07":19,"2025-08":11,"2025-09":8},"latest_month":"2025-09"}},{"type":"Feature","geometry":{"type":"Polygon","coordinates":[[[-117.152794,32.706279],[-117.152799,32.707332],[-117.151879,32.707328],[-117.151882,32.706284],[-117.152794,32.706279]]]},"properties":{"block_id":"14TH_ST_L_ST","neighborhood":"South East Village","total_reports":746,"latest_year":"2025","latest_year_reports":78,"reports_by_year":{"2018":1,"2019":0,"2020":59,"2021":32,"2022":67,"2023":219,"2024":290,"2025":78},"reports_by_month":{"2018-09":1,"2020-05":3,"2020-06":8,"2020-07":20,"2020-08":11,"2020-09":1,"2020-10":3,"2020-11":6,"2020-12":7,"2021-03":3,"2021-04":6,"2021-05":8,"2021-06":4,"2021-08":2,"2021-09":2,"2021-10":2,"2021-11":3,"2021-12":2,"2022-01":5,"2022-02":6,"2022-03":1,"2022-04":1,"2022-05":1,"2022-06":2,"2022-07":5,"2022-08":19,"2022-09":11,"2022-10":5,"2022-11":4,"2022-12":7,"2023-01":2,"2023-02":1,"2023-03":8,"2023-04":5,"2023-05":8,"2023-06":8,"2023-07":15,"2023-08":18,"2023-09":23,"2023-10":38,"2023-11":47,"2023-12":46,"2024-01":52,"2024-02":65,"2024-03":23,"2024-04":33,"2024-05":16,"2024-06":17,"2024-07":28,"2024-08":20,"2024-09":4,"2024-10":10,"2024-11":11,"2024-12":11,"2025-01":17,"2025-02":15,"2025-03":7,"2025-04":14,"2025-05":11,"2025-06":11,"2025-08":2,"2025-09":1},"latest_month":"2025-09"}},{"type":"Feature","geometry":{"type":"Polygon","coordinates":[[[-117.156451,32.709394],[-117.155548,32.709396],[-117.155567,32.708355],[-117.155567,32.708348],[-117.155567,32.70832],[-117.155567,32.708318],[-117.155567,32.708317],[-117.155567,32.708316],[-117.155567,32.708314],[-117.155567,32.708313],[-117.155567,32.708312],[-117.155567,32.70831],[-117.155567,32.708309],[-117.155567,32.708307],[-117.155567,32.708306],[-117.155566,32.708305],[-117.155566,32.708303],[-117.155566,32.708302],[-117.155566,32.708301],[-117.155566,32.708299],[-117.155566,32.708298],[-117.155566,32.708296],[-117.155566,32.708295],[-117.155566,32.708294],[-117.155566,32.708292],[-117.155566,32.708291],[-117.155566,32.70829],[-117.155566,32.708288],[-117.155566,32.708287],[-117.155566,32.708286],[-117.155566,32.708284],[-117.155565,32.708283],[-117.155565,32.708281],[-117.155565,32.70828],[-117.155565,32.708279],[-117.155565,32.708277],[-117.155565,32.708276],[-117.155565,32.708275],[-117.155565,32.708273],[-117.155565,32.708272],[-117.155565,32.70827],[-117.155565,32.708269],[-117.155564,32.708268],[-117.155564,32.708266],[-117.155564,32.708265],[-117.155564,32.708264],[-117.155564,32.708262],[-117.155564,32.708261],[-117.155564,32.708259],[-117.155564,32.708258],[-117.155563,32.708257],[-117.155563,32.708255],[-117.155563,32.708254],[-117.155563,32.708253],[-117.155563,32.708251],[-117.155563,32.70825],[-117.155563,32.708249],[-117.155562,32.708247],[-117.155562,32.708246],[-117.155562,32.708244],[-117.155562,32.708243],[-117.155562,32.708242],[-117.155562,32.70824],[-117.155561,32.708239],[-117.155561,32.708238],[-117.155561,32.708236],[-117.155561,32.708235],[-117.155561,32.708233],[-117.155561,32.708232],[-117.15556,32.708231],[-117.15556,32.708229],[-117.15556,32.708228],[-117.15556,32.708227],[-117.15556,32.708225],[-117.155559,32.708224],[-117.155559,32.708223],[-117.155559,32.708221],[-117.155559,32.70822],[-117.155559,32.708218],[-117.155558,32.708217],[-117.155558,32.708216],[-117.155558,32.708214],[-117.155558,32.708213],[-117.155557,32.708212],[-117.155557,32.70821],[-117.155557,32.708209],[-117.155557,32.708208],[-117.155557,32.708206],[-117.155556,32.708205],[-117.155556,32.708203],[-117.155556,32.708202],[-117.155556,32.708201],[-117.155555,32.708199],[-117.155555,32.708198],[-117.155555,32.708197],[-117.155555,32.708195],[-117.155554,32.708194],[-117.155554,32.708193],[-117.155554,32.708191],[-117.155554,32.70819],[-117.155553,32.708189],[-117.155553,32.708187],[-117.155553,32.708186],[-117.155552,32.708184],[-117.155552,32.708183],[-117.155552,32.708182],[-117.155552,32.70818],[-117.155551,32.708179],[-117.155551,32.708178],[-117.155551,32.708176],[-117.15555,32.708175],[-117.15555,32.708174],[-117.15555,32.708172],[-117.15555,32.708171],[-117.155549,32.70817],[-117.155549,32.708168],[-117.155549,32.708167],[-117.155548,32.708166],[-117.155548,32.708164],[-117.155548,32.708163],[-117.155547,32.708162],[-117.155547,32.70816],[-117.155547,32.708159],[-117.155546,32.708158],[-117.155546,32.708156],[-117.155546,32.708155],[-117.155545,32.708153],[-117.155545,32.708152],[-117.155545,32.708151],[-117.155544,32.708149],[-117.155544,32.708148],[-117.155544,32.708147],[-117.155543,32.708145],[-117.155543,32.708144],[-117.155543,32.708143],[-117.155542,32.708141],[-117.155542,32.70814],[-117.155541,32.708139],[-117.155541,32.708137],[-117.155541,32.708136],[-117.15554,32.708135],[-117.15554,32.708133],[-117.15554,32.708132],[-117.155539,32.708131],[-117.155539,32.708129],[-117.155538,32.708128],[-117.155538,32.708127],[-117.155538,32.708125],[-117.155537,32.708124],[-117.155537,32.708123],[-117.155537,32.708123],[-117.155536,32.708121],[-117.155536,32.70812],[-117.155536,32.708119],[-117.155535,32.708117],[-117.155535,32.708116],[-117.155534,32.708115],[-117.155534,32.708113],[-117.155534,32.708112],[-117.155533,32.708111],[-117.155533,32.708109],[-117.155532,32.708108],[-117.155532,32.708107],[-117.155531,32.708105],[-117.155531,32.708104],[-117.155531,32.708103],[-117.15553,32.708101],[-117.15553,32.7081],[-117.155529,32.708099],[-117.155529,32.708097],[-117.155528,32.708096],[-117.155528,32.708095],[-117.155527,32.708094],[-117.155527,32.708092],[-117.155527,32.708091],[-117.155526,32.70809],[-117.155526,32.708088],[-117.155525,32.708087],[-117.155525,32.708086],[-117.155524,32.708084],[-117.155524,32.708083],[-117.155523,32.708082],[-117.155523,32.70808],[-117.155522,32.708079],[-117.155522,32.708078],[-117.155521,32.708076],[-117.155521,32.708075],[-117.15552,32.708074],[-117.15552,32.708073],[-117.155519,32.708071],[-117.155519,32.70807],[-117.155518,32.708069],[-117.155518,32.708067],[-117.155517,32.708066],[-117.155517,32.708065],[-117.155516,32.708063],[-117.155516,32.708062],[-117.155515,32.708061],[-117.155515,32.708059],[-117.155514,32.708058],[-117.155514,32.708057],[-117.155513,32.708056],[-117.155513,32.708054],[-117.155512,32.708053],[-117.155512,32.708052],[-117.155511,32.70805],[-117.15551,32.708049],[-117.15551,32.708048],[-117.155509,32.708046],[-117.155509,32.708045],[-117.155508,32.708044],[-117.155508,32.708043],[-117.155507,32.708041],[-117.155507,32.70804],[-117.155506,32.708039],[-117.155505,32.708037],[-117.155505,32.708036],[-117.155504,32.708035],[-117.155504,32.708034],[-117.155503,32.708032],[-117.155503,32.708031],[-117.155502,32.70803],[-117.155501,32.708028],[-117.155501,32.708027],[-117.1555,32.708026],[-117.1555,32.708025],[-117.155499,32.708023],[-117.155498,32.708022],[-117.155498,32.708021],[-117.155497,32.70802],[-117.155497,32.708018],[-117.155496,32.708017],[-117.155495,32.708016],[-117.155495,32.708014],[-117.155494,32.708013],[-117.155494,32.708012],[-117.155493,32.708011],[-117.155492,32.708009],[-117.155492,32.708008],[-117.155491,32.708007],[-117.15549,32.708006],[-117.15549,32.708004],[-117.155489,32.708003],[-117.155489,32.708002],[-117.155488,32.708],[-117.155487,32.707999],[-117.155487,32.707998],[-117.155486,32.707997],[-117.155485,32.707995],[-117.155485,32.707994],[-117.155484,32.707993],[-117.155483,32.707992],[-117.155483,32.70799],[-117.155482,32.707989],[-117.155481,32.707988],[-117.155481,32.707987],[-117.15548,32.707985],[-117.155479,32.707984],[-117.155479,32.707983],[-117.155478,32.707982],[-117.155477,32.70798],[-117.155477,32.707979],[-117.155476,32.707978],[-117.155475,32.707977],[-117.155475,32.707975],[-117.155474,32.707974],[-117.155473,32.707973],[-117.155473,32.707972],[-117.155472,32.70797],[-117.155471,32.707969],[-117.15547,32.707968],[-117.15547,32.707967],[-117.155469,32.707965],[-117.155468,32.707964],[-117.155468,32.707963],[-117.155467,32.707962],[-117.155466,32.707961],[-117.155465,32.707959],[-117.155465,32.707958],[-117.155464,32.707957],[-117.155463,32.707956],[-117.155463,32.707954],[-117.155462,32.707953],[-117.155461,32.707952],[-117.15546,32.707951],[-117.15546,32.707949],[-117.155459,32.707948],[-117.155458,32.707947],[-117.155457,32.707946],[-117.155457,32.707945],[-117.155456,32.707943],[-117.155455,32.707942],[-117.155454,32.707941],[-117.155454,32.70794],[-117.155453,32.707939],[-117.155452,32.707937],[-117.155451,32.707936],[-117.15545,32.707935],[-117.15545,32.707934],[-117.155449,32.707932],[-117.155448,32.707931],[-117.155447,32.70793],[-117.155447,32.707929],[-117.155446,32.707928],[-117.155445,32.707926],[-117.155444,32.707925],[-117.155443,32.707924],[-117.155443,32.707923],[-117.155442,32.707922],[-117.155441,32.70792],[-117.15544,32.707919],[-117.155439,32.707918],[-117.155439,32.707917],[-117.155438,32.707916],[-117.155437,32.707914],[-117.155436,32.707913],[-117.155435,32.707912],[-117.155435,32.707911],[-117.155434,32.70791],[-117.155433,32.707909],[-117.155432,32.707907],[-117.155431,32.707906],[-117.155431,32.707905],[-117.15543,32.707904],[-117.155429,32.707903],[-117.155428,32.707901],[-117.155427,32.7079],[-117.155426,32.707899],[-117.155425,32.707898],[-117.155425,32.707897],[-117.155424,32.707896],[-117.155423,32.707894],[-117.155422,32.707893],[-117.155421,32.707892],[-117.15542,32.707891],[-117.15542,32.70789],[-117.155419,32.707889],[-117.155418,32.707887],[-117.155417,32.707886],[-117.155416,32.707885],[-117.155415,32.707884],[-117.155414,32.707883],[-117.155413,32.707882],[-117.155413,32.70788],[-117.155412,32.707879],[-117.155411,32.707878],[-117.15541,32.707877],[-117.155409,32.707876],[-117.155408,32.707875],[-117.155407,32.707873],[-117.155406,32.707872],[-117.155406,32.707871],[-117.155405,32.70787],[-117.155404,32.707869],[-117.155403,32.707868],[-117.155402,32.707867],[-117.155401,32.707865],[-117.1554,32.707864],[-117.155399,32.707863],[-117.155398,32.707862],[-117.155397,32.707861],[-117.155396,32.70786],[-117.155396,32.707859],[-117.155395,32.707858],[-117.155394,32.707856],[-117.155393,32.707855],[-117.155392,32.707854],[-117.155391,32.707853],[-117.15539,32.707852],[-117.155389,32.707851],[-117.155388,32.70785],[-117.155387,32.707849],[-117.155386,32.707847],[-117.155385,32.707846],[-117.155384,32.707845],[-117.155383,32.707844],[-117.155382,32.707843],[-117.155381,32.707842],[-117.155381,32.707841],[-117.15538,32.70784],[-117.155379,32.707838],[-117.155378,32.707837],[-117.155377,32.707836],[-117.155376,32.707835],[-117.155375,32.707834],[-117.155374,32.707833],[-117.155373,32.707832],[-117.155372,32.707831],[-117.155371,32.70783],[-117.15537,32.707829],[-117.155369,32.707827],[-117.155368,32.707826],[-117.155367,32.707825],[-117.155366,32.707824],[-117.155365,32.707823],[-117.155364,32.707822],[-117.155363,32.707821],[-117.155362,32.70782],[-117.155361,32.707819],[-117.15536,32.707818],[-117.155359,32.707817],[-117.155358,32.707815],[-117.155357,32.707814],[-117.155356,32.707813],[-117.155355,32.707812],[-117.155354,32.707811],[-117.155353,32.70781],[-117.155352,32.707809],[-117.155351,32.707808],[-117.15535,32.707807],[-117.155349,32.707806],[-117.155348,32.707805],[-117.155347,32.707804],[-117.155346,32.707803],[-117.155345,32.707802],[-117.155344,32.707801],[-117.155343,32.707799],[-117.155342,32.707798],[-117.155341,32.707797],[-117.15534,32.707796],[-117.155338,32.707795],[-117.155337,32.707794],[-117.155336,32.707793],[-117.155335,32.707792],[-117.155334,32.707791],[-117.155333,32.70779],[-117.155332,32.707789],[-117.155331,32.707788],[-117.15533,32.707787],[-117.155329,32.707786],[-117.155328,32.707785],[-117.155327,32.707784],[-117.155326,32.707783],[-117.155325,32.707782],[-117.155324,32.707781],[-117.155323,32.70778],[-117.155321,32.707779],[-117.15532,32.707778],[-117.155319,32.707777],[-117.155318,32.707776],[-117.155317,32.707774],[-117.155316,32.707773],[-117.155315,32.707772],[-117.155314,32.707771],[-117.155313,32.70777],[-117.155312,32.707769],[-117.155311,32.707768],[-117.15531,32.707767],[-117.155308,32.707766],[-117.155307,32.707765],[-117.155306,32.707764],[-117.155305,32.707763],[-117.155304,32.707762],[-117.155303,32.707761],[-117.155302,32.70776],[-117.155301,32.707759],[-117.1553,32.707758],[-117.155298,32.707757],[-117.155297,32.707756],[-117.155296,32.707755],[-117.155295,32.707754],[-117.155294,32.707753],[-117.155293,32.707752],[-117.155292,32.707751],[-117.155291,32.70775],[-117.155289,32.707749],[-117.155288,32.707748],[-117.155287,32.707747],[-117.155286,32.707746],[-117.155285,32.707745],[-117.155284,32.707745],[-117.155283,32.707744],[-117.155281,32.707743],[-117.15528,32.707741],[-117.154878,32.707403],[-117.154982,32.707314],[-117.155527,32.706852],[-117.155946,32.706497],[-117.156236,32.706251],[-117.156442,32.706076],[-117.156442,32.706076],[-117.156927,32.705665],[-117.156976,32.705623],[-117.156982,32.705618],[-117.157225,32.705744],[-117.15734,32.705804],[-117.157347,32.705807],[-117.158178,32.706238],[-117.158256,32.706279],[-117.158267,32.707292],[-117.158269,32.70757],[-117.158274,32.708342],[-117.158304,32.709395],[-117.157375,32.709396],[-117.156451,32.709394]]]},"properties":{"block_id":"10TH_AV_J_ST","neighborhood":"South East Village","total_reports":72,"latest_year":"2025","latest_year_reports":6,"reports_by_year":{"2018":1,"2019":2,"2020":15,"2021":8,"2022":7,"2023":11,"2024":22,"2025":6},"reports_by_month":{"2018-09":1,"2019-02":1,"2019-07":1,"2020-02":3,"2020-05":2,"2020-06":1,"2020-08":2,"2020-09":1,"2020-10":1,"2020-11":1,"2020-12":4,"2021-01":1,"2021-05":2,"2021-06":1,"2021-07":2,"2021-11":1,"2021-12":1,"2022-05":1,"2022-06":1,"2022-07":3,"2022-08":1,"2022-10":1,"2023-04":3,"2023-07":1,"2023-08":1,"2023-09":2,"2023-10":1,"2023-11":1,"2023-12":2,"2024-01":4,"2024-02":1,"2024-03":5,"2024-04":2,"2024-05":1,"2024-06":5,"2024-07":1,"2024-08":2,"2024-12":1,"2025-01":1,"2025-02":1,"2025-06":4},"latest_month":"2025-09"}},{"type":"Feature","geometry":{"type":"Polygon","coordinates":[[[-117.155567,32.708355],[-117.15554,32.708355],[-117.154652,32.70836],[-117.154648,32.708595],[-117.154646,32.708573],[-117.154646,32.708572],[-117.154646,32.70857],[-117.154645,32.708569],[-117.154645,32.708567],[-117.154645,32.708566],[-117.154645,32.708565],[-117.154645,32.708563],[-117.154645,32.708562],[-117.154645,32.708561],[-117.154645,32.708559],[-117.154644,32.708558],[-117.154644,32.708556],[-117.154644,32.708555],[-117.154644,32.708554],[-117.154644,32.708552],[-117.154644,32.708551],[-117.154644,32.70855],[-117.154643,32.708548],[-117.154643,32.708547],[-117.154643,32.708545],[-117.154643,32.708544],[-117.154643,32.708543],[-117.154643,32.708541],[-117.154643,32.70854],[-117.154642,32.708539],[-117.154642,32.708537],[-117.154642,32.708536],[-117.154642,32.708535],[-117.154642,32.708533],[-117.154641,32.708532],[-117.154641,32.70853],[-117.154641,32.708529],[-117.154641,32.708528],[-117.154641,32.708526],[-117.154641,32.708525],[-117.15464,32.708524],[-117.15464,32.708522],[-117.15464,32.708521],[-117.15464,32.70852],[-117.15464,32.708518],[-117.154639,32.708517],[-117.154639,32.708515],[-117.154639,32.708514],[-117.154639,32.708513],[-117.154638,32.708511],[-117.154638,32.70851],[-117.154638,32.708509],[-117.154638,32.708507],[-117.154638,32.708506],[-117.154637,32.708505],[-117.154637,32.708503],[-117.154637,32.708502],[-117.154637,32.7085],[-117.154636,32.708499],[-117.154636,32.708498],[-117.154636,32.708496],[-117.154636,32.708495],[-117.154635,32.708494],[-117.154635,32.708492],[-117.154635,32.708491],[-117.154635,32.70849],[-117.154634,32.708488],[-117.154634,32.708487],[-117.154634,32.708486],[-117.154633,32.708484],[-117.154633,32.708483],[-117.154633,32.708481],[-117.154633,32.70848],[-117.154632,32.708479],[-117.154632,32.708477],[-117.154632,32.708476],[-117.154631,32.708475],[-117.154631,32.708473],[-117.154631,32.708472],[-117.154631,32.708471],[-117.15463,32.70847],[-117.15463,32.708469],[-117.15463,32.708468],[-117.15463,32.708467],[-117.154629,32.708465],[-117.154629,32.708464],[-117.154629,32.708463],[-117.154628,32.708461],[-117.154628,32.70846],[-117.154628,32.708459],[-117.154627,32.708457],[-117.154627,32.708456],[-117.154627,32.708455],[-117.154626,32.708453],[-117.154626,32.708452],[-117.154626,32.70845],[-117.154625,32.708449],[-117.154625,32.708448],[-117.154625,32.708446],[-117.154624,32.708445],[-117.154624,32.708444],[-117.154624,32.708442],[-117.154623,32.708441],[-117.154623,32.70844],[-117.154623,32.708438],[-117.154622,32.708437],[-117.154622,32.708436],[-117.154621,32.708434],[-117.154621,32.708433],[-117.154621,32.708432],[-117.15462,32.70843],[-117.15462,32.708429],[-117.154619,32.708428],[-117.154619,32.708426],[-117.154619,32.708425],[-117.154618,32.708424],[-117.154618,32.708422],[-117.154618,32.708421],[-117.154617,32.70842],[-117.154617,32.708418],[-117.154616,32.708417],[-117.154616,32.708416],[-117.154615,32.708414],[-117.154615,32.708413],[-117.154615,32.708412],[-117.154614,32.70841],[-117.154614,32.708409],[-117.154613,32.708408],[-117.154613,32.708406],[-117.154613,32.708405],[-117.154612,32.708404],[-117.154612,32.708402],[-117.154611,32.708401],[-117.154611,32.7084],[-117.15461,32.708398],[-117.15461,32.708397],[-117.154609,32.708396],[-117.154609,32.708395],[-117.154609,32.708393],[-117.154608,32.708392],[-117.154608,32.708391],[-117.154607,32.708389],[-117.154607,32.708388],[-117.154606,32.708387],[-117.154606,32.708385],[-117.154605,32.708384],[-117.154605,32.708383],[-117.154604,32.708381],[-117.154604,32.70838],[-117.154603,32.708379],[-117.154603,32.708377],[-117.154602,32.708376],[-117.154602,32.708375],[-117.154601,32.708374],[-117.154601,32.708372],[-117.1546,32.708371],[-117.1546,32.70837],[-117.154599,32.708368],[-117.154599,32.708367],[-117.154598,32.708366],[-117.154598,32.708364],[-117.154597,32.708363],[-117.154597,32.708362],[-117.154596,32.70836],[-117.154596,32.70836],[-117.154596,32.70836],[-117.154596,32.708359],[-117.154595,32.708358],[-117.154595,32.708357],[-117.154594,32.708356],[-117.154594,32.708355],[-117.154594,32.708354],[-117.154593,32.708353],[-117.154593,32.708351],[-117.154592,32.70835],[-117.154592,32.708349],[-117.154591,32.708347],[-117.15459,32.708346],[-117.15459,32.708345],[-117.154589,32.708344],[-117.154589,32.708342],[-117.154588,32.708341],[-117.154588,32.70834],[-117.154587,32.708338],[-117.154587,32.708337],[-117.154586,32.708336],[-117.154585,32.708335],[-117.154585,32.708333],[-117.154584,32.708332],[-117.154584,32.708331],[-117.154583,32.708329],[-117.154583,32.708328],[-117.154582,32.708327],[-117.154581,32.708326],[-117.154581,32.708324],[-117.15458,32.708323],[-117.15458,32.708322],[-117.154579,32.70832],[-117.154578,32.708319],[-117.154578,32.708318],[-117.154577,32.708317],[-117.154577,32.708315],[-117.154576,32.708314],[-117.154575,32.708313],[-117.154575,32.708312],[-117.154574,32.70831],[-117.154573,32.708309],[-117.154573,32.708308],[-117.154572,32.708306],[-117.154572,32.708305],[-117.154571,32.708304],[-117.15457,32.708303],[-117.15457,32.708301],[-117.154569,32.7083],[-117.154568,32.708299],[-117.154568,32.708298],[-117.154567,32.708296],[-117.154566,32.708295],[-117.154566,32.708294],[-117.154565,32.708293],[-117.154565,32.708291],[-117.154564,32.70829],[-117.154563,32.708289],[-117.154563,32.708288],[-117.154562,32.708286],[-117.154561,32.708285],[-117.154561,32.708284],[-117.15456,32.708283],[-117.154559,32.708281],[-117.154559,32.70828],[-117.154558,32.708279],[-117.154557,32.708278],[-117.154556,32.708276],[-117.154556,32.708275],[-117.154555,32.708274],[-117.154554,32.708273],[-117.154554,32.708271],[-117.154553,32.70827],[-117.154552,32.708269],[-117.154552,32.708268],[-117.154551,32.708266],[-117.15455,32.708265],[-117.154549,32.708264],[-117.154549,32.708263],[-117.154548,32.708261],[-117.154547,32.70826],[-117.154547,32.708259],[-117.154546,32.708258],[-117.154545,32.708256],[-117.154544,32.708255],[-117.154544,32.708254],[-117.154543,32.708253],[-117.154542,32.708252],[-117.154542,32.70825],[-117.154541,32.708249],[-117.15454,32.708248],[-117.154539,32.708247],[-117.154539,32.708245],[-117.154538,32.708244],[-117.154537,32.708243],[-117.154536,32.708242],[-117.154536,32.708241],[-117.154535,32.708239],[-117.154534,32.708238],[-117.154533,32.708237],[-117.154532,32.708236],[-117.154532,32.708235],[-117.154531,32.708233],[-117.15453,32.708232],[-117.154529,32.708231],[-117.154529,32.70823],[-117.154528,32.708228],[-117.154527,32.708227],[-117.154526,32.708226],[-117.154526,32.708225],[-117.154525,32.708224],[-117.154524,32.708222],[-117.154523,32.708221],[-117.154522,32.70822],[-117.154522,32.708219],[-117.154521,32.708218],[-117.15452,32.708216],[-117.154519,32.708215],[-117.154518,32.708214],[-117.154518,32.708213],[-117.154517,32.708212],[-117.154516,32.708211],[-117.154515,32.708209],[-117.154514,32.708208],[-117.154513,32.708207],[-117.154513,32.708206],[-117.154512,32.708205],[-117.154511,32.708203],[-117.15451,32.708202],[-117.154509,32.708201],[-117.154508,32.7082],[-117.154508,32.708199],[-117.154507,32.708198],[-117.154506,32.708196],[-117.154505,32.708195],[-117.154504,32.708194],[-117.154503,32.708193],[-117.154503,32.708192],[-117.154502,32.70819],[-117.154501,32.708189],[-117.1545,32.708188],[-117.154499,32.708187],[-117.154498,32.708186],[-117.154497,32.708185],[-117.154496,32.708183],[-117.154496,32.708182],[-117.154495,32.708181],[-117.154494,32.70818],[-117.154493,32.708179],[-117.154492,32.708178],[-117.154491,32.708177],[-117.15449,32.708175],[-117.154489,32.708174],[-117.154489,32.708173],[-117.154488,32.708172],[-117.154487,32.708171],[-117.154486,32.70817],[-117.154485,32.708169],[-117.154484,32.708167],[-117.154483,32.708166],[-117.154482,32.708165],[-117.154481,32.708164],[-117.15448,32.708163],[-117.15448,32.708162],[-117.154479,32.708161],[-117.154478,32.708159],[-117.154477,32.708158],[-117.154476,32.708157],[-117.154475,32.708156],[-117.154474,32.708155],[-117.154473,32.708154],[-117.154472,32.708153],[-117.154471,32.708151],[-117.15447,32.70815],[-117.154469,32.708149],[-117.154468,32.708148],[-117.154468,32.708147],[-117.154467,32.708146],[-117.154466,32.708145],[-117.154465,32.708144],[-117.154464,32.708143],[-117.154463,32.708141],[-117.154462,32.70814],[-117.154461,32.708139],[-117.15446,32.708138],[-117.154459,32.708137],[-117.154458,32.708136],[-117.154457,32.708135],[-117.154456,32.708134],[-117.154455,32.708133],[-117.154454,32.708131],[-117.154453,32.70813],[-117.154452,32.708129],[-117.154451,32.708128],[-117.15445,32.708127],[-117.154449,32.708126],[-117.154448,32.708125],[-117.154447,32.708124],[-117.154446,32.708123],[-117.154445,32.708122],[-117.154444,32.70812],[-117.154443,32.708119],[-117.154442,32.708118],[-117.154441,32.708117],[-117.15444,32.708116],[-117.154439,32.708115],[-117.154438,32.708114],[-117.154437,32.708113],[-117.154436,32.708112],[-117.154435,32.708111],[-117.154434,32.70811],[-117.154433,32.708109],[-117.154432,32.708108],[-117.154431,32.708106],[-117.15443,32.708105],[-117.154429,32.708104],[-117.154428,32.708103],[-117.154427,32.708102],[-117.154426,32.708101],[-117.154425,32.7081],[-117.154424,32.708099],[-117.154423,32.708098],[-117.154422,32.708097],[-117.154421,32.708096],[-117.15442,32.708095],[-117.154419,32.708094],[-117.154418,32.708093],[-117.154417,32.708092],[-117.154416,32.708091],[-117.154415,32.70809],[-117.154414,32.708088],[-117.154412,32.708087],[-117.154411,32.708086],[-117.15441,32.708085],[-117.154409,32.708084],[-117.154408,32.708083],[-117.154407,32.708082],[-117.154406,32.708081],[-117.154405,32.70808],[-117.154404,32.708079],[-117.154403,32.708078],[-117.154402,32.708077],[-117.154401,32.708076],[-117.1544,32.708075],[-117.154399,32.708074],[-117.154397,32.708073],[-117.154396,32.708072],[-117.154395,32.708071],[-117.154394,32.70807],[-117.154393,32.708069],[-117.154392,32.708068],[-117.154391,32.708067],[-117.15439,32.708066],[-117.154389,32.708065],[-117.154388,32.708064],[-117.154387,32.708063],[-117.154385,32.708062],[-117.154384,32.708061],[-117.154383,32.70806],[-117.15424,32.707939],[-117.154535,32.707694],[-117.154618,32.707623],[-117.154629,32.707614],[-117.154878,32.707403],[-117.15528,32.707741],[-117.155281,32.707743],[-117.155283,32.707744],[-117.155284,32.707745],[-117.155285,32.707745],[-117.155286,32.707746],[-117.155287,32.707747],[-117.155288,32.707748],[-117.155289,32.707749],[-117.155291,32.70775],[-117.155292,32.707751],[-117.155293,32.707752],[-117.155294,32.707753],[-117.155295,32.707754],[-117.155296,32.707755],[-117.155297,32.707756],[-117.155298,32.707757],[-117.1553,32.707758],[-117.155301,32.707759],[-117.155302,32.70776],[-117.155303,32.707761],[-117.155304,32.707762],[-117.155305,32.707763],[-117.155306,32.707764],[-117.155307,32.707765],[-117.155308,32.707766],[-117.15531,32.707767],[-117.155311,32.707768],[-117.155312,32.707769],[-117.155313,32.70777],[-117.155314,32.707771],[-117.155315,32.707772],[-117.155316,32.707773],[-117.155317,32.707774],[-117.155318,32.707776],[-117.155319,32.707777],[-117.15532,32.707778],[-117.155321,32.707779],[-117.155323,32.70778],[-117.155324,32.707781],[-117.155325,32.707782],[-117.155326,32.707783],[-117.155327,32.707784],[-117.155328,32.707785],[-117.155329,32.707786],[-117.15533,32.707787],[-117.155331,32.707788],[-117.155332,32.707789],[-117.155333,32.70779],[-117.155334,32.707791],[-117.155335,32.707792],[-117.155336,32.707793],[-117.155337,32.707794],[-117.155338,32.707795],[-117.15534,32.707796],[-117.155341,32.707797],[-117.155342,32.707798],[-117.155343,32.707799],[-117.155344,32.707801],[-117.155345,32.707802],[-117.155346,32.707803],[-117.155347,32.707804],[-117.155348,32.707805],[-117.155349,32.707806],[-117.15535,32.707807],[-117.155351,32.707808],[-117.155352,32.707809],[-117.155353,32.70781],[-117.155354,32.707811],[-117.155355,32.707812],[-117.155356,32.707813],[-117.155357,32.707814],[-117.155358,32.707815],[-117.155359,32.707817],[-117.15536,32.707818],[-117.155361,32.707819],[-117.155362,32.70782],[-117.155363,32.707821],[-117.155364,32.707822],[-117.155365,32.707823],[-117.155366,32.707824],[-117.155367,32.707825],[-117.155368,32.707826],[-117.155369,32.707827],[-117.15537,32.707829],[-117.155371,32.70783],[-117.155372,32.707831],[-117.155373,32.707832],[-117.155374,32.707833],[-117.155375,32.707834],[-117.155376,32.707835],[-117.155377,32.707836],[-117.155378,32.707837],[-117.155379,32.707838],[-117.15538,32.70784],[-117.155381,32.707841],[-117.155381,32.707842],[-117.155382,32.707843],[-117.155383,32.707844],[-117.155384,32.707845],[-117.155385,32.707846],[-117.155386,32.707847],[-117.155387,32.707849],[-117.155388,32.70785],[-117.155389,32.707851],[-117.15539,32.707852],[-117.155391,32.707853],[-117.155392,32.707854],[-117.155393,32.707855],[-117.155394,32.707856],[-117.155395,32.707858],[-117.155396,32.707859],[-117.155396,32.70786],[-117.155397,32.707861],[-117.155398,32.707862],[-117.155399,32.707863],[-117.1554,32.707864],[-117.155401,32.707865],[-117.155402,32.707867],[-117.155403,32.707868],[-117.155404,32.707869],[-117.155405,32.70787],[-117.155406,32.707871],[-117.155406,32.707872],[-117.155407,32.707873],[-117.155408,32.707875],[-117.155409,32.707876],[-117.15541,32.707877],[-117.155411,32.707878],[-117.155412,32.707879],[-117.155413,32.70788],[-117.155413,32.707882],[-117.155414,32.707883],[-117.155415,32.707884],[-117.155416,32.707885],[-117.155417,32.707886],[-117.155418,32.707887],[-117.155419,32.707889],[-117.15542,32.70789],[-117.15542,32.707891],[-117.155421,32.707892],[-117.155422,32.707893],[-117.155423,32.707894],[-117.155424,32.707896],[-117.155425,32.707897],[-117.155425,32.707898],[-117.155426,32.707899],[-117.155427,32.7079],[-117.155428,32.707901],[-117.155429,32.707903],[-117.15543,32.707904],[-117.155431,32.707905],[-117.155431,32.707906],[-117.155432,32.707907],[-117.155433,32.707909],[-117.155434,32.70791],[-117.155435,32.707911],[-117.155435,32.707912],[-117.155436,32.707913],[-117.155437,32.707914],[-117.155438,32.707916],[-117.155439,32.707917],[-117.155439,32.707918],[-117.15544,32.707919],[-117.155441,32.70792],[-117.155442,32.707922],[-117.155443,32.707923],[-117.155443,32.707924],[-117.155444,32.707925],[-117.155445,32.707926],[-117.155446,32.707928],[-117.155447,32.707929],[-117.155447,32.70793],[-117.155448,32.707931],[-117.155449,32.707932],[-117.15545,32.707934],[-117.15545,32.707935],[-117.155451,32.707936],[-117.155452,32.707937],[-117.155453,32.707939],[-117.155454,32.70794],[-117.155454,32.707941],[-117.155455,32.707942],[-117.155456,32.707943],[-117.155457,32.707945],[-117.155457,32.707946],[-117.155458,32.707947],[-117.155459,32.707948],[-117.15546,32.707949],[-117.15546,32.707951],[-117.155461,32.707952],[-117.155462,32.707953],[-117.155463,32.707954],[-117.155463,32.707956],[-117.155464,32.707957],[-117.155465,32.707958],[-117.155465,32.707959],[-117.155466,32.707961],[-117.155467,32.707962],[-117.155468,32.707963],[-117.155468,32.707964],[-117.155469,32.707965],[-117.15547,32.707967],[-117.15547,32.707968],[-117.155471,32.707969],[-117.155472,32.70797],[-117.155473,32.707972],[-117.155473,32.707973],[-117.155474,32.707974],[-117.155475,32.707975],[-117.155475,32.707977],[-117.155476,32.707978],[-117.155477,32.707979],[-117.155477,32.70798],[-117.155478,32.707982],[-117.155479,32.707983],[-117.155479,32.707984],[-117.15548,32.707985],[-117.155481,32.707987],[-117.155481,32.707988],[-117.155482,32.707989],[-117.155483,32.70799],[-117.155483,32.707992],[-117.155484,32.707993],[-117.155485,32.707994],[-117.155485,32.707995],[-117.155486,32.707997],[-117.155487,32.707998],[-117.155487,32.707999],[-117.155488,32.708],[-117.155489,32.708002],[-117.155489,32.708003],[-117.15549,32.708004],[-117.15549,32.708006],[-117.155491,32.708007],[-117.155492,32.708008],[-117.155492,32.708009],[-117.155493,32.708011],[-117.155494,32.708012],[-117.155494,32.708013],[-117.155495,32.708014],[-117.155495,32.708016],[-117.155496,32.708017],[-117.155497,32.708018],[-117.155497,32.70802],[-117.155498,32.708021],[-117.155498,32.708022],[-117.155499,32.708023],[-117.1555,32.708025],[-117.1555,32.708026],[-117.155501,32.708027],[-117.155501,32.708028],[-117.155502,32.70803],[-117.155503,32.708031],[-117.155503,32.708032],[-117.155504,32.708034],[-117.155504,32.708035],[-117.155505,32.708036],[-117.155505,32.708037],[-117.155506,32.708039],[-117.155507,32.70804],[-117.155507,32.708041],[-117.155508,32.708043],[-117.155508,32.708044],[-117.155509,32.708045],[-117.155509,32.708046],[-117.15551,32.708048],[-117.15551,32.708049],[-117.155511,32.70805],[-117.155512,32.708052],[-117.155512,32.708053],[-117.155513,32.708054],[-117.155513,32.708056],[-117.155514,32.708057],[-117.155514,32.708058],[-117.155515,32.708059],[-117.155515,32.708061],[-117.155516,32.708062],[-117.155516,32.708063],[-117.155517,32.708065],[-117.155517,32.708066],[-117.155518,32.708067],[-117.155518,32.708069],[-117.155519,32.70807],[-117.155519,32.708071],[-117.15552,32.708073],[-117.15552,32.708074],[-117.155521,32.708075],[-117.155521,32.708076],[-117.155522,32.708078],[-117.155522,32.708079],[-117.155523,32.70808],[-117.155523,32.708082],[-117.155524,32.708083],[-117.155524,32.708084],[-117.155525,32.708086],[-117.155525,32.708087],[-117.155526,32.708088],[-117.155526,32.70809],[-117.155527,32.708091],[-117.155527,32.708092],[-117.155527,32.708094],[-117.155528,32.708095],[-117.155528,32.708096],[-117.155529,32.708097],[-117.155529,32.708099],[-117.15553,32.7081],[-117.15553,32.708101],[-117.155531,32.708103],[-117.155531,32.708104],[-117.155531,32.708105],[-117.155532,32.708107],[-117.155532,32.708108],[-117.155533,32.708109],[-117.155533,32.708111],[-117.155534,32.708112],[-117.155534,32.708113],[-117.155534,32.708115],[-117.155535,32.708116],[-117.155535,32.708117],[-117.155536,32.708119],[-117.155536,32.70812],[-117.155536,32.708121],[-117.155537,32.708123],[-117.155537,32.708123],[-117.155537,32.708124],[-117.155538,32.708125],[-117.155538,32.708127],[-117.155538,32.708128],[-117.155539,32.708129],[-117.155539,32.708131],[-117.15554,32.708132],[-117.15554,32.708133],[-117.15554,32.708135],[-117.155541,32.708136],[-117.155541,32.708137],[-117.155541,32.708139],[-117.155542,32.70814],[-117.155542,32.708141],[-117.155543,32.708143],[-117.155543,32.708144],[-117.155543,32.708145],[-117.155544,32.708147],[-117.155544,32.708148],[-117.155544,32.708149],[-117.155545,32.708151],[-117.155545,32.708152],[-117.155545,32.708153],[-117.155546,32.708155],[-117.155546,32.708156],[-117.155546,32.708158],[-117.155547,32.708159],[-117.155547,32.70816],[-117.155547,32.708162],[-117.155548,32.708163],[-117.155548,32.708164],[-117.155548,32.708166],[-117.155549,32.708167],[-117.155549,32.708168],[-117.155549,32.70817],[-117.15555,32.708171],[-117.15555,32.708172],[-117.15555,32.708174],[-117.15555,32.708175],[-117.155551,32.708176],[-117.155551,32.708178],[-117.155551,32.708179],[-117.155552,32.70818],[-117.155552,32.708182],[-117.155552,32.708183],[-117.155552,32.708184],[-117.155553,32.708186],[-117.155553,32.708187],[-117.155553,32.708189],[-117.155554,32.70819],[-117.155554,32.708191],[-117.155554,32.708193],[-117.155554,32.708194],[-117.155555,32.708195],[-117.155555,32.708197],[-117.155555,32.708198],[-117.155555,32.708199],[-117.155556,32.708201],[-117.155556,32.708202],[-117.155556,32.708203],[-117.155556,32.708205],[-117.155557,32.708206],[-117.155557,32.708208],[-117.155557,32.708209],[-117.155557,32.70821],[-117.155557,32.708212],[-117.155558,32.708213],[-117.155558,32.708214],[-117.155558,32.708216],[-117.155558,32.708217],[-117.155559,32.708218],[-117.155559,32.70822],[-117.155559,32.708221],[-117.155559,32.708223],[-117.155559,32.708224],[-117.15556,32.708225],[-117.15556,32.708227],[-117.15556,32.708228],[-117.15556,32.708229],[-117.15556,32.708231],[-117.155561,32.708232],[-117.155561,32.708233],[-117.155561,32.708235],[-117.155561,32.708236],[-117.155561,32.708238],[-117.155561,32.708239],[-117.155562,32.70824],[-117.155562,32.708242],[-117.155562,32.708243],[-117.155562,32.708244],[-117.155562,32.708246],[-117.155562,32.708247],[-117.155563,32.708249],[-117.155563,32.70825],[-117.155563,32.708251],[-117.155563,32.708253],[-117.155563,32.708254],[-117.155563,32.708255],[-117.155563,32.708257],[-117.155564,32.708258],[-117.155564,32.708259],[-117.155564,32.708261],[-117.155564,32.708262],[-117.155564,32.708264],[-117.155564,32.708265],[-117.155564,32.708266],[-117.155564,32.708268],[-117.155565,32.708269],[-117.155565,32.70827],[-117.155565,32.708272],[-117.155565,32.708273],[-117.155565,32.708275],[-117.155565,32.708276],[-117.155565,32.708277],[-117.155565,32.708279],[-117.155565,32.70828],[-117.155565,32.708281],[-117.155565,32.708283],[-117.155566,32.708284],[-117.155566,32.708286],[-117.155566,32.708287],[-117.155566,32.708288],[-117.155566,32.70829],[-117.155566,32.708291],[-117.155566,32.708292],[-117.155566,32.708294],[-117.155566,32.708295],[-117.155566,32.708296],[-117.155566,32.708298],[-117.155566,32.708299],[-117.155566,32.708301],[-117.155566,32.708302],[-117.155566,32.708303],[-117.155566,32.708305],[-117.155567,32.708306],[-117.155567,32.708307],[-117.155567,32.708309],[-117.155567,32.70831],[-117.155567,32.708312],[-117.155567,32.708313],[-117.155567,32.708314],[-117.155567,32.708316],[-117.155567,32.708317],[-117.155567,32.708318],[-117.155567,32.70832],[-117.155567,32.708348],[-117.155567,32.708355]]]},"properties":{"block_id":"11TH_AV_K_ST","neighborhood":"South East Village","total_reports":118,"latest_year":"2025","latest_year_reports":33,"reports_by_year":{"2018":0,"2019":1,"2020":2,"2021":2,"2022":7,"2023":19,"2024":54,"2025":33},"reports_by_month":{"2019-04":1,"2020-01":1,"2020-12":1,"2021-01":1,"2021-08":1,"2022-03":1,"2022-06":1,"2022-08":1,"2022-09":1,"2022-10":1,"2022-11":1,"2022-12":1,"2023-01":1,"2023-03":1,"2023-04":2,"2023-05":5,"2023-07":5,"2023-08":1,"2023-09":2,"2023-11":2,"2024-01":4,"2024-02":1,"2024-03":3,"2024-04":6,"2024-05":6,"2024-06":5,"2024-07":11,"2024-08":1,"2024-09":6,"2024-10":5,"2024-11":4,"2024-12":2,"2025-01":4,"2025-02":3,"2025-03":6,"2025-04":5,"2025-05":8,"2025-06":6,"2025-08":1},"latest_month":"2025-09"}},{"type":"Feature","geometry":{"type":"Polygon","coordinates":[[[-117.154652,32.70836],[-117.15554,32.708355],[-117.155567,32.708355],[-117.155548,32.709396],[-117.154634,32.709402],[-117.154648,32.708595],[-117.154652,32.70836]]]},"properties":{"block_id":"11TH_AV_J_ST","neighborhood":"South East Village","total_reports":97,"latest_year":"2025","latest_year_reports":16,"reports_by_year":{"2018":0,"2019":0,"2020":4,"2021":4,"2022":9,"2023":16,"2024":48,"2025":16},"reports_by_month":{"2020-04":1,"2020-08":2,"2020-09":1,"2021-02":1,"2021-09":2,"2021-10":1,"2022-03":1,"2022-04":1,"2022-08":5,"2022-09":1,"2022-12":1,"2023-01":3,"2023-02":1,"2023-03":1,"2023-04":5,"2023-05":2,"2023-08":1,"2023-11":1,"2023-12":2,"2024-03":6,"2024-04":10,"2024-05":9,"2024-06":4,"2024-07":6,"2024-08":3,"2024-09":2,"2024-10":3,"2024-11":2,"2024-12":3,"2025-01":1,"2025-02":3,"2025-03":2,"2025-04":1,"2025-05":3,"2025-06":2,"2025-08":1,"2025-09":3},"latest_month":"2025-09"}},{"type":"Feature","geometry":{"type":"Polygon","coordinates":[[[-117.151958,32.714707],[-117.1504,32.714713],[-117.150395,32.71418],[-117.15039,32.713672],[-117.15195,32.713663],[-117.151958,32.714707]]]},"properties":{"block_id":"15TH_ST_E_ST","neighborhood":"East Village","total_reports":202,"latest_year":"2025","latest_year_reports":19,"reports_by_year":{"2018":0,"2019":0,"2020":4,"2021":5,"2022":33,"2023":42,"2024":99,"2025":19},"reports_by_month":{"2020-01":2,"2020-10":2,"2021-02":3,"2021-03":2,"2022-06":1,"2022-07":1,"2022-08":1,"2022-10":1,"2022-11":10,"2022-12":19,"2023-01":7,"2023-02":2,"2023-03":8,"2023-04":6,"2023-05":3,"2023-07":3,"2023-08":4,"2023-09":2,"2023-10":1,"2023-11":5,"2023-12":1,"2024-01":28,"2024-02":34,"2024-03":6,"2024-04":2,"2024-05":5,"2024-06":2,"2024-07":2,"2024-08":2,"2024-09":5,"2024-10":7,"2024-11":2,"2024-12":4,"2025-01":1,"2025-02":1,"2025-03":6,"2025-04":3,"2025-05":5,"2025-07":2,"2025-09":1},"latest_month":"2025-09"}},{"type":"Feature","geometry":{"type":"Polygon","coordinates":[[[-117.149446,32.710449],[-117.149452,32.70941],[-117.150349,32.709417],[-117.150357,32.710445],[-117.149446,32.710449]]]},"properties":{"block_id":"16TH_ST_ISLAND_AV","neighborhood":"South East Village","total_reports":213,"latest_year":"2025","latest_year_reports":6,"reports_by_year":{"2018":1,"2019":3,"2020":27,"2021":25,"2022":45,"2023":89,"2024":17,"2025":6},"reports_by_month":{"2018-10":1,"2019-01":1,"2019-11":1,"2019-12":1,"2020-01":1,"2020-02":2,"2020-05":1,"2020-06":2,"2020-07":6,"2020-08":1,"2020-09":1,"2020-10":1,"2020-11":7,"2020-12":5,"2021-01":1,"2021-02":3,"2021-03":3,"2021-04":3,"2021-05":5,"2021-06":5,"2021-09":2,"2021-11":2,"2021-12":1,"2022-01":3,"2022-02":1,"2022-03":2,"2022-04":1,"2022-05":2,"2022-06":1,"2022-07":3,"2022-08":3,"2022-09":7,"2022-10":9,"2022-11":3,"2022-12":10,"2023-01":17,"2023-02":2,"2023-03":5,"2023-04":8,"2023-05":7,"2023-06":3,"2023-07":1,"2023-08":11,"2023-09":9,"2023-10":9,"2023-11":4,"2023-12":13,"2024-01":11,"2024-02":2,"2024-03":2,"2024-06":1,"2024-08":1,"2025-03":1,"2025-04":2,"2025-05":3},"latest_month":"2025-09"}},{"type":"Feature","geometry":{"type":"Polygon","coordinates":[[[-117.152853,32.712615],[-117.152832,32.71154],[-117.153744,32.711524],[-117.153744,32.711525],[-117.153744,32.711533],[-117.15375,32.711859],[-117.153763,32.712611],[-117.152853,32.712615]]]},"properties":{"block_id":"13TH_ST_G_ST","neighborhood":"East Village","total_reports":50,"latest_year":"2025","latest_year_reports":0,"reports_by_year":{"2018":0,"2019":0,"2020":9,"2021":2,"2022":6,"2023":14,"2024":19,"2025":0},"reports_by_month":{"2020-04":2,"2020-05":1,"2020-06":1,"2020-08":1,"2020-09":1,"2020-10":1,"2020-11":2,"2021-10":1,"2021-12":1,"2022-02":1,"2022-03":1,"2022-04":2,"2022-09":1,"2022-12":1,"2023-01":2,"2023-02":1,"2023-03":1,"2023-04":1,"2023-06":1,"2023-07":2,"2023-08":2,"2023-10":1,"2023-11":1,"2023-12":2,"2024-02":2,"2024-03":2,"2024-04":1,"2024-05":1,"2024-06":3,"2024-07":3,"2024-08":1,"2024-09":2,"2024-10":3,"2024-12":1},"latest_month":"2025-09"}},{"type":"Feature","geometry":{"type":"Polygon","coordinates":[[[-117.150349,32.709417],[-117.149452,32.70941],[-117.149432,32.708366],[-117.150332,32.708362],[-117.150349,32.709417]]]},"properties":{"block_id":"16TH_ST_J_ST","neighborhood":"South East Village","total_reports":991,"latest_year":"2025","latest_year_reports":11,"reports_by_year":{"2018":3,"2019":5,"2020":33,"2021":78,"2022":165,"2023":467,"2024":229,"2025":11},"reports_by_month":{"2018-08":1,"2018-10":1,"2018-12":1,"2019-01":2,"2019-05":1,"2019-08":1,"2019-12":1,"2020-01":5,"2020-02":1,"2020-05":5,"2020-06":5,"2020-07":8,"2020-08":5,"2020-11":2,"2020-12":2,"2021-03":7,"2021-04":37,"2021-05":2,"2021-06":1,"2021-07":1,"2021-09":8,"2021-10":11,"2021-12":11,"2022-01":12,"2022-02":12,"2022-03":15,"2022-04":4,"2022-06":9,"2022-07":8,"2022-08":26,"2022-09":7,"2022-10":20,"2022-11":31,"2022-12":21,"2023-01":19,"2023-02":27,"2023-03":69,"2023-04":28,"2023-05":27,"2023-06":24,"2023-07":16,"2023-08":48,"2023-09":67,"2023-10":61,"2023-11":56,"2023-12":25,"2024-01":39,"2024-02":20,"2024-03":18,"2024-04":26,"2024-05":41,"2024-06":17,"2024-07":15,"2024-08":18,"2024-09":7,"2024-10":14,"2024-11":12,"2024-12":2,"2025-01":4,"2025-02":2,"2025-03":2,"2025-07":3},"latest_month":"2025-09"}},{"type":"Feature","geometry":{"type":"Polygon","coordinates":[[[-117.15279,32.708374],[-117.152797,32.70761],[-117.152799,32.707332],[-117.153709,32.707317],[-117.153713,32.707603],[-117.153723,32.708367],[-117.153723,32.70837],[-117.15279,32.708374]]]},"properties":{"block_id":"13TH_ST_K_ST","neighborhood":"South East Village","total_reports":798,"latest_year":"2025","latest_year_reports":5,"reports_by_year":{"2018":0,"2019":1,"2020":56,"2021":47,"2022":179,"2023":370,"2024":140,"2025":5},"reports_by_month":{"2019-12":1,"2020-04":1,"2020-05":17,"2020-06":7,"2020-07":11,"2020-08":9,"2020-09":2,"2020-10":1,"2020-12":8,"2021-01":4,"2021-02":3,"2021-03":1,"2021-04":9,"2021-08":1,"2021-09":4,"2021-10":8,"2021-11":7,"2021-12":10,"2022-01":2,"2022-02":4,"2022-03":28,"2022-04":16,"2022-07":46,"2022-08":5,"2022-09":25,"2022-10":10,"2022-11":16,"2022-12":27,"2023-01":34,"2023-02":44,"2023-03":12,"2023-04":9,"2023-05":12,"2023-06":19,"2023-07":74,"2023-08":40,"2023-09":8,"2023-10":22,"2023-11":57,"2023-12":39,"2024-01":13,"2024-02":22,"2024-03":15,"2024-04":42,"2024-05":14,"2024-06":6,"2024-07":5,"2024-08":9,"2024-09":11,"2024-10":2,"2024-11":1,"2025-01":2,"2025-02":1,"2025-09":2},"latest_month":"2025-09"}},{"type":"Feature","geometry":{"type":"Polygon","coordinates":[[[-117.158304,32.709395],[-117.158286,32.71042],[-117.157385,32.710435],[-117.157385,32.710435],[-117.157385,32.710418],[-117.157375,32.709396],[-117.158304,32.709395]]]},"properties":{"block_id":"08TH_AV_ISLAND_AV","neighborhood":"South East Village","total_reports":107,"latest_year":"2025","latest_year_reports":5,"reports_by_year":{"2018":1,"2019":2,"2020":5,"2021":13,"2022":26,"2023":30,"2024":25,"2025":5},"reports_by_month":{"2018-11":1,"2019-08":1,"2019-09":1,"2020-04":1,"2020-05":1,"2020-06":2,"2020-07":1,"2021-01":1,"2021-03":1,"2021-04":2,"2021-06":2,"2021-07":1,"2021-09":2,"2021-10":2,"2021-11":1,"2021-12":1,"2022-03":1,"2022-04":1,"2022-07":2,"2022-08":1,"2022-09":1,"2022-10":12,"2022-11":5,"2022-12":3,"2023-01":3,"2023-02":7,"2023-03":7,"2023-04":1,"2023-06":1,"2023-08":2,"2023-12":9,"2024-01":8,"2024-03":3,"2024-04":4,"2024-05":2,"2024-06":1,"2024-07":1,"2024-08":1,"2024-09":1,"2024-10":2,"2024-12":2,"2025-01":2,"2025-03":1,"2025-06":1,"2025-08":1},"latest_month":"2025-09"}},{"type":"Feature","geometry":{"type":"Polygon","coordinates":[[[-117.153744,32.711524],[-117.152832,32.71154],[-117.152821,32.710454],[-117.153741,32.71045],[-117.153744,32.711524]]]},"properties":{"block_id":"13TH_ST_MARKET_ST","neighborhood":"South East Village","total_reports":638,"latest_year":"2025","latest_year_reports":217,"reports_by_year":{"2018":0,"2019":0,"2020":39,"2021":13,"2022":61,"2023":133,"2024":175,"2025":217},"reports_by_month":{"2020-01":2,"2020-04":3,"2020-05":5,"2020-06":6,"2020-07":3,"2020-08":6,"2020-09":3,"2020-10":2,"2020-11":6,"2020-12":3,"2021-03":1,"2021-05":2,"2021-08":4,"2021-09":1,"2021-10":1,"2021-11":1,"2021-12":3,"2022-01":2,"2022-02":2,"2022-04":16,"2022-05":6,"2022-06":1,"2022-07":6,"2022-08":4,"2022-09":7,"2022-10":6,"2022-11":6,"2022-12":5,"2023-01":10,"2023-03":13,"2023-04":10,"2023-05":6,"2023-06":8,"2023-07":9,"2023-08":17,"2023-09":7,"2023-10":16,"2023-11":25,"2023-12":12,"2024-01":5,"2024-02":3,"2024-03":6,"2024-04":6,"2024-05":9,"2024-06":6,"2024-07":15,"2024-08":17,"2024-09":17,"2024-10":27,"2024-11":44,"2024-12":20,"2025-01":18,"2025-02":23,"2025-03":43,"2025-04":19,"2025-05":19,"2025-06":20,"2025-07":15,"2025-08":43,"2025-09":17},"latest_month":"2025-09"}},{"type":"Feature","geometry":{"type":"Polygon","coordinates":[[[-117.152821,32.710454],[-117.152804,32.709421],[-117.15373,32.709401],[-117.153741,32.71045],[-117.152821,32.710454]]]},"properties":{"block_id":"13TH_ST_ISLAND_AV","neighborhood":"South East Village","total_reports":142,"latest_year":"2025","latest_year_reports":22,"reports_by_year":{"2018":3,"2019":0,"2020":3,"2021":12,"2022":17,"2023":39,"2024":46,"2025":22},"reports_by_month":{"2018-10":2,"2018-12":1,"2020-01":1,"2020-12":2,"2021-01":1,"2021-04":1,"2021-05":1,"2021-06":1,"2021-08":2,"2021-09":2,"2021-10":1,"2021-11":2,"2021-12":1,"2022-01":1,"2022-04":2,"2022-05":3,"2022-06":2,"2022-07":3,"2022-08":1,"2022-10":1,"2022-11":1,"2022-12":3,"2023-01":3,"2023-02":1,"2023-03":3,"2023-04":2,"2023-05":8,"2023-06":1,"2023-07":3,"2023-08":3,"2023-09":3,"2023-10":2,"2023-11":5,"2023-12":5,"2024-01":1,"2024-03":1,"2024-04":1,"2024-05":5,"2024-06":4,"2024-07":9,"2024-08":3,"2024-09":5,"2024-10":10,"2024-11":6,"2024-12":1,"2025-01":4,"2025-02":2,"2025-03":3,"2025-04":2,"2025-06":5,"2025-07":3,"2025-08":3},"latest_month":"2025-09"}},{"type":"Feature","geometry":{"type":"Polygon","coordinates":[[[-117.15279,32.708374],[-117.153723,32.70837],[-117.15373,32.709401],[-117.152804,32.709421],[-117.15279,32.708374]]]},"properties":{"block_id":"13TH_ST_J_ST","neighborhood":"South East Village","total_reports":187,"latest_year":"2025","latest_year_reports":19,"reports_by_year":{"2018":1,"2019":4,"2020":18,"2021":11,"2022":23,"2023":71,"2024":40,"2025":19},"reports_by_month":{"2018-12":1,"2019-01":3,"2019-06":1,"2020-01":1,"2020-02":1,"2020-05":2,"2020-06":5,"2020-07":2,"2020-08":3,"2020-09":1,"2020-10":1,"2020-11":1,"2020-12":1,"2021-03":2,"2021-04":2,"2021-08":1,"2021-10":5,"2021-12":1,"2022-03":2,"2022-04":1,"2022-07":2,"2022-08":2,"2022-09":3,"2022-10":3,"2022-11":3,"2022-12":7,"2023-01":8,"2023-02":23,"2023-03":2,"2023-04":2,"2023-05":3,"2023-06":4,"2023-07":4,"2023-08":3,"2023-10":1,"2023-11":11,"2023-12":10,"2024-01":3,"2024-02":7,"2024-03":6,"2024-04":7,"2024-05":4,"2024-07":1,"2024-08":3,"2024-09":3,"2024-10":3,"2024-11":2,"2024-12":1,"2025-01":1,"2025-02":2,"2025-03":5,"2025-04":6,"2025-05":1,"2025-06":1,"2025-07":2,"2025-09":1},"latest_month":"2025-09"}},{"type":"Feature","geometry":{"type":"Polygon","coordinates":[[[-117.151897,32.709425],[-117.151911,32.710458],[-117.151322,32.71046],[-117.1513,32.71046],[-117.150688,32.710445],[-117.150357,32.710445],[-117.150349,32.709417],[-117.151897,32.709425]]]},"properties":{"block_id":"15TH_ST_ISLAND_AV","neighborhood":"South East Village","total_reports":179,"latest_year":"2025","latest_year_reports":31,"reports_by_year":{"2018":0,"2019":6,"2020":14,"2021":33,"2022":25,"2023":42,"2024":28,"2025":31},"reports_by_month":{"2019-07":1,"2019-10":3,"2019-11":2,"2020-01":1,"2020-05":1,"2020-06":1,"2020-08":1,"2020-11":4,"2020-12":6,"2021-01":6,"2021-02":5,"2021-03":4,"2021-04":3,"2021-05":1,"2021-07":1,"2021-08":1,"2021-09":1,"2021-10":2,"2021-12":9,"2022-01":5,"2022-02":2,"2022-03":4,"2022-04":3,"2022-05":5,"2022-08":1,"2022-09":1,"2022-10":2,"2022-11":1,"2022-12":1,"2023-01":1,"2023-02":2,"2023-03":1,"2023-04":3,"2023-05":2,"2023-06":1,"2023-07":1,"2023-08":7,"2023-09":2,"2023-10":3,"2023-11":6,"2023-12":13,"2024-01":3,"2024-02":4,"2024-03":2,"2024-04":1,"2024-05":3,"2024-06":4,"2024-07":8,"2024-08":2,"2024-12":1,"2025-01":4,"2025-02":3,"2025-03":3,"2025-04":3,"2025-05":2,"2025-06":2,"2025-07":4,"2025-08":4,"2025-09":6},"latest_month":"2025-09"}},{"type":"Feature","geometry":{"type":"Polygon","coordinates":[[[-117.151883,32.708372],[-117.151897,32.709425],[-117.150349,32.709417],[-117.150332,32.708362],[-117.151044,32.708351],[-117.151051,32.708353],[-117.151066,32.708358],[-117.151082,32.708361],[-117.151097,32.708365],[-117.151113,32.708368],[-117.151129,32.70837],[-117.151145,32.708372],[-117.151161,32.708374],[-117.151178,32.708375],[-117.151883,32.708372]]]},"properties":{"block_id":"15TH_ST_J_ST","neighborhood":"South East Village","total_reports":1612,"latest_year":"2025","latest_year_reports":19,"reports_by_year":{"2018":2,"2019":3,"2020":75,"2021":163,"2022":348,"2023":764,"2024":238,"2025":19},"reports_by_month":{"2018-09":1,"2018-10":1,"2019-01":1,"2019-07":1,"2019-12":1,"2020-01":1,"2020-05":7,"2020-06":15,"2020-07":29,"2020-08":11,"2020-09":11,"2020-12":1,"2021-01":13,"2021-02":8,"2021-03":14,"2021-04":14,"2021-05":15,"2021-06":14,"2021-07":14,"2021-08":23,"2021-09":16,"2021-10":6,"2021-11":6,"2021-12":20,"2022-01":65,"2022-02":43,"2022-03":32,"2022-04":2,"2022-05":30,"2022-06":25,"2022-07":75,"2022-08":34,"2022-09":5,"2022-10":8,"2022-11":18,"2022-12":11,"2023-01":6,"2023-02":27,"2023-03":18,"2023-04":24,"2023-05":25,"2023-06":8,"2023-07":15,"2023-08":141,"2023-09":175,"2023-10":116,"2023-11":167,"2023-12":42,"2024-01":21,"2024-02":11,"2024-03":12,"2024-04":26,"2024-05":46,"2024-06":40,"2024-07":20,"2024-08":21,"2024-09":29,"2024-10":7,"2024-11":1,"2024-12":4,"2025-01":3,"2025-02":5,"2025-03":5,"2025-04":1,"2025-05":1,"2025-06":2,"2025-07":1,"2025-09":1},"latest_month":"2025-09"}},{"type":"Feature","geometry":{"type":"Polygon","coordinates":[[[-117.163768,32.711468],[-117.162858,32.711472],[-117.162849,32.710406],[-117.16376,32.710401],[-117.163762,32.710626],[-117.163762,32.710677],[-117.163768,32.711468]]]},"properties":{"block_id":"02ND_AV_MARKET_ST","neighborhood":"Marina","total_reports":25,"latest_year":"2025","latest_year_reports":6,"reports_by_year":{"2018":0,"2019":0,"2020":2,"2021":6,"2022":5,"2023":2,"2024":4,"2025":6},"reports_by_month":{"2020-05":1,"2020-08":1,"2021-03":1,"2021-04":2,"2021-07":2,"2021-11":1,"2022-04":3,"2022-09":1,"2022-10":1,"2023-04":1,"2023-12":1,"2024-02":2,"2024-04":1,"2024-10":1,"2025-01":1,"2025-05":1,"2025-06":1,"2025-07":2,"2025-09":1},"latest_month":"2025-09"}},{"type":"Feature","geometry":{"type":"Polygon","coordinates":[[[-117.162849,32.710406],[-117.162858,32.711472],[-117.161948,32.711479],[-117.161937,32.710415],[-117.162849,32.710406]]]},"properties":{"block_id":"03RD_AV_MARKET_ST","neighborhood":"Marina","total_reports":56,"latest_year":"2025","latest_year_reports":6,"reports_by_year":{"2018":0,"2019":0,"2020":6,"2021":0,"2022":17,"2023":4,"2024":23,"2025":6},"reports_by_month":{"2020-01":1,"2020-02":1,"2020-04":2,"2020-05":2,"2022-04":1,"2022-06":15,"2022-07":1,"2023-04":1,"2023-06":1,"2023-11":1,"2023-12":1,"2024-02":1,"2024-05":1,"2024-06":3,"2024-07":6,"2024-08":4,"2024-09":4,"2024-10":2,"2024-11":1,"2024-12":1,"2025-05":1,"2025-06":2,"2025-07":1,"2025-08":2},"latest_month":"2025-09"}},{"type":"Feature","geometry":{"type":"Polygon","coordinates":[[[-117.16376,32.710401],[-117.162849,32.710406],[-117.162842,32.709527],[-117.162842,32.709472],[-117.162841,32.709395],[-117.162841,32.709361],[-117.162939,32.709361],[-117.162947,32.709361],[-117.163003,32.709361],[-117.16346,32.709359],[-117.16388,32.70941],[-117.163849,32.709465],[-117.163799,32.709555],[-117.16376,32.709721],[-117.16376,32.709721],[-117.163753,32.709752],[-117.163754,32.709811],[-117.16376,32.710401]]]},"properties":{"block_id":"02ND_AV_ISLAND_AV","neighborhood":"Marina","total_reports":331,"latest_year":"2025","latest_year_reports":33,"reports_by_year":{"2018":1,"2019":7,"2020":44,"2021":84,"2022":92,"2023":23,"2024":47,"2025":33},"reports_by_month":{"2018-09":1,"2019-01":1,"2019-09":1,"2019-11":1,"2019-12":4,"2020-01":3,"2020-02":4,"2020-03":1,"2020-04":10,"2020-05":1,"2020-07":14,"2020-08":8,"2020-09":1,"2020-11":1,"2020-12":1,"2021-01":1,"2021-03":1,"2021-05":1,"2021-07":1,"2021-08":2,"2021-09":3,"2021-10":3,"2021-11":28,"2021-12":44,"2022-01":23,"2022-02":6,"2022-03":40,"2022-04":13,"2022-05":1,"2022-06":1,"2022-07":1,"2022-08":1,"2022-09":1,"2022-10":1,"2022-11":4,"2023-01":2,"2023-02":1,"2023-03":2,"2023-04":2,"2023-05":5,"2023-06":2,"2023-08":3,"2023-09":2,"2023-11":3,"2023-12":1,"2024-01":4,"2024-03":12,"2024-04":5,"2024-05":1,"2024-06":7,"2024-07":8,"2024-08":3,"2024-09":5,"2024-10":1,"2024-11":1,"2025-02":1,"2025-03":1,"2025-04":5,"2025-05":8,"2025-06":9,"2025-07":8,"2025-08":1},"latest_month":"2025-09"}},{"type":"Feature","geometry":{"type":"Polygon","coordinates":[[[-117.163768,32.711468],[-117.163762,32.710677],[-117.163762,32.710626],[-117.16376,32.710401],[-117.164674,32.710408],[-117.164674,32.710415],[-117.164677,32.710727],[-117.164678,32.71079],[-117.164685,32.711463],[-117.164685,32.711464],[-117.164373,32.711465],[-117.163768,32.711468]]]},"properties":{"block_id":"01ST_AV_W_MARKET_ST","neighborhood":"Marina","total_reports":14,"latest_year":"2025","latest_year_reports":3,"reports_by_year":{"2018":0,"2019":0,"2020":2,"2021":1,"2022":5,"2023":2,"2024":1,"2025":3},"reports_by_month":{"2020-03":1,"2020-05":1,"2021-01":1,"2022-04":2,"2022-07":1,"2022-08":2,"2023-07":1,"2023-12":1,"2024-04":1,"2025-05":1,"2025-06":1,"2025-07":1},"latest_month":"2025-09"}},{"type":"Feature","geometry":{"type":"Polygon","coordinates":[[[-117.164674,32.710408],[-117.16376,32.710401],[-117.163754,32.709811],[-117.163753,32.709752],[-117.16376,32.709721],[-117.16376,32.709721],[-117.163799,32.709555],[-117.163849,32.709465],[-117.16388,32.70941],[-117.164216,32.708877],[-117.164347,32.708943],[-117.165056,32.709336],[-117.164882,32.709563],[-117.16487,32.70958],[-117.164857,32.7096],[-117.164854,32.709605],[-117.164845,32.70962],[-117.164841,32.709627],[-117.164832,32.70964],[-117.16483,32.709645],[-117.164821,32.709661],[-117.164809,32.709682],[-117.164806,32.709687],[-117.164798,32.709702],[-117.164797,32.709705],[-117.164793,32.709713],[-117.164788,32.709723],[-117.164781,32.709738],[-117.164778,32.709744],[-117.164768,32.709766],[-117.164759,32.709787],[-117.16475,32.709809],[-117.164748,32.709815],[-117.164742,32.70983],[-117.164736,32.709846],[-117.164734,32.709852],[-117.164726,32.709874],[-117.16472,32.709896],[-117.164713,32.709918],[-117.16471,32.709929],[-117.164707,32.70994],[-117.164704,32.709951],[-117.164701,32.709963],[-117.164696,32.709985],[-117.164692,32.710008],[-117.164687,32.71003],[-117.164685,32.710044],[-117.164684,32.710053],[-117.164682,32.710065],[-117.16468,32.710075],[-117.164678,32.710097],[-117.164678,32.710098],[-117.164675,32.710121],[-117.164675,32.710127],[-117.164673,32.710143],[-117.164673,32.710151],[-117.164672,32.710166],[-117.164671,32.710189],[-117.164671,32.710212],[-117.164671,32.710234],[-117.164671,32.710257],[-117.164673,32.710298],[-117.164674,32.710383],[-117.164674,32.710408]]]},"properties":{"block_id":"01ST_AV_W_ISLAND_AV","neighborhood":"Marina","total_reports":513,"latest_year":"2025","latest_year_reports":3,"reports_by_year":{"2018":6,"2019":15,"2020":7,"2021":62,"2022":359,"2023":42,"2024":19,"2025":3},"reports_by_month":{"2018-09":3,"2018-10":1,"2018-12":2,"2019-01":3,"2019-02":3,"2019-03":1,"2019-04":1,"2019-08":1,"2019-09":3,"2019-10":3,"2020-01":2,"2020-03":1,"2020-04":2,"2020-09":1,"2020-11":1,"2021-01":2,"2021-02":2,"2021-03":2,"2021-04":6,"2021-05":5,"2021-06":1,"2021-07":2,"2021-08":2,"2021-09":5,"2021-10":3,"2021-11":4,"2021-12":28,"2022-01":137,"2022-02":109,"2022-03":46,"2022-04":27,"2022-05":3,"2022-06":17,"2022-07":4,"2022-08":7,"2022-09":3,"2022-10":3,"2022-11":1,"2022-12":2,"2023-02":1,"2023-03":5,"2023-05":2,"2023-06":12,"2023-07":4,"2023-08":3,"2023-09":3,"2023-10":4,"2023-11":4,"2023-12":4,"2024-01":1,"2024-02":3,"2024-04":4,"2024-06":1,"2024-07":2,"2024-09":7,"2024-12":1,"2025-06":2,"2025-07":1},"latest_month":"2025-09"}},{"type":"Feature","geometry":{"type":"Polygon","coordinates":[[[-117.166506,32.711472],[-117.165598,32.711471],[-117.165598,32.711469],[-117.165589,32.710902],[-117.165588,32.710828],[-117.165581,32.710414],[-117.165581,32.71041],[-117.164829,32.710409],[-117.164705,32.710408],[-117.164683,32.710408],[-117.164674,32.710408],[-117.164674,32.710383],[-117.164673,32.710298],[-117.164671,32.710257],[-117.164671,32.710234],[-117.164671,32.710212],[-117.164671,32.710189],[-117.164672,32.710166],[-117.164673,32.710151],[-117.164673,32.710143],[-117.164675,32.710127],[-117.164675,32.710121],[-117.164678,32.710098],[-117.164678,32.710097],[-117.16468,32.710075],[-117.164682,32.710065],[-117.164684,32.710053],[-117.164685,32.710044],[-117.164687,32.71003],[-117.164692,32.710008],[-117.164696,32.709985],[-117.164701,32.709963],[-117.164704,32.709951],[-117.164707,32.70994],[-117.16471,32.709929],[-117.164713,32.709918],[-117.16472,32.709896],[-117.164726,32.709874],[-117.164734,32.709852],[-117.164736,32.709846],[-117.164742,32.70983],[-117.164748,32.709815],[-117.16475,32.709809],[-117.164759,32.709787],[-117.164768,32.709766],[-117.164778,32.709744],[-117.164781,32.709738],[-117.164788,32.709723],[-117.164793,32.709713],[-117.164797,32.709705],[-117.164798,32.709702],[-117.164806,32.709687],[-117.164809,32.709682],[-117.164821,32.709661],[-117.16483,32.709645],[-117.164832,32.70964],[-117.164841,32.709627],[-117.164845,32.70962],[-117.164854,32.709605],[-117.164857,32.7096],[-117.16487,32.70958],[-117.164882,32.709563],[-117.165056,32.709336],[-117.166531,32.710144],[-117.167543,32.710699],[-117.168205,32.711061],[-117.168202,32.711065],[-117.168193,32.711077],[-117.168185,32.711088],[-117.168176,32.7111],[-117.168167,32.711111],[-117.168157,32.711122],[-117.168148,32.711134],[-117.168138,32.711145],[-117.168128,32.711156],[-117.168118,32.711167],[-117.168108,32.711177],[-117.168098,32.711188],[-117.168088,32.711198],[-117.168077,32.711209],[-117.168066,32.711219],[-117.168055,32.711229],[-117.168044,32.711239],[-117.168033,32.711249],[-117.168022,32.711259],[-117.16801,32.711269],[-117.167998,32.711278],[-117.167986,32.711288],[-117.167975,32.711297],[-117.167962,32.711306],[-117.16795,32.711315],[-117.167938,32.711324],[-117.167935,32.711326],[-117.167922,32.711334],[-117.167909,32.711342],[-117.167901,32.711347],[-117.167896,32.71135],[-117.167883,32.711358],[-117.167869,32.711366],[-117.167855,32.711373],[-117.167841,32.71138],[-117.167827,32.711387],[-117.167813,32.711393],[-117.167798,32.7114],[-117.167784,32.711406],[-117.167769,32.711412],[-117.167754,32.711417],[-117.167739,32.711423],[-117.167724,32.711428],[-117.167709,32.711433],[-117.167694,32.711437],[-117.167678,32.711442],[-117.167663,32.711446],[-117.167647,32.711449],[-117.167632,32.711453],[-117.167616,32.711456],[-117.1676,32.711459],[-117.167584,32.711462],[-117.167568,32.711464],[-117.167552,32.711467],[-117.167536,32.711469],[-117.16752,32.71147],[-117.167504,32.711472],[-117.167487,32.711473],[-117.167471,32.711474],[-117.167455,32.711474],[-117.167439,32.711475],[-117.167422,32.711475],[-117.167406,32.711474],[-117.16739,32.711474],[-117.166506,32.711472]]]},"properties":{"block_id":"FRONT_ST_W_MARKET_ST","neighborhood":"Marina","total_reports":554,"latest_year":"2025","latest_year_reports":83,"reports_by_year":{"2018":2,"2019":11,"2020":17,"2021":53,"2022":96,"2023":59,"2024":233,"2025":83},"reports_by_month":{"2018-12":2,"2019-02":2,"2019-03":1,"2019-04":1,"2019-08":3,"2019-10":3,"2019-11":1,"2020-01":7,"2020-02":2,"2020-04":1,"2020-06":1,"2020-07":1,"2020-09":1,"2020-10":2,"2020-11":2,"2021-02":1,"2021-03":2,"2021-04":2,"2021-05":4,"2021-06":5,"2021-08":3,"2021-09":8,"2021-10":9,"2021-11":10,"2021-12":9,"2022-01":9,"2022-02":16,"2022-03":10,"2022-04":2,"2022-05":6,"2022-06":19,"2022-07":3,"2022-08":1,"2022-09":2,"2022-10":10,"2022-11":12,"2022-12":6,"2023-02":2,"2023-04":3,"2023-05":1,"2023-06":2,"2023-07":1,"2023-08":5,"2023-09":13,"2023-10":14,"2023-11":9,"2023-12":9,"2024-01":51,"2024-02":3,"2024-03":30,"2024-04":17,"2024-05":11,"2024-06":17,"2024-07":34,"2024-08":25,"2024-09":22,"2024-10":8,"2024-11":7,"2024-12":8,"2025-01":5,"2025-02":7,"2025-03":13,"2025-04":2,"2025-05":27,"2025-06":15,"2025-07":8,"2025-08":5,"2025-09":1},"latest_month":"2025-09"}},{"type":"Feature","geometry":{"type":"Polygon","coordinates":[[[-117.161937,32.710415],[-117.161913,32.709373],[-117.162329,32.709368],[-117.162841,32.709361],[-117.162841,32.709395],[-117.162842,32.709472],[-117.162842,32.709527],[-117.162849,32.710406],[-117.161937,32.710415]]]},"properties":{"block_id":"03RD_AV_ISLAND_AV","neighborhood":"Marina","total_reports":49,"latest_year":"2025","latest_year_reports":3,"reports_by_year":{"2018":0,"2019":4,"2020":9,"2021":15,"2022":1,"2023":8,"2024":9,"2025":3},"reports_by_month":{"2019-09":1,"2019-11":2,"2019-12":1,"2020-01":3,"2020-04":6,"2021-03":1,"2021-05":1,"2021-09":2,"2021-10":2,"2021-11":3,"2021-12":6,"2022-07":1,"2023-01":1,"2023-02":1,"2023-03":1,"2023-04":1,"2023-05":1,"2023-08":2,"2023-11":1,"2024-01":1,"2024-03":1,"2024-06":1,"2024-08":1,"2024-09":1,"2024-11":4,"2025-04":1,"2025-05":1,"2025-08":1},"latest_month":"2025-09"}},{"type":"Feature","geometry":{"type":"Polygon","coordinates":[[[-117.164674,32.710408],[-117.164683,32.710408],[-117.164705,32.710408],[-117.164829,32.710409],[-117.165581,32.71041],[-117.165581,32.710414],[-117.165588,32.710828],[-117.165589,32.710902],[-117.165598,32.711469],[-117.165598,32.711471],[-117.164685,32.711464],[-117.164685,32.711463],[-117.164678,32.71079],[-117.164677,32.710727],[-117.164674,32.710415],[-117.164674,32.710408]]]},"properties":{"block_id":"FRONT_ST_W_MARKET_ST__2","neighborhood":"Marina","total_reports":45,"latest_year":"2025","latest_year_reports":8,"reports_by_year":{"2018":3,"2019":0,"2020":2,"2021":4,"2022":6,"2023":9,"2024":13,"2025":8},"reports_by_month":{"2018-09":1,"2018-12":2,"2020-03":1,"2020-09":1,"2021-03":1,"2021-08":1,"2021-10":2,"2022-01":1,"2022-06":1,"2022-08":1,"2022-10":2,"2022-12":1,"2023-01":1,"2023-09":2,"2023-10":2,"2023-11":3,"2023-12":1,"2024-01":2,"2024-02":2,"2024-03":1,"2024-05":2,"2024-06":1,"2024-07":2,"2024-08":2,"2024-12":1,"2025-03":1,"2025-04":1,"2025-05":3,"2025-07":1,"2025-08":2},"latest_month":"2025-09"}}],"basis":"date_requested (filed), not date_closed","months_available":{"first":"2018-08","last":"2025-09","count":86},"sparse":"reports_by_month omits months with zero reports for that block. Treat a missing key as 0, not as missing data."}