{"type": "FeatureCollection", "features": [{"type": "Feature", "geometry": {"type": "Point", "coordinates": [-117.1219713, 32.7149672]}, "properties": {"organization": "Father Joe's Villages", "org_key": "father-joes-villages", "services": ["clothing", "food", "healthcare", "other", "shelter", "work"], "referral_only_services": [], "address": "3350 E St, San Diego, CA 92102", "inside_downtown_boundary": false, "source": "community_directory", "coordinate_resolution_method": "reused_homeless_services_match", "coordinate_confidence": "HIGH"}}, {"type": "Feature", "geometry": {"type": "Point", "coordinates": [-117.160338754612, 32.74548614786]}, "properties": {"organization": "Alpha Project for the Homeless", "org_key": "alpha-project-for-the-homeless", "services": ["clothing", "food", "other", "shelter", "work"], "referral_only_services": [], "address": "3737 Fifth Ave, Suite 203, San Diego, CA 92103", "inside_downtown_boundary": false, "source": "community_directory", "coordinate_resolution_method": "geocoded", "coordinate_confidence": "MEDIUM"}}, {"type": "Feature", "geometry": {"type": "Point", "coordinates": [-117.1634628, 32.7242757]}, "properties": {"organization": "San Diego Rescue Mission", "org_key": "san-diego-rescue-mission", "services": ["clothing", "food", "healthcare", "other", "shelter", "work"], "referral_only_services": [], "address": "120 Elm St, San Diego, CA 92101", "inside_downtown_boundary": false, "source": "community_directory", "coordinate_resolution_method": "reused_homeless_services_match", "coordinate_confidence": "HIGH"}}, {"type": "Feature", "geometry": {"type": "Point", "coordinates": [-117.162323, 32.7201737]}, "properties": {"organization": "Third Avenue Charitable Organization (TACO)", "org_key": "third-avenue-charitable-organization-taco", "services": ["clothing", "food", "healthcare", "other"], "referral_only_services": [], "address": "1420 Third Ave, San Diego, CA 92101", "inside_downtown_boundary": true, "source": "community_directory", "coordinate_resolution_method": "reused_homeless_services_match", "coordinate_confidence": "HIGH"}}, {"type": "Feature", "geometry": {"type": "Point", "coordinates": [-117.133745503119, 32.717871941799]}, "properties": {"organization": "Youth Assistance Coalition", "org_key": "youth-assistance-coalition", "services": ["clothing", "food", "healthcare", "other", "shelter", "work"], "referral_only_services": [], "address": "2801 B St #238, San Diego, CA 92102", "inside_downtown_boundary": false, "source": "community_directory", "coordinate_resolution_method": "geocoded", "coordinate_confidence": "MEDIUM"}}, {"type": "Feature", "geometry": {"type": "Point", "coordinates": [-117.0918655, 33.12497]}, "properties": {"organization": "Interfaith Community Services", "org_key": "interfaith-community-services", "services": ["food", "healthcare", "other", "shelter", "work"], "referral_only_services": [], "address": "550 W Washington Ave, Escondido, CA 92025", "inside_downtown_boundary": false, "source": "community_directory", "coordinate_resolution_method": "reused_homeless_services_match", "coordinate_confidence": "HIGH"}}, {"type": "Feature", "geometry": {"type": "Point", "coordinates": [-117.2011437, 32.8054849]}, "properties": {"organization": "Community Christian Service Agency (CCSA)", "org_key": "community-christian-service-agency-ccsa", "services": ["clothing", "food", "healthcare", "other"], "referral_only_services": ["shelter"], "address": "4167 Rappahannock Ave, San Diego, CA 92117", "inside_downtown_boundary": false, "source": "community_directory", "coordinate_resolution_method": "reused_homeless_services_match", "coordinate_confidence": "HIGH"}}, {"type": "Feature", "geometry": {"type": "Point", "coordinates": [-117.1411289, 32.7113175]}, "properties": {"organization": "New Day Urban Ministries", "org_key": "new-day-urban-ministries", "services": ["clothing", "food", "other"], "referral_only_services": [], "address": "2459 Market St, San Diego, CA 92102", "inside_downtown_boundary": false, "source": "community_directory", "coordinate_resolution_method": "reused_homeless_services_match", "coordinate_confidence": "HIGH"}}, {"type": "Feature", "geometry": {"type": "Point", "coordinates": [-117.064035763309, 32.763334246174]}, "properties": {"organization": "Sharia's Closet", "org_key": "sharias-closet", "services": ["clothing", "other"], "referral_only_services": [], "address": "6244 El Cajon Blvd, Suite 5, San Diego, CA 92115", "inside_downtown_boundary": false, "source": "community_directory", "coordinate_resolution_method": "geocoded", "coordinate_confidence": "MEDIUM"}}, {"type": "Feature", "geometry": {"type": "Point", "coordinates": [-117.1830751, 32.9014275]}, "properties": {"organization": "Feeding San Diego", "org_key": "feeding-san-diego", "services": ["food", "other"], "referral_only_services": [], "address": "9477 Waples St, Suite 100, San Diego, CA 92121", "inside_downtown_boundary": false, "source": "community_directory", "coordinate_resolution_method": "reused_homeless_services_match", "coordinate_confidence": "HIGH"}}, {"type": "Feature", "geometry": {"type": "Point", "coordinates": [-117.163231369977, 32.886178094541]}, "properties": {"organization": "Jacobs & Cushman San Diego Food Bank", "org_key": "jacobs-cushman-san-diego-food-bank", "services": ["food", "other"], "referral_only_services": [], "address": "9850 Distribution Ave, San Diego, CA 92121", "inside_downtown_boundary": false, "source": "community_directory", "coordinate_resolution_method": "geocoded", "coordinate_confidence": "MEDIUM"}}, {"type": "Feature", "geometry": {"type": "Point", "coordinates": [-117.150323890093, 32.713905110176]}, "properties": {"organization": "San Diego Hunger Coalition", "org_key": "san-diego-hunger-coalition", "services": ["food", "other"], "referral_only_services": [], "address": "845 15th St, Suite 103, San Diego, CA 92101", "inside_downtown_boundary": true, "source": "community_directory", "coordinate_resolution_method": "geocoded", "coordinate_confidence": "MEDIUM"}}, {"type": "Feature", "geometry": {"type": "Point", "coordinates": [-117.164014670554, 32.732760702591]}, "properties": {"organization": "San Diego American Indian Health Center", "org_key": "san-diego-american-indian-health-center", "services": ["healthcare", "other"], "referral_only_services": [], "address": "2630 First Ave, San Diego, CA 92103", "inside_downtown_boundary": false, "source": "community_directory", "coordinate_resolution_method": "geocoded", "coordinate_confidence": "MEDIUM"}}, {"type": "Feature", "geometry": {"type": "Point", "coordinates": [-117.1605922, 32.7200729]}, "properties": {"organization": "Urban Street Angels", "org_key": "urban-street-angels", "services": ["shelter"], "category_raw": "Housing and Shelter", "service_types_detail": ["Case Management & Coordination", "TAY Services", "Mental Health Services", "Transitional & Supportive Housing", "Emergency Shelter & Crisis Intervention", "Homelessness Prevention & Diversion", "Food & Basic Needs Assistance", "Substance Abuse Disorder"], "address": "1404 5TH AVE\nSAN DIEGO, CA 92101", "inside_downtown_boundary": true, "distance_from_boundary_mi": 0.0, "source": "msba_directory"}}, {"type": "Feature", "geometry": {"type": "Point", "coordinates": [-117.1830749, 32.7437733]}, "properties": {"organization": "Legal Aid Society of San Diego", "org_key": "legal-aid-society-of-san-diego", "services": ["shelter"], "category_raw": "Housing and Shelter", "service_types_detail": ["Mental Health Services", "Homelessness Prevention & Diversion", "Legal Assistance & Tenant Advocacy", "Housing Education & Counseling"], "address": "1764 SAN DIEGO AVE STE 100\nSAN DIEGO, CA 92110", "inside_downtown_boundary": false, "distance_from_boundary_mi": 1.78, "source": "msba_directory"}}, {"type": "Feature", "geometry": {"type": "Point", "coordinates": [-117.1830749, 32.7437733]}, "properties": {"organization": "Legal Aid Society of San Diego", "org_key": "legal-aid-society-of-san-diego", "services": ["shelter"], "category_raw": "Housing and Shelter", "service_types_detail": ["Housing Financial Assistance", "Mental Health Services", "Legal Assistance & Tenant Advocacy", "Housing Education & Counseling", "Homelessness Prevention & Diversion"], "address": "1764 SAN DIEGO AVE STE 100\nSAN DIEGO, CA 92110", "inside_downtown_boundary": false, "distance_from_boundary_mi": 1.78, "source": "msba_directory"}}, {"type": "Feature", "geometry": {"type": "Point", "coordinates": [-117.1830749, 32.7437733]}, "properties": {"organization": "Legal Aid Society of San Diego", "org_key": "legal-aid-society-of-san-diego", "services": ["shelter"], "category_raw": "Housing and Shelter", "service_types_detail": ["Housing Financial Assistance", "Housing Search & Navigation", "Mental Health Services", "Legal Assistance & Tenant Advocacy", "Housing Education & Counseling", "Homelessness Prevention & Diversion"], "address": "1764 SAN DIEGO AVE STE 100\nSAN DIEGO, CA 92110", "inside_downtown_boundary": false, "distance_from_boundary_mi": 1.78, "source": "msba_directory"}}, {"type": "Feature", "geometry": {"type": "Point", "coordinates": [-117.1926975, 32.7448068]}, "properties": {"organization": "Father Joe's Villages", "org_key": "father-joes-villages", "services": ["shelter"], "category_raw": "Housing and Shelter", "service_types_detail": ["Case Management & Coordination", "Mental Health Services", "Housing Education & Counseling", "Emergency Shelter & Crisis Intervention", "Homelessness Prevention & Diversion", "Transitional & Supportive Housing"], "address": "4141 PACIFIC HWY\nSAN DIEGO, CA 92110", "inside_downtown_boundary": false, "distance_from_boundary_mi": 2.1, "source": "msba_directory"}}, {"type": "Feature", "geometry": {"type": "Point", "coordinates": [-117.1516251, 32.7055808]}, "properties": {"organization": "Father Joe's Villages", "org_key": "father-joes-villages", "services": ["shelter"], "category_raw": "Housing and Shelter", "service_types_detail": ["Case Management & Coordination", "Family Services", "Mental Health Services", "Homelessness Prevention & Diversion", "Transitional & Supportive Housing"], "address": "1 14TH ST\nSAN DIEGO, CA 92101", "inside_downtown_boundary": true, "distance_from_boundary_mi": 0.0, "source": "msba_directory"}}, {"type": "Feature", "geometry": {"type": "Point", "coordinates": [-117.1580019, 32.7138756]}, "properties": {"organization": "The Salvation Army San Diego Regional Office", "org_key": "the-salvation-army-san-diego-regional-office", "services": ["shelter"], "category_raw": "Housing and Shelter", "service_types_detail": ["Case Management & Coordination", "Emergency Shelter & Crisis Intervention", "Disability Services", "Senior Services", "Homelessness Prevention & Diversion", "Transitional & Supportive Housing"], "address": "825 7TH AVE\nSAN DIEGO, CA 92101", "inside_downtown_boundary": true, "distance_from_boundary_mi": 0.0, "source": "msba_directory"}}, {"type": "Feature", "geometry": {"type": "Point", "coordinates": [-117.1498896, 32.7057571]}, "properties": {"organization": "Father Joe's Villages", "org_key": "father-joes-villages", "services": ["shelter"], "category_raw": "Housing and Shelter", "service_types_detail": ["Mental Health Services", "Food & Basic Needs Assistance", "Transitional & Supportive Housing", "Emergency Shelter & Crisis Intervention"], "address": "1501 IMPERIAL AVE\nSAN DIEGO, CA 92101", "inside_downtown_boundary": true, "distance_from_boundary_mi": 0.0, "source": "msba_directory"}}, {"type": "Feature", "geometry": {"type": "Point", "coordinates": [-117.1607576, 32.7212763]}, "properties": {"organization": "Serving Seniors", "org_key": "serving-seniors", "services": ["shelter"], "category_raw": "Housing and Shelter", "service_types_detail": ["Case Management & Coordination", "Emergency Shelter & Crisis Intervention", "Disability Services", "Senior Services", "Transitional & Supportive Housing"], "address": "1525 4TH AVE\nSAN DIEGO, CA 92101", "inside_downtown_boundary": true, "distance_from_boundary_mi": 0.0, "source": "msba_directory"}}, {"type": "Feature", "geometry": {"type": "Point", "coordinates": [-117.1498896, 32.7057571]}, "properties": {"organization": "Father Joe's Villages", "org_key": "father-joes-villages", "services": ["shelter"], "category_raw": "Housing and Shelter", "service_types_detail": ["Transitional & Supportive Housing", "Emergency Shelter & Crisis Intervention"], "address": "1501 IMPERIAL AVE\nSAN DIEGO, CA 92101", "inside_downtown_boundary": true, "distance_from_boundary_mi": 0.0, "source": "msba_directory"}}, {"type": "Feature", "geometry": {"type": "Point", "coordinates": [-117.1605992, 32.734849]}, "properties": {"organization": "Episcopal Community Services", "org_key": "episcopal-community-services", "services": ["shelter"], "category_raw": "Housing and Shelter", "service_types_detail": ["Transitional & Supportive Housing", "Emergency Shelter & Crisis Intervention"], "address": "2822 5TH AVE\nSAN DIEGO, CA 92103", "inside_downtown_boundary": false, "distance_from_boundary_mi": 0.78, "source": "msba_directory"}}, {"type": "Feature", "geometry": {"type": "Point", "coordinates": [-117.1636794, 32.7374549]}, "properties": {"organization": "Sister League of San Diego", "org_key": "sister-league-of-san-diego", "services": ["shelter"], "category_raw": "Housing and Shelter", "service_types_detail": ["Transitional & Supportive Housing", "Emergency Shelter & Crisis Intervention"], "address": "115 REDWOOD ST\nSAN DIEGO, CA 92103", "inside_downtown_boundary": false, "distance_from_boundary_mi": 0.96, "source": "msba_directory"}}, {"type": "Feature", "geometry": {"type": "Point", "coordinates": [-117.1544086, 32.7159274]}, "properties": {"organization": "San Diego Housing Commission", "org_key": "san-diego-housing-commission", "services": ["shelter"], "category_raw": "Housing and Shelter", "service_types_detail": ["Housing Financial Assistance", "Homelessness Prevention & Diversion", "Emergency Shelter & Crisis Intervention"], "address": "1122 BROADWAY\nSAN DIEGO, CA 92101", "inside_downtown_boundary": true, "distance_from_boundary_mi": 0.0, "source": "msba_directory"}}, {"type": "Feature", "geometry": {"type": "Point", "coordinates": [-117.1544086, 32.7159274]}, "properties": {"organization": "San Diego Housing Commission", "org_key": "san-diego-housing-commission", "services": ["shelter"], "category_raw": "Housing and Shelter", "service_types_detail": ["Housing Financial Assistance", "Homelessness Prevention & Diversion", "Emergency Shelter & Crisis Intervention"], "address": "1122 BROADWAY\nSAN DIEGO, CA 92101", "inside_downtown_boundary": true, "distance_from_boundary_mi": 0.0, "source": "msba_directory"}}, {"type": "Feature", "geometry": {"type": "Point", "coordinates": [-117.1535867, 32.706009]}, "properties": {"organization": "Self Sufficiency Programs, Health and Human Services Agency, County of San Diego", "org_key": "self-sufficiency-programs-health-and-human-services-agency-county-of-san-diego", "services": ["shelter"], "category_raw": "Housing and Shelter", "service_types_detail": ["Homelessness Prevention & Diversion", "Case Management & Coordination", "Family Services", "Emergency Shelter & Crisis Intervention"], "address": "1255 IMPERIAL AVE\nSAN DIEGO, CA 92101", "inside_downtown_boundary": true, "distance_from_boundary_mi": 0.0, "source": "msba_directory"}}, {"type": "Feature", "geometry": {"type": "Point", "coordinates": [-117.1496831, 32.7057736]}, "properties": {"organization": "Father Joe's Villages", "org_key": "father-joes-villages", "services": ["shelter"], "category_raw": "Housing and Shelter", "service_types_detail": ["Homelessness Prevention & Diversion", "Transitional & Supportive Housing"], "address": "1501 IMPERIAL AVE\nSAN DIEGO, CA 92101", "inside_downtown_boundary": true, "distance_from_boundary_mi": 0.0, "source": "msba_directory"}}, {"type": "Feature", "geometry": {"type": "Point", "coordinates": [-117.1434104, 32.7161163]}, "properties": {"organization": "San Diego Youth Services", "org_key": "san-diego-youth-services", "services": ["shelter"], "category_raw": "Housing and Shelter", "service_types_detail": ["Mental Health Services", "Homelessness Prevention & Diversion", "Family Services", "Emergency Shelter & Crisis Intervention"], "address": "2220 BROADWAY\nSAN DIEGO, CA 92102", "inside_downtown_boundary": false, "distance_from_boundary_mi": 0.06, "source": "msba_directory"}}, {"type": "Feature", "geometry": {"type": "Point", "coordinates": [-117.1571117, 32.7133124]}, "properties": {"organization": "Catholic Charities Diocese of San Diego", "org_key": "catholic-charities-diocese-of-san-diego", "services": ["shelter"], "category_raw": "Housing and Shelter", "service_types_detail": ["Home Accessibility & Improvement", "Mental Health Services", "Emergency Shelter & Crisis Intervention", "Homelessness Prevention & Diversion", "Food & Basic Needs Assistance", "Substance Abuse Disorder"], "address": "759 8TH AVE\nSAN DIEGO, CA 92101", "inside_downtown_boundary": true, "distance_from_boundary_mi": 0.0, "source": "msba_directory"}}, {"type": "Feature", "geometry": {"type": "Point", "coordinates": [-117.1483137, 32.7080457]}, "properties": {"organization": "Father Joe's Villages", "org_key": "father-joes-villages", "services": ["shelter"], "category_raw": "Housing and Shelter", "service_types_detail": ["Home Accessibility & Improvement", "Case Management & Coordination", "Emergency Shelter & Crisis Intervention", "Disability Services", "Senior Services", "Homelessness Prevention & Diversion", "Food & Basic Needs Assistance"], "address": "299 17TH ST\nSAN DIEGO, CA 92101", "inside_downtown_boundary": true, "distance_from_boundary_mi": 0.0, "source": "msba_directory"}}, {"type": "Feature", "geometry": {"type": "Point", "coordinates": [-117.1591043, 32.7190095]}, "properties": {"organization": "PATH San Diego", "org_key": "path-san-diego", "services": ["shelter"], "category_raw": "Housing and Shelter", "service_types_detail": ["Mental Health Services", "Transitional & Supportive Housing", "Case Management & Coordination", "Emergency Shelter & Crisis Intervention"], "address": "1250 6TH AVE STE 150\nSAN DIEGO, CA 92101", "inside_downtown_boundary": true, "distance_from_boundary_mi": 0.0, "source": "msba_directory"}}, {"type": "Feature", "geometry": {"type": "Point", "coordinates": [-117.2092383, 32.7459846]}, "properties": {"organization": "Fleet and Family Support Centers", "org_key": "fleet-and-family-support-centers", "services": ["shelter"], "category_raw": "Housing and Shelter", "service_types_detail": ["Mental Health Services", "Veteran Services", "Family Services", "Housing Education & Counseling"], "address": "3207 ROSECRANS PL\nSAN DIEGO, CA 92110", "inside_downtown_boundary": false, "distance_from_boundary_mi": 2.81, "source": "msba_directory"}}, {"type": "Feature", "geometry": {"type": "Point", "coordinates": [-117.1398927, 32.7164103]}, "properties": {"organization": "Union of Pan Asian Communities", "org_key": "union-of-pan-asian-communities", "services": ["shelter"], "category_raw": "Housing and Shelter", "service_types_detail": ["Housing Education & Counseling"], "address": "1031 25TH ST\nSAN DIEGO, CA 92102", "inside_downtown_boundary": false, "distance_from_boundary_mi": 0.27, "source": "msba_directory"}}, {"type": "Feature", "geometry": {"type": "Point", "coordinates": [-117.1968116, 32.7424695]}, "properties": {"organization": "Navy-Marine Corps Relief Society, San Diego", "org_key": "navy-marine-corps-relief-society-san-diego", "services": ["shelter"], "category_raw": "Housing and Shelter", "service_types_detail": ["Housing Financial Assistance", "Family Services", "Veteran Services", "Utility & Energy Assistance", "Homelessness Prevention & Diversion", "Food & Basic Needs Assistance"], "address": "4025 TRIPOLI AVE BLDG 14\nSAN DIEGO, CA 92140", "inside_downtown_boundary": false, "distance_from_boundary_mi": 2.12, "source": "msba_directory"}}, {"type": "Feature", "geometry": {"type": "Point", "coordinates": [-117.1274613, 32.6919806]}, "properties": {"organization": "Navy-Marine Corps Relief Society, San Diego", "org_key": "navy-marine-corps-relief-society-san-diego", "services": ["shelter"], "category_raw": "Housing and Shelter", "service_types_detail": ["Housing Financial Assistance", "Family Services", "Veteran Services", "Utility & Energy Assistance", "Homelessness Prevention & Diversion"], "address": "3115 DOLPHIN ALY BLDG 270\nSAN DIEGO, CA 92136", "inside_downtown_boundary": false, "distance_from_boundary_mi": 1.31, "source": "msba_directory"}}, {"type": "Feature", "geometry": {"type": "Point", "coordinates": [-117.1229573, 32.7556503]}, "properties": {"organization": "Union of Pan Asian Communities", "org_key": "union-of-pan-asian-communities", "services": ["shelter"], "category_raw": "Housing and Shelter", "service_types_detail": ["Transitional & Supportive Housing", "Case Management & Coordination"], "address": "3288 EL CAJON BLVD STE 13\nSAN DIEGO, CA 92104", "inside_downtown_boundary": false, "distance_from_boundary_mi": 2.88, "source": "msba_directory"}}, {"type": "Feature", "geometry": {"type": "Point", "coordinates": [-117.1496831, 32.7057736]}, "properties": {"organization": "Father Joe's Villages", "org_key": "father-joes-villages", "services": ["shelter"], "category_raw": "Housing and Shelter", "service_types_detail": ["Housing Search & Navigation", "Family Services", "Emergency Shelter & Crisis Intervention", "Transitional & Supportive Housing", "Food & Basic Needs Assistance"], "address": "1501 IMPERIAL AVE\nSAN DIEGO, CA 92101", "inside_downtown_boundary": true, "distance_from_boundary_mi": 0.0, "source": "msba_directory"}}, {"type": "Feature", "geometry": {"type": "Point", "coordinates": [-117.1968116, 32.7424695]}, "properties": {"organization": "Marine and Family Services, Marine Corps Recruit Depot", "org_key": "marine-and-family-services-marine-corps-recruit-depot", "services": ["shelter"], "category_raw": "Housing and Shelter", "service_types_detail": ["Moving & Relocation Support", "Veteran Services", "Family Services"], "address": "4025 TRIPOLI AVE BLDG 14\nSAN DIEGO, CA 92140", "inside_downtown_boundary": false, "distance_from_boundary_mi": 2.12, "source": "msba_directory"}}, {"type": "Feature", "geometry": {"type": "Point", "coordinates": [-117.1968116, 32.7424695]}, "properties": {"organization": "Marine and Family Services, Marine Corps Recruit Depot", "org_key": "marine-and-family-services-marine-corps-recruit-depot", "services": ["shelter"], "category_raw": "Housing and Shelter", "service_types_detail": ["Moving & Relocation Support", "Veteran Services", "Family Services"], "address": "4025 TRIPOLI AVE BLDG 14\nSAN DIEGO, CA 92140", "inside_downtown_boundary": false, "distance_from_boundary_mi": 2.12, "source": "msba_directory"}}, {"type": "Feature", "geometry": {"type": "Point", "coordinates": [-117.1462642, 32.7049878]}, "properties": {"organization": "Hope of the Valley Rescue Mission", "org_key": "hope-of-the-valley-rescue-mission", "services": ["shelter"], "category_raw": "Housing and Shelter", "service_types_detail": ["Moving & Relocation Support"], "address": "116 S 20TH ST\nSAN DIEGO, CA 92113", "inside_downtown_boundary": true, "distance_from_boundary_mi": 0.0, "source": "msba_directory"}}, {"type": "Feature", "geometry": {"type": "Point", "coordinates": [-117.1428055, 32.755063]}, "properties": {"organization": "Townspeople", "org_key": "townspeople", "services": ["shelter"], "category_raw": "Housing and Shelter", "service_types_detail": ["Homelessness Prevention & Diversion", "Transitional & Supportive Housing", "Family Services"], "address": "2047 EL CAJON BLVD\nSAN DIEGO, CA 92104", "inside_downtown_boundary": false, "distance_from_boundary_mi": 2.3, "source": "msba_directory"}}, {"type": "Feature", "geometry": {"type": "Point", "coordinates": [-117.1615618, 32.7404974]}, "properties": {"organization": "Sister League of San Diego", "org_key": "sister-league-of-san-diego", "services": ["shelter"], "category_raw": "Housing and Shelter", "service_types_detail": ["Homelessness Prevention & Diversion", "Transitional & Supportive Housing"], "address": "3360 4TH AVE\nSAN DIEGO, CA 92103", "inside_downtown_boundary": false, "distance_from_boundary_mi": 1.17, "source": "msba_directory"}}, {"type": "Feature", "geometry": {"type": "Point", "coordinates": [-117.1521157, 32.7112467]}, "properties": {"organization": "Alpha Project for the Homeless", "org_key": "alpha-project-for-the-homeless", "services": ["shelter"], "category_raw": "Housing and Shelter", "service_types_detail": ["Homelessness Prevention & Diversion", "Transitional & Supportive Housing"], "address": "550 14TH ST\nSAN DIEGO, CA 92101", "inside_downtown_boundary": true, "distance_from_boundary_mi": 0.0, "source": "msba_directory"}}, {"type": "Feature", "geometry": {"type": "Point", "coordinates": [-117.1567833, 32.7134123]}, "properties": {"organization": "Catholic Charities Diocese of San Diego", "org_key": "catholic-charities-diocese-of-san-diego", "services": ["shelter"], "category_raw": "Housing and Shelter", "service_types_detail": ["Homelessness Prevention & Diversion", "Transitional & Supportive Housing"], "address": "798 9TH AVE\nSAN DIEGO, CA 92101", "inside_downtown_boundary": true, "distance_from_boundary_mi": 0.0, "source": "msba_directory"}}, {"type": "Feature", "geometry": {"type": "Point", "coordinates": [-117.127936, 32.7120169]}, "properties": {"organization": "Arc of San Diego", "org_key": "arc-of-san-diego", "services": ["shelter"], "category_raw": "Housing and Shelter", "service_types_detail": ["Home Accessibility & Improvement", "Disability Services"], "address": "3030 MARKET ST\nSAN DIEGO, CA 92102", "inside_downtown_boundary": false, "distance_from_boundary_mi": 0.96, "source": "msba_directory"}}, {"type": "Feature", "geometry": {"type": "Point", "coordinates": [-117.1255102, 32.7118971]}, "properties": {"organization": "Shaback Altruistic Inc.", "org_key": "shaback-altruistic-inc", "services": ["shelter"], "category_raw": "Housing and Shelter", "service_types_detail": ["Food & Basic Needs Assistance"], "address": "3194 MARKET ST\nSAN DIEGO, CA 92102", "inside_downtown_boundary": false, "distance_from_boundary_mi": 1.1, "source": "msba_directory"}}, {"type": "Feature", "geometry": {"type": "Point", "coordinates": [-117.1496831, 32.7057736]}, "properties": {"organization": "Father Joe's Villages", "org_key": "father-joes-villages", "services": ["shelter"], "category_raw": "Housing and Shelter", "service_types_detail": ["Emergency Shelter & Crisis Intervention"], "address": "1501 IMPERIAL AVE\nSAN DIEGO, CA 92101", "inside_downtown_boundary": true, "distance_from_boundary_mi": 0.0, "source": "msba_directory"}}, {"type": "Feature", "geometry": {"type": "Point", "coordinates": [-117.1571117, 32.7133124]}, "properties": {"organization": "Catholic Charities Diocese of San Diego", "org_key": "catholic-charities-diocese-of-san-diego", "services": ["shelter"], "category_raw": "Housing and Shelter", "service_types_detail": ["Emergency Shelter & Crisis Intervention"], "address": "759 8TH AVE\nSAN DIEGO, CA 92101", "inside_downtown_boundary": true, "distance_from_boundary_mi": 0.0, "source": "msba_directory"}}, {"type": "Feature", "geometry": {"type": "Point", "coordinates": [-117.1498896, 32.7057571]}, "properties": {"organization": "Father Joe's Villages", "org_key": "father-joes-villages", "services": ["shelter"], "category_raw": "Housing and Shelter", "service_types_detail": ["Emergency Shelter & Crisis Intervention"], "address": "1501 IMPERIAL AVE\nSAN DIEGO, CA 92101", "inside_downtown_boundary": true, "distance_from_boundary_mi": 0.0, "source": "msba_directory"}}, {"type": "Feature", "geometry": {"type": "Point", "coordinates": [-117.1428055, 32.755063]}, "properties": {"organization": "Townspeople", "org_key": "townspeople", "services": ["shelter"], "category_raw": "Housing and Shelter", "service_types_detail": ["Homelessness Prevention & Diversion", "Food & Basic Needs Assistance"], "address": "2047 EL CAJON BLVD\nSAN DIEGO, CA 92104", "inside_downtown_boundary": false, "distance_from_boundary_mi": 2.3, "source": "msba_directory"}}, {"type": "Feature", "geometry": {"type": "Point", "coordinates": [-117.1152018, 32.714169]}, "properties": {"organization": "GRID Alternatives", "org_key": "grid-alternatives", "services": ["shelter"], "category_raw": "Housing and Shelter", "service_types_detail": ["Utility & Energy Assistance"], "address": "930 Gateway Center Way\nSAN DIEGO, CA 92102", "inside_downtown_boundary": false, "distance_from_boundary_mi": 1.7, "source": "msba_directory"}}, {"type": "Feature", "geometry": {"type": "Point", "coordinates": [-117.1650979, 32.7194206]}, "properties": {"organization": "California Department of Veterans Affairs (VA)", "org_key": "california-department-of-veterans-affairs-va", "services": ["shelter"], "category_raw": "Housing and Shelter", "service_types_detail": ["Housing Financial Assistance", "Veteran Services"], "address": "1350 FRONT ST STE 2023\nSAN DIEGO, CA 92101", "inside_downtown_boundary": true, "distance_from_boundary_mi": 0.0, "source": "msba_directory"}}, {"type": "Feature", "geometry": {"type": "Point", "coordinates": [-117.1968116, 32.7424695]}, "properties": {"organization": "Marine and Family Services, Marine Corps Recruit Depot", "org_key": "marine-and-family-services-marine-corps-recruit-depot", "services": ["shelter"], "category_raw": "Housing and Shelter", "service_types_detail": ["Housing Financial Assistance", "Veteran Services", "Family Services"], "address": "4025 TRIPOLI AVE BLDG 14\nSAN DIEGO, CA 92140", "inside_downtown_boundary": false, "distance_from_boundary_mi": 2.12, "source": "msba_directory"}}, {"type": "Feature", "geometry": {"type": "Point", "coordinates": [-117.1011505, 32.7288391]}, "properties": {"organization": "City Heights Community Development Corporation", "org_key": "city-heights-community-development-corporation", "services": ["shelter"], "category_raw": "Housing and Shelter", "service_types_detail": ["Homelessness Prevention & Diversion", "Food & Basic Needs Assistance", "Housing Search & Navigation"], "address": "4372 HOME AVE\nSAN DIEGO, CA 92105", "inside_downtown_boundary": false, "distance_from_boundary_mi": 2.63, "source": "msba_directory"}}, {"type": "Feature", "geometry": {"type": "Point", "coordinates": [-117.125566, 32.748803]}, "properties": {"organization": "Chicano Federation of San Diego County", "org_key": "chicano-federation-of-san-diego-county", "services": ["shelter"], "category_raw": "Housing and Shelter", "service_types_detail": ["Homelessness Prevention & Diversion", "Food & Basic Needs Assistance", "Housing Search & Navigation"], "address": "3180 UNIVERSITY AVE STE 110\nSAN DIEGO, CA 92104", "inside_downtown_boundary": false, "distance_from_boundary_mi": 2.39, "source": "msba_directory"}}, {"type": "Feature", "geometry": {"type": "Point", "coordinates": [-117.1428055, 32.755063]}, "properties": {"organization": "Townspeople", "org_key": "townspeople", "services": ["shelter"], "category_raw": "Housing and Shelter", "service_types_detail": ["Transitional & Supportive Housing", "Housing Search & Navigation"], "address": "2047 EL CAJON BLVD\nSAN DIEGO, CA 92104", "inside_downtown_boundary": false, "distance_from_boundary_mi": 2.3, "source": "msba_directory"}}, {"type": "Feature", "geometry": {"type": "Point", "coordinates": [-117.1296145, 32.7359242]}, "properties": {"organization": "Rodriguez Residential Care Facility", "org_key": "rodriguez-residential-care-facility", "services": ["shelter"], "category_raw": "Housing and Shelter", "service_types_detail": ["Disability Services", "Transitional & Supportive Housing", "Senior Services"], "address": "2914 30TH ST\nSAN DIEGO, CA 92104", "inside_downtown_boundary": false, "distance_from_boundary_mi": 1.51, "source": "msba_directory"}}, {"type": "Feature", "geometry": {"type": "Point", "coordinates": [-117.1291181, 32.7209896]}, "properties": {"organization": "Rodriguez Board and Care", "org_key": "rodriguez-board-and-care", "services": ["shelter"], "category_raw": "Housing and Shelter", "service_types_detail": ["Disability Services", "Transitional & Supportive Housing", "Senior Services"], "address": "1435 FERN ST\nSAN DIEGO, CA 92102", "inside_downtown_boundary": false, "distance_from_boundary_mi": 0.92, "source": "msba_directory"}}, {"type": "Feature", "geometry": {"type": "Point", "coordinates": [-117.1442761, 32.7186663]}, "properties": {"organization": "Nelson - Haven", "org_key": "nelson-haven", "services": ["shelter"], "category_raw": "Housing and Shelter", "service_types_detail": ["Disability Services", "Transitional & Supportive Housing", "Senior Services"], "address": "1268 22ND ST\nSAN DIEGO, CA 92102", "inside_downtown_boundary": false, "distance_from_boundary_mi": 0.05, "source": "msba_directory"}}, {"type": "Feature", "geometry": {"type": "Point", "coordinates": [-117.127936, 32.7120169]}, "properties": {"organization": "Arc of San Diego", "org_key": "arc-of-san-diego", "services": ["shelter"], "category_raw": "Housing and Shelter", "service_types_detail": ["Transitional & Supportive Housing", "Disability Services"], "address": "3030 MARKET ST\nSAN DIEGO, CA 92102", "inside_downtown_boundary": false, "distance_from_boundary_mi": 0.96, "source": "msba_directory"}}, {"type": "Feature", "geometry": {"type": "Point", "coordinates": [-117.1434104, 32.7161163]}, "properties": {"organization": "San Diego Youth Services", "org_key": "san-diego-youth-services", "services": ["shelter"], "category_raw": "Housing and Shelter", "service_types_detail": ["Homelessness Prevention & Diversion", "Disability Services", "Case Management & Coordination", "Senior Services"], "address": "2220 Broadway\nSAN DIEGO, CA 92102", "inside_downtown_boundary": false, "distance_from_boundary_mi": 0.06, "source": "msba_directory"}}, {"type": "Feature", "geometry": {"type": "Point", "coordinates": [-117.1476612, 32.7489449]}, "properties": {"organization": "San Diego LGBT Community Center", "org_key": "san-diego-lgbt-community-center", "services": ["shelter"], "category_raw": "Housing and Shelter", "service_types_detail": ["Homelessness Prevention & Diversion", "Disability Services", "Case Management & Coordination", "Senior Services"], "address": "3909 CENTRE ST\nSAN DIEGO, CA 92103", "inside_downtown_boundary": false, "distance_from_boundary_mi": 1.81, "source": "msba_directory"}}, {"type": "Feature", "geometry": {"type": "Point", "coordinates": [-117.1921627, 32.7443685]}, "properties": {"organization": "Veterans Village of San Diego", "org_key": "veterans-village-of-san-diego", "services": ["shelter"], "category_raw": "Housing and Shelter", "service_types_detail": ["Homelessness Prevention & Diversion", "Disability Services", "Case Management & Coordination", "Senior Services"], "address": "4141 PACIFIC HWY\nSAN DIEGO, CA 92110", "inside_downtown_boundary": false, "distance_from_boundary_mi": 2.06, "source": "msba_directory"}}, {"type": "Feature", "geometry": {"type": "Point", "coordinates": [-117.149183, 32.706834]}, "properties": {"organization": "NAMI San Diego", "org_key": "nami-san-diego", "services": ["shelter"], "category_raw": "Housing and Shelter", "service_types_detail": ["Homelessness Prevention & Diversion", "Disability Services", "Case Management & Coordination", "Senior Services"], "address": "101 16th St\nSan Diego, CA 92101", "inside_downtown_boundary": true, "distance_from_boundary_mi": 0.0, "source": "msba_directory"}}, {"type": "Feature", "geometry": {"type": "Point", "coordinates": [-117.1434104, 32.7161163]}, "properties": {"organization": "San Diego Youth Services", "org_key": "san-diego-youth-services", "services": ["shelter"], "category_raw": "Housing and Shelter", "service_types_detail": ["Homelessness Prevention & Diversion"], "address": "2220 BROADWAY\nSAN DIEGO, CA 92102", "inside_downtown_boundary": false, "distance_from_boundary_mi": 0.06, "source": "msba_directory"}}, {"type": "Feature", "geometry": {"type": "Point", "coordinates": [-117.1181566, 32.6997252]}, "properties": {"organization": "Jacobs and Cushman San Diego Food Bank", "org_key": "jacobs-and-cushman-san-diego-food-bank", "services": ["food"], "category_raw": "Food", "service_types_detail": ["Food & Basic Needs Assistance"], "address": "611 S 35TH ST\nSAN DIEGO, CA 92113", "inside_downtown_boundary": false, "distance_from_boundary_mi": 1.57, "source": "msba_directory"}}, {"type": "Feature", "geometry": {"type": "Point", "coordinates": [-117.1580019, 32.7138756]}, "properties": {"organization": "The Salvation Army San Diego Regional Office", "org_key": "the-salvation-army-san-diego-regional-office", "services": ["food"], "category_raw": "Food", "service_types_detail": ["Food & Basic Needs Assistance"], "address": "825 7TH AVE\nSAN DIEGO, CA 92101", "inside_downtown_boundary": true, "distance_from_boundary_mi": 0.0, "source": "msba_directory"}}, {"type": "Feature", "geometry": {"type": "Point", "coordinates": [-117.1255102, 32.7118971]}, "properties": {"organization": "Shaback Altruistic Inc.", "org_key": "shaback-altruistic-inc", "services": ["food"], "category_raw": "Food", "service_types_detail": ["Food & Basic Needs Assistance"], "address": "3194 MARKET ST\nSAN DIEGO, CA 92102", "inside_downtown_boundary": false, "distance_from_boundary_mi": 1.1, "source": "msba_directory"}}, {"type": "Feature", "geometry": {"type": "Point", "coordinates": [-117.1580019, 32.7138756]}, "properties": {"organization": "The Salvation Army San Diego Regional Office", "org_key": "the-salvation-army-san-diego-regional-office", "services": ["food"], "category_raw": "Food", "service_types_detail": ["Food & Basic Needs Assistance", "Senior Services"], "address": "825 7TH AVE\nSAN DIEGO, CA 92101", "inside_downtown_boundary": true, "distance_from_boundary_mi": 0.0, "source": "msba_directory"}}, {"type": "Feature", "geometry": {"type": "Point", "coordinates": [-117.1307113, 32.7475918]}, "properties": {"organization": "County of San Diego Certified Farmers Market", "org_key": "county-of-san-diego-certified-farmers-market", "services": ["food"], "category_raw": "Food", "service_types_detail": ["Food & Basic Needs Assistance"], "address": "2900 N PARK WAY\nSAN DIEGO, CA 92104", "inside_downtown_boundary": false, "distance_from_boundary_mi": 2.19, "source": "msba_directory"}}, {"type": "Feature", "geometry": {"type": "Point", "coordinates": [-117.1297756, 32.7458354]}, "properties": {"organization": "St Lukes Episcopal Church", "org_key": "st-lukes-episcopal-church", "services": ["food"], "category_raw": "Food", "service_types_detail": ["Food & Basic Needs Assistance"], "address": "3725 30TH ST\nSAN DIEGO, CA 92104", "inside_downtown_boundary": false, "distance_from_boundary_mi": 2.1, "source": "msba_directory"}}, {"type": "Feature", "geometry": {"type": "Point", "coordinates": [-117.1607576, 32.7212763]}, "properties": {"organization": "Serving Seniors", "org_key": "serving-seniors", "services": ["food"], "category_raw": "Food", "service_types_detail": ["Food & Basic Needs Assistance", "Senior Services"], "address": "1525 4TH AVE\nSAN DIEGO, CA 92101", "inside_downtown_boundary": true, "distance_from_boundary_mi": 0.0, "source": "msba_directory"}}, {"type": "Feature", "geometry": {"type": "Point", "coordinates": [-117.1013577, 32.7415106]}, "properties": {"organization": "Feeding San Diego", "org_key": "feeding-san-diego", "services": ["food"], "category_raw": "Food", "service_types_detail": ["Food & Basic Needs Assistance"], "address": "3406 FAIRMOUNT AVE\nSAN DIEGO, CA 92105", "inside_downtown_boundary": false, "distance_from_boundary_mi": 2.99, "source": "msba_directory"}}, {"type": "Feature", "geometry": {"type": "Point", "coordinates": [-117.1124344, 32.7476667]}, "properties": {"organization": "Feeding San Diego", "org_key": "feeding-san-diego", "services": ["food"], "category_raw": "Food", "service_types_detail": ["Food & Basic Needs Assistance"], "address": "3737 WIGHTMAN ST\nSAN DIEGO, CA 92105", "inside_downtown_boundary": false, "distance_from_boundary_mi": 2.77, "source": "msba_directory"}}, {"type": "Feature", "geometry": {"type": "Point", "coordinates": [-117.1384702, 32.7061008]}, "properties": {"organization": "Feeding San Diego", "org_key": "feeding-san-diego", "services": ["food"], "category_raw": "Food", "service_types_detail": ["Food & Basic Needs Assistance"], "address": "2575 IMPERIAL AVE\nSAN DIEGO, CA 92102", "inside_downtown_boundary": false, "distance_from_boundary_mi": 0.35, "source": "msba_directory"}}, {"type": "Feature", "geometry": {"type": "Point", "coordinates": [-117.1348627, 32.7055196]}, "properties": {"organization": "Feeding San Diego", "org_key": "feeding-san-diego", "services": ["food"], "category_raw": "Food", "service_types_detail": ["Food & Basic Needs Assistance"], "address": "6 HENSLEY ST\nSAN DIEGO, CA 92102", "inside_downtown_boundary": false, "distance_from_boundary_mi": 0.56, "source": "msba_directory"}}, {"type": "Feature", "geometry": {"type": "Point", "coordinates": [-117.1622319, 32.7202047]}, "properties": {"organization": "Feeding San Diego", "org_key": "feeding-san-diego", "services": ["food"], "category_raw": "Food", "service_types_detail": ["Food & Basic Needs Assistance"], "address": "1420 3RD AVE\nSAN DIEGO, CA 92101", "inside_downtown_boundary": true, "distance_from_boundary_mi": 0.0, "source": "msba_directory"}}, {"type": "Feature", "geometry": {"type": "Point", "coordinates": [-117.1571117, 32.7133124]}, "properties": {"organization": "Catholic Charities Diocese of San Diego", "org_key": "catholic-charities-diocese-of-san-diego", "services": ["food"], "category_raw": "Food", "service_types_detail": ["Emergency Shelter & Crisis Intervention", "Food & Basic Needs Assistance", "Home Accessibility & Improvement", "Homelessness Prevention & Diversion", "Mental Health Services", "Substance Abuse Disorder"], "address": "759 8TH AVE\nSAN DIEGO, CA 92101", "inside_downtown_boundary": true, "distance_from_boundary_mi": 0.0, "source": "msba_directory"}}, {"type": "Feature", "geometry": {"type": "Point", "coordinates": [-117.1624118, 32.7316665]}, "properties": {"organization": "Jewish Family Service (JFS) of San Diego", "org_key": "jewish-family-service-jfs-of-san-diego", "services": ["food"], "category_raw": "Food", "service_types_detail": ["Food & Basic Needs Assistance"], "address": "2512 3RD AVE\nSAN DIEGO, CA 92103", "inside_downtown_boundary": false, "distance_from_boundary_mi": 0.56, "source": "msba_directory"}}, {"type": "Feature", "geometry": {"type": "Point", "coordinates": [-117.1580676, 32.7139207]}, "properties": {"organization": "The Salvation Army San Diego Regional Office", "org_key": "the-salvation-army-san-diego-regional-office", "services": ["food"], "category_raw": "Food", "service_types_detail": ["Emergency Shelter & Crisis Intervention", "Food & Basic Needs Assistance", "Homelessness Prevention & Diversion"], "address": "825 7TH AVE\nSAN DIEGO, CA 92101", "inside_downtown_boundary": true, "distance_from_boundary_mi": 0.0, "source": "msba_directory"}}, {"type": "Feature", "geometry": {"type": "Point", "coordinates": [-117.1430427, 32.7106902]}, "properties": {"organization": "Sherman Heights Community Center", "org_key": "sherman-heights-community-center", "services": ["food"], "category_raw": "Food", "service_types_detail": ["Family Services", "Food & Basic Needs Assistance"], "address": "2258 ISLAND AVE\nSAN DIEGO, CA 92102", "inside_downtown_boundary": false, "distance_from_boundary_mi": 0.08, "source": "msba_directory"}}, {"type": "Feature", "geometry": {"type": "Point", "coordinates": [-117.1341502, 32.7071892]}, "properties": {"organization": "Stepping Higher, Inc.", "org_key": "stepping-higher-inc", "services": ["food"], "category_raw": "Food", "service_types_detail": ["Food & Basic Needs Assistance"], "address": "138 28TH ST\nSAN DIEGO, CA 92102", "inside_downtown_boundary": false, "distance_from_boundary_mi": 0.6, "source": "msba_directory"}}, {"type": "Feature", "geometry": {"type": "Point", "coordinates": [-117.1615863, 32.7233391]}, "properties": {"organization": "First Presbyterian Church of San Diego", "org_key": "first-presbyterian-church-of-san-diego", "services": ["food"], "category_raw": "Food", "service_types_detail": ["Food & Basic Needs Assistance"], "address": "320 DATE ST\nSAN DIEGO, CA 92101", "inside_downtown_boundary": true, "distance_from_boundary_mi": 0.0, "source": "msba_directory"}}, {"type": "Feature", "geometry": {"type": "Point", "coordinates": [-117.112259, 32.747452]}, "properties": {"organization": "City Heights Assembly of God", "org_key": "city-heights-assembly-of-god", "services": ["food"], "category_raw": "Food", "service_types_detail": ["Family Services", "Food & Basic Needs Assistance"], "address": "3737 WIGHTMAN ST\nSAN DIEGO, CA 92105", "inside_downtown_boundary": false, "distance_from_boundary_mi": 2.76, "source": "msba_directory"}}, {"type": "Feature", "geometry": {"type": "Point", "coordinates": [-117.1743782, 32.7511983]}, "properties": {"organization": "Special Delivery San Diego", "org_key": "special-delivery-san-diego", "services": ["food"], "category_raw": "Food", "service_types_detail": ["Food & Basic Needs Assistance"], "address": "4070 JACKDAW ST\nSAN DIEGO, CA 92103", "inside_downtown_boundary": false, "distance_from_boundary_mi": 2.0, "source": "msba_directory"}}, {"type": "Feature", "geometry": {"type": "Point", "coordinates": [-117.1712905, 32.7503057]}, "properties": {"organization": "Special Delivery San Diego", "org_key": "special-delivery-san-diego", "services": ["food"], "category_raw": "Food", "service_types_detail": ["Food & Basic Needs Assistance"], "address": "4021 GOLDFINCH ST\nSAN DIEGO, CA 92103", "inside_downtown_boundary": false, "distance_from_boundary_mi": 1.89, "source": "msba_directory"}}, {"type": "Feature", "geometry": {"type": "Point", "coordinates": [-117.1712905, 32.7503057]}, "properties": {"organization": "Special Delivery San Diego", "org_key": "special-delivery-san-diego", "services": ["food"], "category_raw": "Food", "service_types_detail": ["Food & Basic Needs Assistance"], "address": "4021 GOLDFINCH ST\nSAN DIEGO, CA 92103", "inside_downtown_boundary": false, "distance_from_boundary_mi": 1.89, "source": "msba_directory"}}, {"type": "Feature", "geometry": {"type": "Point", "coordinates": [-117.1276539, 32.7020142]}, "properties": {"organization": "31st Street Seventh-Day Adventist Church", "org_key": "31st-street-seventh-day-adventist-church", "services": ["food"], "category_raw": "Food", "service_types_detail": ["Food & Basic Needs Assistance"], "address": "414 S 31ST ST\nSAN DIEGO, CA 92113", "inside_downtown_boundary": false, "distance_from_boundary_mi": 0.99, "source": "msba_directory"}}, {"type": "Feature", "geometry": {"type": "Point", "coordinates": [-117.1054982, 32.7113844]}, "properties": {"organization": "Center for Employment Training San Diego", "org_key": "center-for-employment-training-san-diego", "services": ["food"], "category_raw": "Food", "service_types_detail": ["Emergency Shelter & Crisis Intervention", "Food & Basic Needs Assistance", "Housing Search & Navigation", "Mental Health Services", "Substance Abuse Disorder"], "address": "4153 MARKET ST STE C\nSAN DIEGO, CA 92102", "inside_downtown_boundary": false, "distance_from_boundary_mi": 2.27, "source": "msba_directory"}}, {"type": "Feature", "geometry": {"type": "Point", "coordinates": [-117.1168561, 32.6961003]}, "properties": {"organization": "San Diego State University Research Foundation", "org_key": "san-diego-state-university-research-foundation", "services": ["food"], "category_raw": "Food", "service_types_detail": ["Family Services", "Food & Basic Needs Assistance"], "address": "3598 NATIONAL AVE\nSAN DIEGO, CA 92113", "inside_downtown_boundary": false, "distance_from_boundary_mi": 1.71, "source": "msba_directory"}}, {"type": "Feature", "geometry": {"type": "Point", "coordinates": [-117.1282315, 32.7556381]}, "properties": {"organization": "San Diego State University Research Foundation", "org_key": "san-diego-state-university-research-foundation", "services": ["food"], "category_raw": "Food", "service_types_detail": ["Family Services", "Food & Basic Needs Assistance"], "address": "3078 EL CAJON BLVD STE 100 # 100\nSAN DIEGO, CA 92104", "inside_downtown_boundary": false, "distance_from_boundary_mi": 2.76, "source": "msba_directory"}}, {"type": "Feature", "geometry": {"type": "Point", "coordinates": [-117.1467081, 32.7014037]}, "properties": {"organization": "San Diego State University Research Foundation", "org_key": "san-diego-state-university-research-foundation", "services": ["food"], "category_raw": "Food", "service_types_detail": ["Family Services", "Food & Basic Needs Assistance"], "address": "1809 NATIONAL AVE\nSAN DIEGO, CA 92113", "inside_downtown_boundary": false, "distance_from_boundary_mi": 0.21, "source": "msba_directory"}}, {"type": "Feature", "geometry": {"type": "Point", "coordinates": [-117.1673843, 32.7229755]}, "properties": {"organization": "County of San Diego Certified Farmers Market", "org_key": "county-of-san-diego-certified-farmers-market", "services": ["food"], "category_raw": "Food", "service_types_detail": ["Food & Basic Needs Assistance"], "address": "501 W DATE ST\nSAN DIEGO, CA 92101", "inside_downtown_boundary": false, "distance_from_boundary_mi": 0.16, "source": "msba_directory"}}, {"type": "Feature", "geometry": {"type": "Point", "coordinates": [-117.1492965, 32.75055]}, "properties": {"organization": "County of San Diego Certified Farmers Market", "org_key": "county-of-san-diego-certified-farmers-market", "services": ["food"], "category_raw": "Food", "service_types_detail": ["Food & Basic Needs Assistance"], "address": "3960 NORMAL ST\nSAN DIEGO, CA 92103", "inside_downtown_boundary": false, "distance_from_boundary_mi": 1.9, "source": "msba_directory"}}, {"type": "Feature", "geometry": {"type": "Point", "coordinates": [-117.1917033, 32.7486787]}, "properties": {"organization": "Meals on Wheels San Diego County", "org_key": "meals-on-wheels-san-diego-county", "services": ["food"], "category_raw": "Food", "service_types_detail": ["Food & Basic Needs Assistance"], "address": "2254 SAN DIEGO AVE STE 100\nSAN DIEGO, CA 92110", "inside_downtown_boundary": false, "distance_from_boundary_mi": 2.3, "source": "msba_directory"}}, {"type": "Feature", "geometry": {"type": "Point", "coordinates": [-117.1578105, 32.713767]}, "properties": {"organization": "Jacobs and Cushman San Diego Food Bank", "org_key": "jacobs-and-cushman-san-diego-food-bank", "services": ["food"], "category_raw": "Food", "service_types_detail": ["Food & Basic Needs Assistance"], "address": "730 F ST\nSAN DIEGO, CA 92101", "inside_downtown_boundary": true, "distance_from_boundary_mi": 0.0, "source": "msba_directory"}}, {"type": "Feature", "geometry": {"type": "Point", "coordinates": [-117.1478208, 32.748886]}, "properties": {"organization": "Jacobs and Cushman San Diego Food Bank", "org_key": "jacobs-and-cushman-san-diego-food-bank", "services": ["food"], "category_raw": "Food", "service_types_detail": ["Food & Basic Needs Assistance"], "address": "3909 CENTRE ST\nSAN DIEGO, CA 92103", "inside_downtown_boundary": false, "distance_from_boundary_mi": 1.81, "source": "msba_directory"}}, {"type": "Feature", "geometry": {"type": "Point", "coordinates": [-117.142247, 32.715493]}, "properties": {"organization": "Jacobs and Cushman San Diego Food Bank", "org_key": "jacobs-and-cushman-san-diego-food-bank", "services": ["food"], "category_raw": "Food", "service_types_detail": ["Food & Basic Needs Assistance"], "address": "2411 BROADWAY\nSAN DIEGO, CA 92102", "inside_downtown_boundary": false, "distance_from_boundary_mi": 0.13, "source": "msba_directory"}}, {"type": "Feature", "geometry": {"type": "Point", "coordinates": [-117.1432172, 32.7108682]}, "properties": {"organization": "Jacobs and Cushman San Diego Food Bank", "org_key": "jacobs-and-cushman-san-diego-food-bank", "services": ["food"], "category_raw": "Food", "service_types_detail": ["Food & Basic Needs Assistance"], "address": "2258 ISLAND AVE\nSAN DIEGO, CA 92102", "inside_downtown_boundary": false, "distance_from_boundary_mi": 0.07, "source": "msba_directory"}}, {"type": "Feature", "geometry": {"type": "Point", "coordinates": [-117.143797, 32.697756]}, "properties": {"organization": "Jacobs and Cushman San Diego Food Bank", "org_key": "jacobs-and-cushman-san-diego-food-bank", "services": ["food"], "category_raw": "Food", "service_types_detail": ["Food & Basic Needs Assistance"], "address": "2001 NEWTON AVE\nSAN DIEGO, CA 92113", "inside_downtown_boundary": false, "distance_from_boundary_mi": 0.47, "source": "msba_directory"}}, {"type": "Feature", "geometry": {"type": "Point", "coordinates": [-117.1057925, 32.6993624]}, "properties": {"organization": "Jacobs and Cushman San Diego Food Bank", "org_key": "jacobs-and-cushman-san-diego-food-bank", "services": ["food"], "category_raw": "Food", "service_types_detail": ["Food & Basic Needs Assistance"], "address": "641 S BOUNDARY ST\nSAN DIEGO, CA 92113", "inside_downtown_boundary": false, "distance_from_boundary_mi": 2.28, "source": "msba_directory"}}, {"type": "Feature", "geometry": {"type": "Point", "coordinates": [-117.1277452, 32.7077716]}, "properties": {"organization": "Jacobs and Cushman San Diego Food Bank", "org_key": "jacobs-and-cushman-san-diego-food-bank", "services": ["food"], "category_raw": "Food", "service_types_detail": ["Food & Basic Needs Assistance"], "address": "3094 L ST\nSAN DIEGO, CA 92102", "inside_downtown_boundary": false, "distance_from_boundary_mi": 0.97, "source": "msba_directory"}}, {"type": "Feature", "geometry": {"type": "Point", "coordinates": [-117.1226347, 32.7570233]}, "properties": {"organization": "Jacobs and Cushman San Diego Food Bank", "org_key": "jacobs-and-cushman-san-diego-food-bank", "services": ["food"], "category_raw": "Food", "service_types_detail": ["Food & Basic Needs Assistance"], "address": "3295 MEADE AVE\nSAN DIEGO, CA 92116", "inside_downtown_boundary": false, "distance_from_boundary_mi": 2.98, "source": "msba_directory"}}, {"type": "Feature", "geometry": {"type": "Point", "coordinates": [-117.1340712, 32.7072215]}, "properties": {"organization": "Jacobs and Cushman San Diego Food Bank", "org_key": "jacobs-and-cushman-san-diego-food-bank", "services": ["food"], "category_raw": "Food", "service_types_detail": ["Food & Basic Needs Assistance"], "address": "138 28TH ST\nSAN DIEGO, CA 92102", "inside_downtown_boundary": false, "distance_from_boundary_mi": 0.61, "source": "msba_directory"}}, {"type": "Feature", "geometry": {"type": "Point", "coordinates": [-117.1348865, 32.7618241]}, "properties": {"organization": "Jacobs and Cushman San Diego Food Bank", "org_key": "jacobs-and-cushman-san-diego-food-bank", "services": ["food"], "category_raw": "Food", "service_types_detail": ["Food & Basic Needs Assistance"], "address": "4637 OREGON ST\nSAN DIEGO, CA 92116", "inside_downtown_boundary": false, "distance_from_boundary_mi": 2.9, "source": "msba_directory"}}, {"type": "Feature", "geometry": {"type": "Point", "coordinates": [-117.1478208, 32.748886]}, "properties": {"organization": "Jacobs and Cushman San Diego Food Bank", "org_key": "jacobs-and-cushman-san-diego-food-bank", "services": ["food"], "category_raw": "Food", "service_types_detail": ["Food & Basic Needs Assistance"], "address": "3909 CENTRE ST\nSAN DIEGO, CA 92103", "inside_downtown_boundary": false, "distance_from_boundary_mi": 1.81, "source": "msba_directory"}}, {"type": "Feature", "geometry": {"type": "Point", "coordinates": [-117.194182, 32.7513131]}, "properties": {"organization": "Jacobs and Cushman San Diego Food Bank", "org_key": "jacobs-and-cushman-san-diego-food-bank", "services": ["food"], "category_raw": "Food", "service_types_detail": ["Food & Basic Needs Assistance"], "address": "2444 CONGRESS ST\nSAN DIEGO, CA 92110", "inside_downtown_boundary": false, "distance_from_boundary_mi": 2.53, "source": "msba_directory"}}, {"type": "Feature", "geometry": {"type": "Point", "coordinates": [-117.1432172, 32.7108682]}, "properties": {"organization": "Jacobs and Cushman San Diego Food Bank", "org_key": "jacobs-and-cushman-san-diego-food-bank", "services": ["food"], "category_raw": "Food", "service_types_detail": ["Food & Basic Needs Assistance"], "address": "2258 ISLAND AVE\nSAN DIEGO, CA 92102", "inside_downtown_boundary": false, "distance_from_boundary_mi": 0.07, "source": "msba_directory"}}, {"type": "Feature", "geometry": {"type": "Point", "coordinates": [-117.1195793, 32.7517262]}, "properties": {"organization": "Jacobs and Cushman San Diego Food Bank", "org_key": "jacobs-and-cushman-san-diego-food-bank", "services": ["food"], "category_raw": "Food", "service_types_detail": ["Food & Basic Needs Assistance"], "address": "4106 SWIFT AVE\nSAN DIEGO, CA 92104", "inside_downtown_boundary": false, "distance_from_boundary_mi": 2.74, "source": "msba_directory"}}, {"type": "Feature", "geometry": {"type": "Point", "coordinates": [-117.1195793, 32.7517262]}, "properties": {"organization": "Jacobs and Cushman San Diego Food Bank", "org_key": "jacobs-and-cushman-san-diego-food-bank", "services": ["food"], "category_raw": "Food", "service_types_detail": ["Food & Basic Needs Assistance"], "address": "4106 SWIFT AVE\nSAN DIEGO, CA 92104", "inside_downtown_boundary": false, "distance_from_boundary_mi": 2.74, "source": "msba_directory"}}, {"type": "Feature", "geometry": {"type": "Point", "coordinates": [-117.1498896, 32.7057571]}, "properties": {"organization": "Father Joe's Villages", "org_key": "father-joes-villages", "services": ["food"], "category_raw": "Food", "service_types_detail": ["Food & Basic Needs Assistance"], "address": "1501 IMPERIAL AVE\nSAN DIEGO, CA 92101", "inside_downtown_boundary": true, "distance_from_boundary_mi": 0.0, "source": "msba_directory"}}, {"type": "Feature", "geometry": {"type": "Point", "coordinates": [-117.1515212, 32.7109793]}, "properties": {"organization": "Serving Seniors", "org_key": "serving-seniors", "services": ["food"], "category_raw": "Food", "service_types_detail": ["Food & Basic Needs Assistance"], "address": "525 14TH ST\nSAN DIEGO, CA 92101", "inside_downtown_boundary": true, "distance_from_boundary_mi": 0.0, "source": "msba_directory"}}, {"type": "Feature", "geometry": {"type": "Point", "coordinates": [-117.1448425, 32.7036171]}, "properties": {"organization": "Casa de Misericordia", "org_key": "casa-de-misericordia", "services": ["food"], "category_raw": "Food", "service_types_detail": ["Case Management & Coordination", "Disability Services", "Food & Basic Needs Assistance", "Senior Services"], "address": "745 BEARDSLEY ST\nSAN DIEGO, CA 92113", "inside_downtown_boundary": false, "distance_from_boundary_mi": 0.06, "source": "msba_directory"}}, {"type": "Feature", "geometry": {"type": "Point", "coordinates": [-117.1605922, 32.7200729]}, "properties": {"organization": "Urban Street Angels", "org_key": "urban-street-angels", "services": ["food"], "category_raw": "Food", "service_types_detail": ["Case Management & Coordination", "Emergency Shelter & Crisis Intervention", "Food & Basic Needs Assistance", "Homelessness Prevention & Diversion", "Mental Health Services", "Substance Abuse Disorder", "TAY Services", "Transitional & Supportive Housing"], "address": "1404 5TH AVE\nSAN DIEGO, CA 92101", "inside_downtown_boundary": true, "distance_from_boundary_mi": 0.0, "source": "msba_directory"}}, {"type": "Feature", "geometry": {"type": "Point", "coordinates": [-117.214998, 32.739325]}, "properties": {"organization": "Emilio Nares Foundation", "org_key": "emilio-nares-foundation", "services": ["food"], "category_raw": "Food", "service_types_detail": ["Food & Basic Needs Assistance", "Legal Assistance & Tenant Advocacy"], "address": "2650 TRUXTUN RD STE 202\nSAN DIEGO, CA 92106", "inside_downtown_boundary": false, "distance_from_boundary_mi": 2.82, "source": "msba_directory"}}, {"type": "Feature", "geometry": {"type": "Point", "coordinates": [-117.1710619, 32.7503491]}, "properties": {"organization": "Jacobs and Cushman San Diego Food Bank", "org_key": "jacobs-and-cushman-san-diego-food-bank", "services": ["food"], "category_raw": "Food", "service_types_detail": ["Food & Basic Needs Assistance"], "address": "4021 GOLDFINCH ST\nSAN DIEGO, CA 92103", "inside_downtown_boundary": false, "distance_from_boundary_mi": 1.89, "source": "msba_directory"}}, {"type": "Feature", "geometry": {"type": "Point", "coordinates": [-117.1580019, 32.7138756]}, "properties": {"organization": "Jacobs and Cushman San Diego Food Bank", "org_key": "jacobs-and-cushman-san-diego-food-bank", "services": ["food"], "category_raw": "Food", "service_types_detail": ["Food & Basic Needs Assistance"], "address": "825 7TH AVE\nSAN DIEGO, CA 92101", "inside_downtown_boundary": true, "distance_from_boundary_mi": 0.0, "source": "msba_directory"}}, {"type": "Feature", "geometry": {"type": "Point", "coordinates": [-117.2132329, 32.7408013]}, "properties": {"organization": "United States Department of Veterans Affairs (VA)", "org_key": "united-states-department-of-veterans-affairs-va", "services": ["healthcare"], "category_raw": "Mental Health and Substance Use Disorder Services", "service_types_detail": ["Domestic Violence Support", "Family Services", "Mental Health Services", "Substance Abuse Disorder", "Veteran Services"], "address": "2790 TRUXTUN RD STE 130 # 130\nSAN DIEGO, CA 92106", "inside_downtown_boundary": false, "distance_from_boundary_mi": 2.79, "source": "msba_directory"}}, {"type": "Feature", "geometry": {"type": "Point", "coordinates": [-117.161939, 32.748913]}, "properties": {"organization": "Sober Life Recovery Solutions", "org_key": "sober-life-recovery-solutions", "services": ["healthcare"], "category_raw": "Mental Health and Substance Use Disorder Services", "service_types_detail": ["Emergency Shelter & Crisis Intervention", "Mental Health Services", "Substance Abuse Disorder"], "address": "3930 4TH AVE STE 300\nSAN DIEGO, CA 92103", "inside_downtown_boundary": false, "distance_from_boundary_mi": 1.75, "source": "msba_directory"}}, {"type": "Feature", "geometry": {"type": "Point", "coordinates": [-117.1299222, 32.7583063]}, "properties": {"organization": "Youth and Family Services, YMCA of San Diego County", "org_key": "youth-and-family-services-ymca-of-san-diego-county", "services": ["healthcare"], "category_raw": "Mental Health and Substance Use Disorder Services", "service_types_detail": ["Family Services", "Mental Health Services"], "address": "4451 30TH ST\nSAN DIEGO, CA 92116", "inside_downtown_boundary": false, "distance_from_boundary_mi": 2.91, "source": "msba_directory"}}, {"type": "Feature", "geometry": {"type": "Point", "coordinates": [-117.1634628, 32.7242757]}, "properties": {"organization": "San Diego Rescue Mission, Inc.", "org_key": "san-diego-rescue-mission-inc", "services": ["healthcare"], "category_raw": "Mental Health and Substance Use Disorder Services", "service_types_detail": ["Domestic Violence Support", "Emergency Shelter & Crisis Intervention", "Family Services", "Homelessness Prevention & Diversion", "Legal Assistance & Tenant Advocacy", "Mental Health Services", "Substance Abuse Disorder", "Transitional & Supportive Housing"], "address": "120 ELM ST\nSAN DIEGO, CA 92101", "inside_downtown_boundary": false, "distance_from_boundary_mi": 0.05, "source": "msba_directory"}}, {"type": "Feature", "geometry": {"type": "Point", "coordinates": [-117.1223538, 32.7121192]}, "properties": {"organization": "Pathways Community Services LLC", "org_key": "pathways-community-services-llc", "services": ["healthcare"], "category_raw": "Mental Health and Substance Use Disorder Services", "service_types_detail": ["Emergency Shelter & Crisis Intervention", "Mental Health Services"], "address": "3330 MARKET ST STE C\nSAN DIEGO, CA 92102", "inside_downtown_boundary": false, "distance_from_boundary_mi": 1.29, "source": "msba_directory"}}, {"type": "Feature", "geometry": {"type": "Point", "coordinates": [-117.1599075, 32.7338632]}, "properties": {"organization": "Voices of Our City", "org_key": "voices-of-our-city", "services": ["healthcare"], "category_raw": "Mental Health and Substance Use Disorder Services", "service_types_detail": ["Case Management & Coordination", "Disability Services", "Emergency Shelter & Crisis Intervention", "Food & Basic Needs Assistance", "Home Accessibility & Improvement", "Homelessness Prevention & Diversion", "Legal Assistance & Tenant Advocacy", "Mental Health Services", "Senior Services"], "address": "2728 6TH AVE\nSAN DIEGO, CA 92103", "inside_downtown_boundary": false, "distance_from_boundary_mi": 0.72, "source": "msba_directory"}}, {"type": "Feature", "geometry": {"type": "Point", "coordinates": [-117.1563536, 32.7159164]}, "properties": {"organization": "Community Research Foundation", "org_key": "community-research-foundation", "services": ["healthcare"], "category_raw": "Mental Health and Substance Use Disorder Services", "service_types_detail": ["Emergency Shelter & Crisis Intervention", "Mental Health Services"], "address": "1045 9TH AVE\nSAN DIEGO, CA 92101", "inside_downtown_boundary": true, "distance_from_boundary_mi": 0.0, "source": "msba_directory"}}, {"type": "Feature", "geometry": {"type": "Point", "coordinates": [-117.126797, 32.7471979]}, "properties": {"organization": "Family Health Centers of San Diego", "org_key": "family-health-centers-of-san-diego", "services": ["healthcare"], "category_raw": "Mental Health and Substance Use Disorder Services", "service_types_detail": ["Emergency Shelter & Crisis Intervention", "Mental Health Services", "Substance Abuse Disorder"], "address": "3795 31st ST\nSAN DIEGO, CA 92104", "inside_downtown_boundary": false, "distance_from_boundary_mi": 2.26, "source": "msba_directory"}}, {"type": "Feature", "geometry": {"type": "Point", "coordinates": [-117.1298302, 32.7581645]}, "properties": {"organization": "Episcopal Community Services", "org_key": "episcopal-community-services", "services": ["healthcare"], "category_raw": "Mental Health and Substance Use Disorder Services", "service_types_detail": ["Mental Health Services", "Substance Abuse Disorder"], "address": "4443 30TH ST\nSAN DIEGO, CA 92116", "inside_downtown_boundary": false, "distance_from_boundary_mi": 2.9, "source": "msba_directory"}}, {"type": "Feature", "geometry": {"type": "Point", "coordinates": [-117.1621953, 32.7568249]}, "properties": {"organization": "Behavioral Health Services, Health and Human Services Agency, County of San Diego", "org_key": "behavioral-health-services-health-and-human-services-agency-county-of-san-diego", "services": ["healthcare"], "category_raw": "Mental Health and Substance Use Disorder Services", "service_types_detail": ["Case Management & Coordination", "Family Services", "Housing Search & Navigation", "Mental Health Services"], "address": "4309 3RD AVE\nSAN DIEGO, CA 92103", "inside_downtown_boundary": false, "distance_from_boundary_mi": 2.3, "source": "msba_directory"}}, {"type": "Feature", "geometry": {"type": "Point", "coordinates": [-117.1300595, 32.7211095]}, "properties": {"organization": "Behavioral Health Services, Health and Human Services Agency, County of San Diego", "org_key": "behavioral-health-services-health-and-human-services-agency-county-of-san-diego", "services": ["healthcare"], "category_raw": "Mental Health and Substance Use Disorder Services", "service_types_detail": ["Case Management & Coordination", "Emergency Shelter & Crisis Intervention", "Housing Search & Navigation", "Mental Health Services"], "address": "1465 30TH ST STE K\nSAN DIEGO, CA 92154", "inside_downtown_boundary": false, "distance_from_boundary_mi": 0.87, "source": "msba_directory"}}, {"type": "Feature", "geometry": {"type": "Point", "coordinates": [-117.2017684, 32.7537615]}, "properties": {"organization": "Behavioral Health Services, Health and Human Services Agency, County of San Diego", "org_key": "behavioral-health-services-health-and-human-services-agency-county-of-san-diego", "services": ["healthcare"], "category_raw": "Mental Health and Substance Use Disorder Services", "service_types_detail": ["Emergency Shelter & Crisis Intervention", "Mental Health Services"], "address": "3853 ROSECRANS ST\nSAN DIEGO, CA 92110", "inside_downtown_boundary": false, "distance_from_boundary_mi": 2.91, "source": "msba_directory"}}, {"type": "Feature", "geometry": {"type": "Point", "coordinates": [-117.1617493, 32.749107]}, "properties": {"organization": "Being Alive", "org_key": "being-alive", "services": ["healthcare"], "category_raw": "Mental Health and Substance Use Disorder Services", "service_types_detail": ["Disability Services", "Mental Health Services"], "address": "3940 4TH AVE\nSAN DIEGO, CA 92103", "inside_downtown_boundary": false, "distance_from_boundary_mi": 1.77, "source": "msba_directory"}}, {"type": "Feature", "geometry": {"type": "Point", "coordinates": [-117.1481059, 32.7386179]}, "properties": {"organization": "City of San Diego Parks and Recreation", "org_key": "city-of-san-diego-parks-and-recreation", "services": ["healthcare"], "category_raw": "Mental Health and Substance Use Disorder Services", "service_types_detail": ["Mental Health Services"], "address": "3325 ZOO DR\nSAN DIEGO, CA 92101", "inside_downtown_boundary": false, "distance_from_boundary_mi": 1.13, "source": "msba_directory"}}, {"type": "Feature", "geometry": {"type": "Point", "coordinates": [-117.1300595, 32.7211095]}, "properties": {"organization": "Community Research Foundation", "org_key": "community-research-foundation", "services": ["healthcare"], "category_raw": "Mental Health and Substance Use Disorder Services", "service_types_detail": ["Emergency Shelter & Crisis Intervention", "Mental Health Services"], "address": "1465 30TH ST STE K\nSAN DIEGO, CA 92154", "inside_downtown_boundary": false, "distance_from_boundary_mi": 0.87, "source": "msba_directory"}}, {"type": "Feature", "geometry": {"type": "Point", "coordinates": [-117.1558334, 32.7130617]}, "properties": {"organization": "Community Research Foundation", "org_key": "community-research-foundation", "services": ["healthcare"], "category_raw": "Mental Health and Substance Use Disorder Services", "service_types_detail": ["Mental Health Services"], "address": "734 10TH AVE\nSAN DIEGO, CA 92101", "inside_downtown_boundary": true, "distance_from_boundary_mi": 0.0, "source": "msba_directory"}}, {"type": "Feature", "geometry": {"type": "Point", "coordinates": [-117.1610534, 32.7260226]}, "properties": {"organization": "Community Research Foundation", "org_key": "community-research-foundation", "services": ["healthcare"], "category_raw": "Mental Health and Substance Use Disorder Services", "service_types_detail": ["Mental Health Services"], "address": "1963 4TH AVE\nSAN DIEGO, CA 92101", "inside_downtown_boundary": false, "distance_from_boundary_mi": 0.17, "source": "msba_directory"}}, {"type": "Feature", "geometry": {"type": "Point", "coordinates": [-117.1597023, 32.7311946]}, "properties": {"organization": "Community Research Foundation", "org_key": "community-research-foundation", "services": ["healthcare"], "category_raw": "Mental Health and Substance Use Disorder Services", "service_types_detail": ["Emergency Shelter & Crisis Intervention", "Mental Health Services"], "address": "545 LAUREL ST\nSAN DIEGO, CA 92101", "inside_downtown_boundary": false, "distance_from_boundary_mi": 0.53, "source": "msba_directory"}}, {"type": "Feature", "geometry": {"type": "Point", "coordinates": [-117.1614469, 32.7342999]}, "properties": {"organization": "Community Research Foundation", "org_key": "community-research-foundation", "services": ["healthcare"], "category_raw": "Mental Health and Substance Use Disorder Services", "service_types_detail": ["Case Management & Coordination", "Disability Services", "Domestic Violence Support", "Family Services", "Mental Health Services", "Senior Services"], "address": "2772 4TH AVE\nSAN DIEGO, CA 92103", "inside_downtown_boundary": false, "distance_from_boundary_mi": 0.75, "source": "msba_directory"}}, {"type": "Feature", "geometry": {"type": "Point", "coordinates": [-117.1563162, 32.7159736]}, "properties": {"organization": "Community Research Foundation", "org_key": "community-research-foundation", "services": ["healthcare"], "category_raw": "Mental Health and Substance Use Disorder Services", "service_types_detail": ["Case Management & Coordination", "Emergency Shelter & Crisis Intervention", "Housing Search & Navigation", "Mental Health Services", "Substance Abuse Disorder"], "address": "1045 9TH AVE\nSAN DIEGO, CA 92101", "inside_downtown_boundary": true, "distance_from_boundary_mi": 0.0, "source": "msba_directory"}}, {"type": "Feature", "geometry": {"type": "Point", "coordinates": [-117.1660419, 32.7161652]}, "properties": {"organization": "District Attorney, County of San Diego", "org_key": "district-attorney-county-of-san-diego", "services": ["healthcare"], "category_raw": "Mental Health and Substance Use Disorder Services", "service_types_detail": ["Domestic Violence Support", "Emergency Shelter & Crisis Intervention", "Legal Assistance & Tenant Advocacy", "Mental Health Services"], "address": "330 W BROADWAY FL 7\nSAN DIEGO, CA 92101", "inside_downtown_boundary": true, "distance_from_boundary_mi": 0.0, "source": "msba_directory"}}, {"type": "Feature", "geometry": {"type": "Point", "coordinates": [-117.1660419, 32.7161652]}, "properties": {"organization": "District Attorney, County of San Diego", "org_key": "district-attorney-county-of-san-diego", "services": ["healthcare"], "category_raw": "Mental Health and Substance Use Disorder Services", "service_types_detail": ["Domestic Violence Support", "Emergency Shelter & Crisis Intervention", "Family Services", "Legal Assistance & Tenant Advocacy", "Mental Health Services", "Senior Services"], "address": "330 W BROADWAY\nSAN DIEGO, CA 92101", "inside_downtown_boundary": true, "distance_from_boundary_mi": 0.0, "source": "msba_directory"}}, {"type": "Feature", "geometry": {"type": "Point", "coordinates": [-117.1642462, 32.7265891]}, "properties": {"organization": "Family Health Centers of San Diego", "org_key": "family-health-centers-of-san-diego", "services": ["healthcare"], "category_raw": "Mental Health and Substance Use Disorder Services", "service_types_detail": ["Emergency Shelter & Crisis Intervention", "Mental Health Services", "Substance Abuse Disorder"], "address": "2044 1ST AVE\nSAN DIEGO, CA 92101", "inside_downtown_boundary": false, "distance_from_boundary_mi": 0.21, "source": "msba_directory"}}, {"type": "Feature", "geometry": {"type": "Point", "coordinates": [-117.1426732, 32.7102412]}, "properties": {"organization": "Family Health Centers of San Diego", "org_key": "family-health-centers-of-san-diego", "services": ["healthcare"], "category_raw": "Mental Health and Substance Use Disorder Services", "service_types_detail": ["Case Management & Coordination", "Disability Services", "Emergency Shelter & Crisis Intervention", "Mental Health Services", "Senior Services"], "address": "2391 ISLAND AVE\nSAN DIEGO, CA 92102", "inside_downtown_boundary": false, "distance_from_boundary_mi": 0.11, "source": "msba_directory"}}, {"type": "Feature", "geometry": {"type": "Point", "coordinates": [-117.1467081, 32.7014037]}, "properties": {"organization": "Family Health Centers of San Diego", "org_key": "family-health-centers-of-san-diego", "services": ["healthcare"], "category_raw": "Mental Health and Substance Use Disorder Services", "service_types_detail": ["Case Management & Coordination", "Disability Services", "Emergency Shelter & Crisis Intervention", "Mental Health Services", "Senior Services", "Substance Abuse Disorder"], "address": "1809 NATIONAL AVE\nSAN DIEGO, CA 92113", "inside_downtown_boundary": false, "distance_from_boundary_mi": 0.21, "source": "msba_directory"}}, {"type": "Feature", "geometry": {"type": "Point", "coordinates": [-117.159579, 32.718544]}, "properties": {"organization": "Family Health Centers of San Diego", "org_key": "family-health-centers-of-san-diego", "services": ["healthcare"], "category_raw": "Mental Health and Substance Use Disorder Services", "service_types_detail": ["Disability Services", "Family Services", "Food & Basic Needs Assistance", "Mental Health Services", "Senior Services", "Substance Abuse Disorder"], "address": "1250 6TH AVE STE 100\nSAN DIEGO, CA 92101", "inside_downtown_boundary": true, "distance_from_boundary_mi": 0.0, "source": "msba_directory"}}, {"type": "Feature", "geometry": {"type": "Point", "coordinates": [-117.1619835, 32.7516882]}, "properties": {"organization": "Family Health Centers of San Diego", "org_key": "family-health-centers-of-san-diego", "services": ["healthcare"], "category_raw": "Mental Health and Substance Use Disorder Services", "service_types_detail": ["Disability Services", "Family Services", "Food & Basic Needs Assistance", "Mental Health Services", "Substance Abuse Disorder"], "address": "4094 4TH AVE\nSAN DIEGO, CA 92103", "inside_downtown_boundary": false, "distance_from_boundary_mi": 1.94, "source": "msba_directory"}}, {"type": "Feature", "geometry": {"type": "Point", "coordinates": [-117.1304507, 32.7511424]}, "properties": {"organization": "Family Health Centers of San Diego", "org_key": "family-health-centers-of-san-diego", "services": ["healthcare"], "category_raw": "Mental Health and Substance Use Disorder Services", "service_types_detail": ["Disability Services", "Emergency Shelter & Crisis Intervention", "Mental Health Services", "Substance Abuse Disorder"], "address": "4040 30TH ST\nSAN DIEGO, CA 92104", "inside_downtown_boundary": false, "distance_from_boundary_mi": 2.43, "source": "msba_directory"}}, {"type": "Feature", "geometry": {"type": "Point", "coordinates": [-117.1619835, 32.7516882]}, "properties": {"organization": "Family Health Centers of San Diego", "org_key": "family-health-centers-of-san-diego", "services": ["healthcare"], "category_raw": "Mental Health and Substance Use Disorder Services", "service_types_detail": ["Emergency Shelter & Crisis Intervention", "Mental Health Services"], "address": "4094 4TH AVE\nSAN DIEGO, CA 92103", "inside_downtown_boundary": false, "distance_from_boundary_mi": 1.94, "source": "msba_directory"}}, {"type": "Feature", "geometry": {"type": "Point", "coordinates": [-117.139805, 32.6972763]}, "properties": {"organization": "Family Health Centers of San Diego", "org_key": "family-health-centers-of-san-diego", "services": ["healthcare"], "category_raw": "Mental Health and Substance Use Disorder Services", "service_types_detail": ["Case Management & Coordination", "Disability Services", "Emergency Shelter & Crisis Intervention", "Mental Health Services", "Senior Services"], "address": "2204 NATIONAL AVE\nSAN DIEGO, CA 92113", "inside_downtown_boundary": false, "distance_from_boundary_mi": 0.57, "source": "msba_directory"}}, {"type": "Feature", "geometry": {"type": "Point", "coordinates": [-117.1499313, 32.7160895]}, "properties": {"organization": "Family Health Centers of San Diego", "org_key": "family-health-centers-of-san-diego", "services": ["healthcare"], "category_raw": "Mental Health and Substance Use Disorder Services", "service_types_detail": ["Case Management & Coordination", "Disability Services", "Emergency Shelter & Crisis Intervention", "Mental Health Services", "Senior Services", "Substance Abuse Disorder"], "address": "1550 BROADWAY\nSAN DIEGO, CA 92101", "inside_downtown_boundary": true, "distance_from_boundary_mi": 0.0, "source": "msba_directory"}}, {"type": "Feature", "geometry": {"type": "Point", "coordinates": [-117.093186, 32.7109733]}, "properties": {"organization": "Family Health Centers of San Diego", "org_key": "family-health-centers-of-san-diego", "services": ["healthcare"], "category_raw": "Mental Health and Substance Use Disorder Services", "service_types_detail": ["Case Management & Coordination", "Disability Services", "Emergency Shelter & Crisis Intervention", "Mental Health Services", "Senior Services", "Substance Abuse Disorder"], "address": "4725 MARKET ST\nSAN DIEGO, CA 92102", "inside_downtown_boundary": false, "distance_from_boundary_mi": 2.98, "source": "msba_directory"}}, {"type": "Feature", "geometry": {"type": "Point", "coordinates": [-117.1303957, 32.7429422]}, "properties": {"organization": "Family Health Centers of San Diego", "org_key": "family-health-centers-of-san-diego", "services": ["healthcare"], "category_raw": "Mental Health and Substance Use Disorder Services", "service_types_detail": ["Case Management & Coordination", "Disability Services", "Emergency Shelter & Crisis Intervention", "Mental Health Services", "Senior Services"], "address": "3544 30TH ST\nSAN DIEGO, CA 92104", "inside_downtown_boundary": false, "distance_from_boundary_mi": 1.91, "source": "msba_directory"}}, {"type": "Feature", "geometry": {"type": "Point", "coordinates": [-117.1304507, 32.7511424]}, "properties": {"organization": "Family Health Centers of San Diego", "org_key": "family-health-centers-of-san-diego", "services": ["healthcare"], "category_raw": "Mental Health and Substance Use Disorder Services", "service_types_detail": ["Disability Services", "Emergency Shelter & Crisis Intervention", "Food & Basic Needs Assistance", "Mental Health Services"], "address": "4040 30TH ST\nSAN DIEGO, CA 92104", "inside_downtown_boundary": false, "distance_from_boundary_mi": 2.43, "source": "msba_directory"}}, {"type": "Feature", "geometry": {"type": "Point", "coordinates": [-117.1632381, 32.7243086]}, "properties": {"organization": "Family Health Centers of San Diego", "org_key": "family-health-centers-of-san-diego", "services": ["healthcare"], "category_raw": "Mental Health and Substance Use Disorder Services", "service_types_detail": ["Case Management & Coordination", "Disability Services", "Emergency Shelter & Crisis Intervention", "Mental Health Services", "Senior Services"], "address": "140 ELM ST\nSAN DIEGO, CA 92101", "inside_downtown_boundary": false, "distance_from_boundary_mi": 0.06, "source": "msba_directory"}}, {"type": "Feature", "geometry": {"type": "Point", "coordinates": [-117.1632381, 32.7243086]}, "properties": {"organization": "Family Health Centers of San Diego", "org_key": "family-health-centers-of-san-diego", "services": ["healthcare"], "category_raw": "Mental Health and Substance Use Disorder Services", "service_types_detail": ["Disability Services", "Family Services", "Mental Health Services", "Senior Services", "Substance Abuse Disorder"], "address": "140 ELM ST\nSAN DIEGO, CA 92101", "inside_downtown_boundary": false, "distance_from_boundary_mi": 0.06, "source": "msba_directory"}}, {"type": "Feature", "geometry": {"type": "Point", "coordinates": [-117.093186, 32.7109733]}, "properties": {"organization": "Family Health Centers of San Diego", "org_key": "family-health-centers-of-san-diego", "services": ["healthcare"], "category_raw": "Mental Health and Substance Use Disorder Services", "service_types_detail": ["Disability Services", "Family Services", "Food & Basic Needs Assistance", "Mental Health Services", "Substance Abuse Disorder"], "address": "4725 MARKET ST\nSAN DIEGO, CA 92102", "inside_downtown_boundary": false, "distance_from_boundary_mi": 2.98, "source": "msba_directory"}}, {"type": "Feature", "geometry": {"type": "Point", "coordinates": [-117.159579, 32.718544]}, "properties": {"organization": "Family Health Centers of San Diego", "org_key": "family-health-centers-of-san-diego", "services": ["healthcare"], "category_raw": "Mental Health and Substance Use Disorder Services", "service_types_detail": ["Case Management & Coordination", "Disability Services", "Emergency Shelter & Crisis Intervention", "Mental Health Services", "Senior Services", "Substance Abuse Disorder"], "address": "1250 6TH AVE STE 100\nSAN DIEGO, CA 92101", "inside_downtown_boundary": true, "distance_from_boundary_mi": 0.0, "source": "msba_directory"}}, {"type": "Feature", "geometry": {"type": "Point", "coordinates": [-117.1303957, 32.7429422]}, "properties": {"organization": "Family Health Centers of San Diego", "org_key": "family-health-centers-of-san-diego", "services": ["healthcare"], "category_raw": "Mental Health and Substance Use Disorder Services", "service_types_detail": ["Disability Services", "Family Services", "Mental Health Services", "Senior Services", "Substance Abuse Disorder"], "address": "3544 30TH ST\nSAN DIEGO, CA 92104", "inside_downtown_boundary": false, "distance_from_boundary_mi": 1.91, "source": "msba_directory"}}, {"type": "Feature", "geometry": {"type": "Point", "coordinates": [-117.1498896, 32.7057571]}, "properties": {"organization": "Father Joe's Villages", "org_key": "father-joes-villages", "services": ["healthcare"], "category_raw": "Mental Health and Substance Use Disorder Services", "service_types_detail": ["Mental Health Services"], "address": "1501 IMPERIAL AVE\nSAN DIEGO, CA 92101", "inside_downtown_boundary": true, "distance_from_boundary_mi": 0.0, "source": "msba_directory"}}, {"type": "Feature", "geometry": {"type": "Point", "coordinates": [-117.1641719, 32.7266466]}, "properties": {"organization": "Family Health Centers of San Diego", "org_key": "family-health-centers-of-san-diego", "services": ["healthcare"], "category_raw": "Mental Health and Substance Use Disorder Services", "service_types_detail": ["Case Management & Coordination", "Disability Services", "Family Services", "Mental Health Services", "Senior Services"], "address": "2044 1ST AVE\nSAN DIEGO, CA 92101", "inside_downtown_boundary": false, "distance_from_boundary_mi": 0.22, "source": "msba_directory"}}, {"type": "Feature", "geometry": {"type": "Point", "coordinates": [-117.1830749, 32.7437733]}, "properties": {"organization": "Legal Aid Society of San Diego", "org_key": "legal-aid-society-of-san-diego", "services": ["healthcare"], "category_raw": "Mental Health and Substance Use Disorder Services", "service_types_detail": ["Case Management & Coordination", "Legal Assistance & Tenant Advocacy", "Mental Health Services"], "address": "1764 SAN DIEGO AVE STE 100\nSAN DIEGO, CA 92110", "inside_downtown_boundary": false, "distance_from_boundary_mi": 1.78, "source": "msba_directory"}}, {"type": "Feature", "geometry": {"type": "Point", "coordinates": [-117.1122882, 32.6943433]}, "properties": {"organization": "Metropolitan Area Advisory Committee (MAAC)", "org_key": "metropolitan-area-advisory-committee-maac", "services": ["healthcare"], "category_raw": "Mental Health and Substance Use Disorder Services", "service_types_detail": ["Emergency Shelter & Crisis Intervention", "Mental Health Services", "Substance Abuse Disorder"], "address": "1127 S 38TH ST\nSAN DIEGO, CA 92113", "inside_downtown_boundary": false, "distance_from_boundary_mi": 2.0, "source": "msba_directory"}}, {"type": "Feature", "geometry": {"type": "Point", "coordinates": [-117.1624816, 32.7176855]}, "properties": {"organization": "McAlister Institute for Treatment and Education", "org_key": "mcalister-institute-for-treatment-and-education", "services": ["healthcare"], "category_raw": "Mental Health and Substance Use Disorder Services", "service_types_detail": ["Emergency Shelter & Crisis Intervention", "Mental Health Services", "Substance Abuse Disorder"], "address": "1180 3RD AVE # 3 # C\nSAN DIEGO, CA 92101", "inside_downtown_boundary": true, "distance_from_boundary_mi": 0.0, "source": "msba_directory"}}, {"type": "Feature", "geometry": {"type": "Point", "coordinates": [-117.1624816, 32.7176855]}, "properties": {"organization": "McAlister Institute for Treatment and Education", "org_key": "mcalister-institute-for-treatment-and-education", "services": ["healthcare"], "category_raw": "Mental Health and Substance Use Disorder Services", "service_types_detail": ["Legal Assistance & Tenant Advocacy", "Substance Abuse Disorder"], "address": "1180 3RD AVE # C3 # C5\nSAN DIEGO, CA 92101", "inside_downtown_boundary": true, "distance_from_boundary_mi": 0.0, "source": "msba_directory"}}, {"type": "Feature", "geometry": {"type": "Point", "coordinates": [-117.1305657, 32.7225561]}, "properties": {"organization": "Pathfinders of San Diego", "org_key": "pathfinders-of-san-diego", "services": ["healthcare"], "category_raw": "Mental Health and Substance Use Disorder Services", "service_types_detail": ["Emergency Shelter & Crisis Intervention", "Substance Abuse Disorder"], "address": "2980 CEDAR ST\nSAN DIEGO, CA 92102", "inside_downtown_boundary": false, "distance_from_boundary_mi": 0.87, "source": "msba_directory"}}, {"type": "Feature", "geometry": {"type": "Point", "coordinates": [-117.1534513, 32.7643259]}, "properties": {"organization": "Planned Parenthood of the Pacific Southwest", "org_key": "planned-parenthood-of-the-pacific-southwest", "services": ["healthcare"], "category_raw": "Mental Health and Substance Use Disorder Services", "service_types_detail": ["Mental Health Services"], "address": "1075 CAMINO DEL RIO S\nSAN DIEGO, CA 92108", "inside_downtown_boundary": false, "distance_from_boundary_mi": 2.82, "source": "msba_directory"}}, {"type": "Feature", "geometry": {"type": "Point", "coordinates": [-117.1636359, 32.7265473]}, "properties": {"organization": "Planned Parenthood of the Pacific Southwest", "org_key": "planned-parenthood-of-the-pacific-southwest", "services": ["healthcare"], "category_raw": "Mental Health and Substance Use Disorder Services", "service_types_detail": ["Disability Services", "Emergency Shelter & Crisis Intervention", "Mental Health Services", "Substance Abuse Disorder"], "address": "2017 1ST AVE\nSAN DIEGO, CA 92101", "inside_downtown_boundary": false, "distance_from_boundary_mi": 0.21, "source": "msba_directory"}}, {"type": "Feature", "geometry": {"type": "Point", "coordinates": [-117.2018581, 32.7527183]}, "properties": {"organization": "Public Health Services, Health and Human Services Agency, County of San Diego", "org_key": "public-health-services-health-and-human-services-agency-county-of-san-diego", "services": ["healthcare"], "category_raw": "Mental Health and Substance Use Disorder Services", "service_types_detail": ["Case Management & Coordination", "Disability Services", "Emergency Shelter & Crisis Intervention", "Legal Assistance & Tenant Advocacy", "Senior Services", "Substance Abuse Disorder"], "address": "3851 ROSECRANS ST # 207\nSAN DIEGO, CA 92110", "inside_downtown_boundary": false, "distance_from_boundary_mi": 2.86, "source": "msba_directory"}}, {"type": "Feature", "geometry": {"type": "Point", "coordinates": [-117.1544086, 32.7159274]}, "properties": {"organization": "Your Safe Place", "org_key": "your-safe-place", "services": ["healthcare"], "category_raw": "Mental Health and Substance Use Disorder Services", "service_types_detail": ["Domestic Violence Support", "Emergency Shelter & Crisis Intervention", "Family Services", "Food & Basic Needs Assistance", "Housing Financial Assistance", "Legal Assistance & Tenant Advocacy", "Mental Health Services", "Senior Services"], "address": "1122 BROADWAY\nSAN DIEGO, CA 92101", "inside_downtown_boundary": true, "distance_from_boundary_mi": 0.0, "source": "msba_directory"}}, {"type": "Feature", "geometry": {"type": "Point", "coordinates": [-117.1029201, 32.742738]}, "properties": {"organization": "Sober Living Homes Associations of San Diego County", "org_key": "sober-living-homes-associations-of-san-diego-county", "services": ["healthcare"], "category_raw": "Mental Health and Substance Use Disorder Services", "service_types_detail": ["Emergency Shelter & Crisis Intervention", "Substance Abuse Disorder", "Transitional & Supportive Housing"], "address": "3529 VAN DYKE AVE\nSAN DIEGO, CA 92105", "inside_downtown_boundary": false, "distance_from_boundary_mi": 2.96, "source": "msba_directory"}}, {"type": "Feature", "geometry": {"type": "Point", "coordinates": [-117.1633926, 32.7538006]}, "properties": {"organization": "University of California San Diego Health", "org_key": "university-of-california-san-diego-health", "services": ["healthcare"], "category_raw": "Mental Health and Substance Use Disorder Services", "service_types_detail": ["Case Management & Coordination", "Disability Services", "Family Services", "Mental Health Services", "Senior Services"], "address": "200 W ARBOR DR\nSAN DIEGO, CA 92103", "inside_downtown_boundary": false, "distance_from_boundary_mi": 2.09, "source": "msba_directory"}}, {"type": "Feature", "geometry": {"type": "Point", "coordinates": [-117.166135, 32.7542698]}, "properties": {"organization": "University of California San Diego Health", "org_key": "university-of-california-san-diego-health", "services": ["healthcare"], "category_raw": "Mental Health and Substance Use Disorder Services", "service_types_detail": ["Emergency Shelter & Crisis Intervention", "Family Services", "Mental Health Services", "Substance Abuse Disorder"], "address": "200 W ARBOR DR\nSAN DIEGO, CA 92103", "inside_downtown_boundary": false, "distance_from_boundary_mi": 2.13, "source": "msba_directory"}}, {"type": "Feature", "geometry": {"type": "Point", "coordinates": [-117.1652264, 32.7531371]}, "properties": {"organization": "University of California San Diego Health", "org_key": "university-of-california-san-diego-health", "services": ["healthcare"], "category_raw": "Mental Health and Substance Use Disorder Services", "service_types_detail": ["Disability Services", "Emergency Shelter & Crisis Intervention", "Mental Health Services"], "address": "4168 FRONT ST\nSAN DIEGO, CA 92103", "inside_downtown_boundary": false, "distance_from_boundary_mi": 2.05, "source": "msba_directory"}}, {"type": "Feature", "geometry": {"type": "Point", "coordinates": [-117.1633926, 32.7538006]}, "properties": {"organization": "University of California San Diego Health", "org_key": "university-of-california-san-diego-health", "services": ["healthcare"], "category_raw": "Mental Health and Substance Use Disorder Services", "service_types_detail": ["Disability Services", "Mental Health Services"], "address": "200 W ARBOR DR\nSAN DIEGO, CA 92103", "inside_downtown_boundary": false, "distance_from_boundary_mi": 2.09, "source": "msba_directory"}}, {"type": "Feature", "geometry": {"type": "Point", "coordinates": [-117.166135, 32.7542698]}, "properties": {"organization": "University of California San Diego Health", "org_key": "university-of-california-san-diego-health", "services": ["healthcare"], "category_raw": "Mental Health and Substance Use Disorder Services", "service_types_detail": ["Disability Services", "Emergency Shelter & Crisis Intervention", "Mental Health Services", "Senior Services"], "address": "200 W ARBOR DR\nSAN DIEGO, CA 92103", "inside_downtown_boundary": false, "distance_from_boundary_mi": 2.13, "source": "msba_directory"}}, {"type": "Feature", "geometry": {"type": "Point", "coordinates": [-117.1053705, 32.691554]}, "properties": {"organization": "Vista Hill", "org_key": "vista-hill", "services": ["healthcare"], "category_raw": "Mental Health and Substance Use Disorder Services", "service_types_detail": ["Family Services", "Mental Health Services", "Substance Abuse Disorder"], "address": "4125 ALPHA ST\nSAN DIEGO, CA 92113", "inside_downtown_boundary": false, "distance_from_boundary_mi": 2.44, "source": "msba_directory"}}, {"type": "Feature", "geometry": {"type": "Point", "coordinates": [-117.1304047, 32.7571122]}, "properties": {"organization": "Youth and Family Services, YMCA of San Diego County", "org_key": "youth-and-family-services-ymca-of-san-diego-county", "services": ["healthcare"], "category_raw": "Mental Health and Substance Use Disorder Services", "service_types_detail": ["Family Services", "Mental Health Services", "TAY Services"], "address": "4394 30th st\nSAN DIEGO, CA 92104", "inside_downtown_boundary": false, "distance_from_boundary_mi": 2.82, "source": "msba_directory"}}, {"type": "Feature", "geometry": {"type": "Point", "coordinates": [-117.1235799, 32.713]}, "properties": {"organization": "House of Metamorphosis", "org_key": "house-of-metamorphosis", "services": ["healthcare"], "category_raw": "Mental Health and Substance Use Disorder Services", "service_types_detail": ["Emergency Shelter & Crisis Intervention", "Mental Health Services", "Substance Abuse Disorder"], "address": "722 33RD ST\nSAN DIEGO, CA 92102", "inside_downtown_boundary": false, "distance_from_boundary_mi": 1.22, "source": "msba_directory"}}, {"type": "Feature", "geometry": {"type": "Point", "coordinates": [-117.1619222, 32.7439621]}, "properties": {"organization": "HELP Therapist", "org_key": "help-therapist", "services": ["healthcare"], "category_raw": "Mental Health and Substance Use Disorder Services", "service_types_detail": ["Family Services", "Mental Health Services"], "address": "3636 4TH AVE\nSAN DIEGO, CA 92103", "inside_downtown_boundary": false, "distance_from_boundary_mi": 1.41, "source": "msba_directory"}}, {"type": "Feature", "geometry": {"type": "Point", "coordinates": [-117.1229573, 32.7556503]}, "properties": {"organization": "Union of Pan Asian Communities", "org_key": "union-of-pan-asian-communities", "services": ["healthcare"], "category_raw": "Mental Health and Substance Use Disorder Services", "service_types_detail": ["Mental Health Services", "Substance Abuse Disorder"], "address": "3288 EL CAJON BLVD STE 13\nSAN DIEGO, CA 92104", "inside_downtown_boundary": false, "distance_from_boundary_mi": 2.88, "source": "msba_directory"}}, {"type": "Feature", "geometry": {"type": "Point", "coordinates": [-117.1229573, 32.7556503]}, "properties": {"organization": "Union of Pan Asian Communities", "org_key": "union-of-pan-asian-communities", "services": ["healthcare"], "category_raw": "Mental Health and Substance Use Disorder Services", "service_types_detail": ["Mental Health Services"], "address": "3288 EL CAJON BLVD STE 13\nSAN DIEGO, CA 92104", "inside_downtown_boundary": false, "distance_from_boundary_mi": 2.88, "source": "msba_directory"}}, {"type": "Feature", "geometry": {"type": "Point", "coordinates": [-117.1398927, 32.7164103]}, "properties": {"organization": "Union of Pan Asian Communities", "org_key": "union-of-pan-asian-communities", "services": ["healthcare"], "category_raw": "Mental Health and Substance Use Disorder Services", "service_types_detail": ["Family Services", "Mental Health Services", "TAY Services"], "address": "1031 25TH ST\nSAN DIEGO, CA 92102", "inside_downtown_boundary": false, "distance_from_boundary_mi": 0.27, "source": "msba_directory"}}, {"type": "Feature", "geometry": {"type": "Point", "coordinates": [-117.1398488, 32.7145173]}, "properties": {"organization": "Community Resources and Self Help, Inc (CRASH, Inc)", "org_key": "community-resources-and-self-help-inc-crash-inc", "services": ["healthcare"], "category_raw": "Mental Health and Substance Use Disorder Services", "service_types_detail": ["Disability Services", "Emergency Shelter & Crisis Intervention", "Substance Abuse Disorder"], "address": "835 25TH ST\nSAN DIEGO, CA 92102", "inside_downtown_boundary": false, "distance_from_boundary_mi": 0.27, "source": "msba_directory"}}, {"type": "Feature", "geometry": {"type": "Point", "coordinates": [-117.142205, 32.71503]}, "properties": {"organization": "Community Resources and Self Help, Inc (CRASH, Inc)", "org_key": "community-resources-and-self-help-inc-crash-inc", "services": ["healthcare"], "category_raw": "Mental Health and Substance Use Disorder Services", "service_types_detail": ["Disability Services", "Emergency Shelter & Crisis Intervention", "Substance Abuse Disorder"], "address": "2410 E ST\nSAN DIEGO, CA 92102", "inside_downtown_boundary": false, "distance_from_boundary_mi": 0.13, "source": "msba_directory"}}, {"type": "Feature", "geometry": {"type": "Point", "coordinates": [-117.1303358, 32.6979099]}, "properties": {"organization": "Boys and Girls Clubs of Greater San Diego", "org_key": "boys-and-girls-clubs-of-greater-san-diego", "services": ["healthcare"], "category_raw": "Mental Health and Substance Use Disorder Services", "service_types_detail": ["Family Services", "Mental Health Services", "Substance Abuse Disorder", "TAY Services"], "address": "2930 MARCY AVE\nSAN DIEGO, CA 92113", "inside_downtown_boundary": false, "distance_from_boundary_mi": 0.94, "source": "msba_directory"}}, {"type": "Feature", "geometry": {"type": "Point", "coordinates": [-117.1309926, 32.6977071]}, "properties": {"organization": "Boys and Girls Clubs of Greater San Diego", "org_key": "boys-and-girls-clubs-of-greater-san-diego", "services": ["healthcare"], "category_raw": "Mental Health and Substance Use Disorder Services", "service_types_detail": ["Family Services", "Mental Health Services", "Substance Abuse Disorder", "TAY Services"], "address": "2930 MARCY AVE\nSAN DIEGO, CA 92113", "inside_downtown_boundary": false, "distance_from_boundary_mi": 0.91, "source": "msba_directory"}}, {"type": "Feature", "geometry": {"type": "Point", "coordinates": [-117.13997, 32.7193223]}, "properties": {"organization": "The Turning Point Home", "org_key": "the-turning-point-home", "services": ["healthcare"], "category_raw": "Mental Health and Substance Use Disorder Services", "service_types_detail": ["Emergency Shelter & Crisis Intervention", "Substance Abuse Disorder"], "address": "1315 25TH ST\nSAN DIEGO, CA 92102", "inside_downtown_boundary": false, "distance_from_boundary_mi": 0.28, "source": "msba_directory"}}, {"type": "Feature", "geometry": {"type": "Point", "coordinates": [-117.1415836, 32.6964999]}, "properties": {"organization": "Barrio Station", "org_key": "barrio-station", "services": ["healthcare"], "category_raw": "Mental Health and Substance Use Disorder Services", "service_types_detail": ["Family Services", "Mental Health Services", "Substance Abuse Disorder"], "address": "2175 NEWTON AVE\nSAN DIEGO, CA 92113", "inside_downtown_boundary": false, "distance_from_boundary_mi": 0.58, "source": "msba_directory"}}, {"type": "Feature", "geometry": {"type": "Point", "coordinates": [-117.1397723, 32.7191132]}, "properties": {"organization": "The Way Back", "org_key": "the-way-back", "services": ["healthcare"], "category_raw": "Mental Health and Substance Use Disorder Services", "service_types_detail": ["Emergency Shelter & Crisis Intervention", "Substance Abuse Disorder"], "address": "2516 A ST\nSAN DIEGO, CA 92102", "inside_downtown_boundary": false, "distance_from_boundary_mi": 0.29, "source": "msba_directory"}}, {"type": "Feature", "geometry": {"type": "Point", "coordinates": [-117.1694459, 32.7315867]}, "properties": {"organization": "The Meeting Place Clubhouse, Inc.", "org_key": "the-meeting-place-clubhouse-inc", "services": ["healthcare"], "category_raw": "Mental Health and Substance Use Disorder Services", "service_types_detail": ["Disability Services", "Mental Health Services"], "address": "2553 STATE ST\nSAN DIEGO, CA 92101", "inside_downtown_boundary": false, "distance_from_boundary_mi": 0.63, "source": "msba_directory"}}, {"type": "Feature", "geometry": {"type": "Point", "coordinates": [-117.127936, 32.7120169]}, "properties": {"organization": "Arc of San Diego", "org_key": "arc-of-san-diego", "services": ["healthcare"], "category_raw": "Mental Health and Substance Use Disorder Services", "service_types_detail": ["Disability Services", "Mental Health Services"], "address": "3030 MARKET ST\nSAN DIEGO, CA 92102", "inside_downtown_boundary": false, "distance_from_boundary_mi": 0.96, "source": "msba_directory"}}, {"type": "Feature", "geometry": {"type": "Point", "coordinates": [-117.1343212, 32.7434848]}, "properties": {"organization": "New Entra Casa", "org_key": "new-entra-casa", "services": ["healthcare"], "category_raw": "Mental Health and Substance Use Disorder Services", "service_types_detail": ["Case Management & Coordination", "Disability Services", "Emergency Shelter & Crisis Intervention", "Family Services", "Mental Health Services", "Substance Abuse Disorder"], "address": "3575 PERSHING AVE\nSAN DIEGO, CA 92104", "inside_downtown_boundary": false, "distance_from_boundary_mi": 1.86, "source": "msba_directory"}}, {"type": "Feature", "geometry": {"type": "Point", "coordinates": [-117.1618375, 32.7431675]}, "properties": {"organization": "Crossroads Foundation", "org_key": "crossroads-foundation", "services": ["healthcare"], "category_raw": "Mental Health and Substance Use Disorder Services", "service_types_detail": ["Transitional & Supportive Housing"], "address": "3594 4TH AVE\nSAN DIEGO, CA 92103", "inside_downtown_boundary": false, "distance_from_boundary_mi": 1.36, "source": "msba_directory"}}, {"type": "Feature", "geometry": {"type": "Point", "coordinates": [-117.1080799, 32.7471032]}, "properties": {"organization": "Stepping Stone of San Diego, Inc.", "org_key": "stepping-stone-of-san-diego-inc", "services": ["healthcare"], "category_raw": "Mental Health and Substance Use Disorder Services", "service_types_detail": ["Disability Services", "Emergency Shelter & Crisis Intervention", "Mental Health Services", "Substance Abuse Disorder"], "address": "3767 CENTRAL AVE\nSAN DIEGO, CA 92105", "inside_downtown_boundary": false, "distance_from_boundary_mi": 2.92, "source": "msba_directory"}}, {"type": "Feature", "geometry": {"type": "Point", "coordinates": [-117.1281758, 32.7490807]}, "properties": {"organization": "Stepping Stone of San Diego, Inc.", "org_key": "stepping-stone-of-san-diego-inc", "services": ["healthcare"], "category_raw": "Mental Health and Substance Use Disorder Services", "service_types_detail": ["Mental Health Services", "Substance Abuse Disorder"], "address": "3928 ILLINOIS ST\nSAN DIEGO, CA 92104", "inside_downtown_boundary": false, "distance_from_boundary_mi": 2.34, "source": "msba_directory"}}, {"type": "Feature", "geometry": {"type": "Point", "coordinates": [-117.1054982, 32.7113844]}, "properties": {"organization": "Center for Employment Training San Diego", "org_key": "center-for-employment-training-san-diego", "services": ["healthcare"], "category_raw": "Mental Health and Substance Use Disorder Services", "service_types_detail": ["Emergency Shelter & Crisis Intervention", "Food & Basic Needs Assistance", "Housing Search & Navigation", "Mental Health Services", "Substance Abuse Disorder"], "address": "4153 MARKET ST STE C\nSAN DIEGO, CA 92102", "inside_downtown_boundary": false, "distance_from_boundary_mi": 2.27, "source": "msba_directory"}}, {"type": "Feature", "geometry": {"type": "Point", "coordinates": [-117.2092383, 32.7459846]}, "properties": {"organization": "Fleet and Family Support Centers", "org_key": "fleet-and-family-support-centers", "services": ["healthcare"], "category_raw": "Mental Health and Substance Use Disorder Services", "service_types_detail": ["Family Services", "Mental Health Services", "Veteran Services"], "address": "3207 ROSECRANS PL\nSAN DIEGO, CA 92110", "inside_downtown_boundary": false, "distance_from_boundary_mi": 2.81, "source": "msba_directory"}}, {"type": "Feature", "geometry": {"type": "Point", "coordinates": [-117.145811, 32.7245108]}, "properties": {"organization": "Naval Medical Center San Diego", "org_key": "naval-medical-center-san-diego", "services": ["healthcare"], "category_raw": "Mental Health and Substance Use Disorder Services", "service_types_detail": ["Emergency Shelter & Crisis Intervention", "Family Services", "Mental Health Services", "Veteran Services"], "address": "34800 BOB WILSON DR\nSAN DIEGO, CA 92134", "inside_downtown_boundary": false, "distance_from_boundary_mi": 0.45, "source": "msba_directory"}}, {"type": "Feature", "geometry": {"type": "Point", "coordinates": [-117.145811, 32.7245108]}, "properties": {"organization": "Naval Medical Center San Diego", "org_key": "naval-medical-center-san-diego", "services": ["healthcare"], "category_raw": "Mental Health and Substance Use Disorder Services", "service_types_detail": ["Family Services", "Mental Health Services"], "address": "34800 BOB WILSON DR\nSAN DIEGO, CA 92134", "inside_downtown_boundary": false, "distance_from_boundary_mi": 0.45, "source": "msba_directory"}}, {"type": "Feature", "geometry": {"type": "Point", "coordinates": [-117.145811, 32.7245108]}, "properties": {"organization": "Naval Medical Center San Diego", "org_key": "naval-medical-center-san-diego", "services": ["healthcare"], "category_raw": "Mental Health and Substance Use Disorder Services", "service_types_detail": ["Substance Abuse Disorder"], "address": "34800 BOB WILSON DR\nSAN DIEGO, CA 92134", "inside_downtown_boundary": false, "distance_from_boundary_mi": 0.45, "source": "msba_directory"}}, {"type": "Feature", "geometry": {"type": "Point", "coordinates": [-117.1968116, 32.7424695]}, "properties": {"organization": "Marine and Family Services, Marine Corps Recruit Depot", "org_key": "marine-and-family-services-marine-corps-recruit-depot", "services": ["healthcare"], "category_raw": "Mental Health and Substance Use Disorder Services", "service_types_detail": ["Mental Health Services", "Substance Abuse Disorder"], "address": "4025 TRIPOLI AVE BLDG 14\nSAN DIEGO, CA 92140", "inside_downtown_boundary": false, "distance_from_boundary_mi": 2.12, "source": "msba_directory"}}, {"type": "Feature", "geometry": {"type": "Point", "coordinates": [-117.2009026, 32.7426727]}, "properties": {"organization": "Marine and Family Services, Marine Corps Recruit Depot", "org_key": "marine-and-family-services-marine-corps-recruit-depot", "services": ["healthcare"], "category_raw": "Mental Health and Substance Use Disorder Services", "service_types_detail": ["Family Services", "Mental Health Services", "Veteran Services"], "address": "3602 HOCHMUTH AVE BLDG 5E\nSAN DIEGO, CA 92140", "inside_downtown_boundary": false, "distance_from_boundary_mi": 2.3, "source": "msba_directory"}}, {"type": "Feature", "geometry": {"type": "Point", "coordinates": [-117.2019317, 32.7531773]}, "properties": {"organization": "Mental Health Systems, Inc.", "org_key": "mental-health-systems-inc", "services": ["healthcare"], "category_raw": "Mental Health and Substance Use Disorder Services", "service_types_detail": ["Case Management & Coordination", "Family Services", "Mental Health Services", "Substance Abuse Disorder"], "address": "3841 ROSECRANS ST\nSAN DIEGO, CA 92110", "inside_downtown_boundary": false, "distance_from_boundary_mi": 2.89, "source": "msba_directory"}}, {"type": "Feature", "geometry": {"type": "Point", "coordinates": [-117.1607576, 32.7212763]}, "properties": {"organization": "Serving Seniors", "org_key": "serving-seniors", "services": ["healthcare"], "category_raw": "Mental Health and Substance Use Disorder Services", "service_types_detail": ["Case Management & Coordination", "Mental Health Services", "Senior Services"], "address": "1525 4TH AVE # 200\nSAN DIEGO, CA 92101", "inside_downtown_boundary": true, "distance_from_boundary_mi": 0.0, "source": "msba_directory"}}, {"type": "Feature", "geometry": {"type": "Point", "coordinates": [-117.1624578, 32.7512869]}, "properties": {"organization": "Family Health Centers of San Diego", "org_key": "family-health-centers-of-san-diego", "services": ["healthcare"], "category_raw": "Mental Health and Substance Use Disorder Services", "service_types_detail": ["Case Management & Coordination", "Mental Health Services", "Substance Abuse Disorder"], "address": "4065 3RD AVE\nSAN DIEGO, CA 92103", "inside_downtown_boundary": false, "distance_from_boundary_mi": 1.92, "source": "msba_directory"}}, {"type": "Feature", "geometry": {"type": "Point", "coordinates": [-117.1499313, 32.7160895]}, "properties": {"organization": "Family Health Centers of San Diego", "org_key": "family-health-centers-of-san-diego", "services": ["healthcare"], "category_raw": "Mental Health and Substance Use Disorder Services", "service_types_detail": ["Case Management & Coordination", "Disability Services", "Emergency Shelter & Crisis Intervention", "Mental Health Services", "Senior Services", "Substance Abuse Disorder"], "address": "1550 BROADWAY\nSAN DIEGO, CA 92101", "inside_downtown_boundary": true, "distance_from_boundary_mi": 0.0, "source": "msba_directory"}}, {"type": "Feature", "geometry": {"type": "Point", "coordinates": [-117.1424793, 32.7050475]}, "properties": {"organization": "Family Health Centers of San Diego", "org_key": "family-health-centers-of-san-diego", "services": ["healthcare"], "category_raw": "Mental Health and Substance Use Disorder Services", "service_types_detail": ["Case Management & Coordination", "Disability Services", "Emergency Shelter & Crisis Intervention", "Mental Health Services", "Senior Services", "Substance Abuse Disorder"], "address": "2325 COMMERCIAL ST STE 1400\nSAN DIEGO, CA 92113", "inside_downtown_boundary": false, "distance_from_boundary_mi": 0.12, "source": "msba_directory"}}, {"type": "Feature", "geometry": {"type": "Point", "coordinates": [-117.1619983, 32.7517207]}, "properties": {"organization": "Family Health Centers of San Diego", "org_key": "family-health-centers-of-san-diego", "services": ["healthcare"], "category_raw": "Mental Health and Substance Use Disorder Services", "service_types_detail": ["Case Management & Coordination", "Disability Services", "Emergency Shelter & Crisis Intervention", "Mental Health Services", "Senior Services", "Substance Abuse Disorder"], "address": "4094 4TH AVE\nSAN DIEGO, CA 92103", "inside_downtown_boundary": false, "distance_from_boundary_mi": 1.95, "source": "msba_directory"}}, {"type": "Feature", "geometry": {"type": "Point", "coordinates": [-117.1624816, 32.7176855]}, "properties": {"organization": "McAlister Institute for Treatment and Education", "org_key": "mcalister-institute-for-treatment-and-education", "services": ["healthcare"], "category_raw": "Mental Health and Substance Use Disorder Services", "service_types_detail": ["Mental Health Services", "Substance Abuse Disorder"], "address": "1180 3RD AVE # C3 # C5\nSAN DIEGO, CA 92101", "inside_downtown_boundary": true, "distance_from_boundary_mi": 0.0, "source": "msba_directory"}}, {"type": "Feature", "geometry": {"type": "Point", "coordinates": [-117.1618989, 32.743894]}, "properties": {"organization": "HELP Therapist", "org_key": "help-therapist", "services": ["healthcare"], "category_raw": "Mental Health and Substance Use Disorder Services", "service_types_detail": ["Legal Assistance & Tenant Advocacy", "Mental Health Services"], "address": "3636 4TH AVE\nSAN DIEGO, CA 92103", "inside_downtown_boundary": false, "distance_from_boundary_mi": 1.41, "source": "msba_directory"}}, {"type": "Feature", "geometry": {"type": "Point", "coordinates": [-117.1606789, 32.7358412]}, "properties": {"organization": "College Area Pregnancy Services, Inc.", "org_key": "college-area-pregnancy-services-inc", "services": ["healthcare"], "category_raw": "Mental Health and Substance Use Disorder Services", "service_types_detail": ["Family Services", "Mental Health Services"], "address": "2918 5TH AVE STE 209\nSAN DIEGO, CA 92103", "inside_downtown_boundary": false, "distance_from_boundary_mi": 0.85, "source": "msba_directory"}}, {"type": "Feature", "geometry": {"type": "Point", "coordinates": [-117.1605922, 32.7200729]}, "properties": {"organization": "Urban Street Angels", "org_key": "urban-street-angels", "services": ["healthcare"], "category_raw": "Mental Health and Substance Use Disorder Services", "service_types_detail": ["Case Management & Coordination", "Emergency Shelter & Crisis Intervention", "Food & Basic Needs Assistance", "Homelessness Prevention & Diversion", "Mental Health Services", "Substance Abuse Disorder", "TAY Services", "Transitional & Supportive Housing"], "address": "1404 5TH AVE\nSAN DIEGO, CA 92101", "inside_downtown_boundary": true, "distance_from_boundary_mi": 0.0, "source": "msba_directory"}}, {"type": "Feature", "geometry": {"type": "Point", "coordinates": [-117.1746061, 32.7580756]}, "properties": {"organization": "Veterans Navigation Center (VNC)", "org_key": "veterans-navigation-center-vnc", "services": ["healthcare"], "category_raw": "Mental Health and Substance Use Disorder Services", "service_types_detail": ["Mental Health Services"], "address": "4420 HOTEL CIRCLE CT STE 300\nSAN DIEGO, CA 92108", "inside_downtown_boundary": false, "distance_from_boundary_mi": 2.46, "source": "msba_directory"}}, {"type": "Feature", "geometry": {"type": "Point", "coordinates": [-117.1469499, 32.7014205]}, "properties": {"organization": "Family Health Centers of San Diego", "org_key": "family-health-centers-of-san-diego", "services": ["healthcare"], "category_raw": "Mental Health and Substance Use Disorder Services", "service_types_detail": ["Emergency Shelter & Crisis Intervention", "Mental Health Services"], "address": "1809 NATIONAL AVE\nSAN DIEGO, CA 92113", "inside_downtown_boundary": false, "distance_from_boundary_mi": 0.21, "source": "msba_directory"}}, {"type": "Feature", "geometry": {"type": "Point", "coordinates": [-117.1229247, 32.7556355]}, "properties": {"organization": "Union of Pan Asian Communities", "org_key": "union-of-pan-asian-communities", "services": ["healthcare"], "category_raw": "Mental Health and Substance Use Disorder Services", "service_types_detail": ["Case Management & Coordination", "Disability Services", "Family Services", "Mental Health Services", "Senior Services", "Substance Abuse Disorder"], "address": "3288 EL CAJON BLVD STE 9\nSAN DIEGO, CA 92104", "inside_downtown_boundary": false, "distance_from_boundary_mi": 2.88, "source": "msba_directory"}}, {"type": "Feature", "geometry": {"type": "Point", "coordinates": [-117.1926975, 32.7448068]}, "properties": {"organization": "Father Joe's Villages", "org_key": "father-joes-villages", "services": ["healthcare"], "category_raw": "Mental Health and Substance Use Disorder Services", "service_types_detail": ["Case Management & Coordination", "Emergency Shelter & Crisis Intervention", "Homelessness Prevention & Diversion", "Housing Education & Counseling", "Mental Health Services", "Transitional & Supportive Housing"], "address": "4141 PACIFIC HWY\nSAN DIEGO, CA 92110", "inside_downtown_boundary": false, "distance_from_boundary_mi": 2.1, "source": "msba_directory"}}, {"type": "Feature", "geometry": {"type": "Point", "coordinates": [-117.1287509, 32.7066389]}, "properties": {"organization": "Logan Heights Community Development Corporation", "org_key": "logan-heights-community-development-corporation", "services": ["healthcare"], "category_raw": "Mental Health and Substance Use Disorder Services", "service_types_detail": ["Case Management & Coordination", "Disability Services", "Family Services", "Mental Health Services", "Senior Services", "TAY Services"], "address": "3040 IMPERIAL AVE\nSAN DIEGO, CA 92102", "inside_downtown_boundary": false, "distance_from_boundary_mi": 0.92, "source": "msba_directory"}}, {"type": "Feature", "geometry": {"type": "Point", "coordinates": [-117.1025233, 32.7036574]}, "properties": {"organization": "Able-Disabled Advocacy", "org_key": "able-disabled-advocacy", "services": ["healthcare"], "category_raw": "Mental Health and Substance Use Disorder Services", "service_types_detail": ["Mental Health Services", "Veteran Services"], "address": "4389 IMPERIAL AVE\nSAN DIEGO, CA 92113", "inside_downtown_boundary": false, "distance_from_boundary_mi": 2.44, "source": "msba_directory"}}]}